Age,Gender,BMI,Sleep_Hours,Stress_Level,Screen_Time_Hours,Water_Intake_Liters,Caffeine_Intake_mg,Physical_Activity_Hours,Skipped_Meals_Per_Week,Family_History,Hormonal_Changes,Weather_Sensitivity,Smoking,Alcohol_Consumption,Light_Sensitivity_Score,Noise_Sensitivity_Score,Prior_Migraine_Frequency_Monthly,Migraine_Risk
19,Male,17.5,6.1,4.3,4.0,2.39,174.0,0.0,2,1,0,1,0,0,4.7,3.4,3,Medium
57,Male,31.3,7.3,9.5,9.0,2.15,144.0,0.0,2,1,0,1,0,0,7.0,2.6,4,High
51,Female,29.1,8.5,5.8,9.2,2.81,179.0,0.0,2,1,1,1,0,0,5.3,1.3,4,High
39,Male,26.1,6.4,3.9,4.7,1.79,0.0,3.6,3,0,0,0,0,0,5.1,1.4,0,Low
38,Female,25.2,6.3,3.0,11.8,2.26,356.0,0.6,0,0,0,0,0,0,6.2,3.6,1,Low
62,Male,30.7,5.5,1.7,4.0,2.58,328.0,4.4,1,1,0,1,0,0,4.5,5.0,2,Low
19,Male,30.0,2.7,3.4,8.9,3.62,23.0,2.8,4,1,0,1,0,1,3.1,8.0,1,High
53,Female,29.7,6.6,6.9,10.1,3.35,214.0,3.2,2,1,1,1,0,0,4.4,3.2,2,High
26,Female,26.6,5.4,4.3,2.2,3.11,0.0,2.0,2,0,0,1,0,1,4.1,1.7,2,Low
20,Male,22.9,4.8,3.1,7.6,2.68,159.0,2.4,2,0,0,0,1,0,6.0,5.2,1,Low
43,Female,28.0,7.2,3.3,0.0,1.75,0.0,1.0,3,0,1,0,1,1,2.8,3.3,2,Low
68,Male,28.2,4.2,6.6,8.3,2.68,118.0,1.2,0,0,0,1,0,1,7.9,7.6,3,Medium
55,Male,23.6,7.8,5.0,2.9,1.48,96.0,0.6,2,0,0,1,0,0,5.8,6.3,2,Medium
56,Male,22.9,7.3,3.8,7.6,1.94,277.0,6.3,2,0,0,0,0,0,8.0,6.0,0,Low
54,Female,29.6,5.9,4.5,8.1,3.52,334.0,2.1,3,0,0,1,0,0,4.4,1.2,6,Medium
58,Male,32.0,6.4,10.0,9.1,2.53,336.0,0.0,5,0,0,0,0,0,1.7,3.1,4,High
43,Male,21.1,4.6,7.9,8.5,2.28,277.0,3.6,5,1,0,1,1,1,1.9,7.0,2,High
22,Female,23.3,7.7,8.4,6.2,2.38,159.0,1.2,3,1,0,0,0,0,3.4,4.0,2,High
61,Female,26.1,6.8,1.3,4.9,2.02,193.0,2.9,3,0,1,1,0,0,2.4,1.0,1,Low
39,Female,26.7,6.9,4.9,5.8,0.38,192.0,2.4,4,1,1,1,0,0,1.1,8.6,1,Medium
42,Female,22.1,7.3,3.8,2.9,1.09,20.0,6.3,2,1,1,0,0,1,5.5,3.8,1,Low
35,Male,33.0,5.5,6.4,5.4,2.59,276.0,2.2,2,0,0,0,0,0,5.8,5.3,1,Medium
25,Female,26.4,4.1,7.5,5.2,1.36,226.0,4.8,3,1,1,0,0,0,4.4,5.6,3,High
65,Male,26.9,8.0,5.9,3.8,2.01,231.0,4.6,3,0,0,0,0,1,8.5,4.3,2,Medium
57,Female,32.4,7.6,3.3,1.1,1.12,0.0,0.0,4,0,0,1,0,0,4.9,7.4,4,Low
50,Female,22.5,5.6,3.7,2.4,1.53,200.0,3.4,1,0,0,1,0,1,4.2,4.2,1,Low
37,Female,24.1,7.2,6.6,0.0,2.1,261.0,1.3,4,1,1,0,0,1,4.3,3.8,4,High
60,Male,18.9,8.5,6.8,5.1,2.84,148.0,0.3,4,0,0,0,0,1,6.9,10.0,0,Low
44,Male,23.7,8.3,5.5,7.0,3.0,95.0,0.3,2,0,0,0,0,1,1.6,1.0,3,Low
39,Female,17.8,5.6,5.5,0.0,1.51,0.0,4.8,4,0,1,1,0,0,1.0,5.0,0,Medium
39,Male,27.9,4.1,5.3,6.7,2.35,0.0,8.8,1,1,0,0,0,0,5.5,5.5,1,Medium
27,Female,26.4,4.4,5.8,5.7,0.96,167.0,1.2,2,1,1,0,0,1,5.5,6.1,2,High
20,Female,23.3,6.0,6.8,2.7,2.15,124.0,3.5,2,0,0,1,0,0,6.5,9.3,1,High
45,Female,24.0,8.8,6.6,4.8,2.86,123.0,3.7,2,1,1,0,0,0,4.9,4.9,0,Medium
63,Other,27.9,5.3,5.3,8.9,2.05,318.0,1.8,2,0,0,1,1,0,9.4,1.9,0,Low
18,Male,19.4,5.5,5.1,3.3,3.15,12.0,6.1,1,1,0,1,1,0,7.1,5.2,2,Medium
62,Male,25.4,5.5,5.0,6.2,2.77,112.0,7.8,1,0,0,0,0,1,1.0,4.5,0,Low
60,Female,27.6,5.6,3.5,7.0,2.29,336.0,1.7,2,1,0,1,1,0,1.6,7.4,3,High
30,Female,16.5,6.5,3.5,3.7,1.9,116.0,6.8,4,0,1,0,1,0,1.0,6.3,2,Medium
49,Male,27.6,4.5,6.4,8.8,1.67,157.0,1.8,3,0,0,1,0,0,5.2,4.1,2,Medium
24,Female,17.0,8.2,3.6,7.1,0.93,131.0,0.9,2,1,0,0,0,0,5.5,3.5,1,Low
56,Male,24.0,6.3,7.0,5.3,1.06,228.0,2.7,3,1,0,1,1,0,9.3,5.6,0,High
53,Male,19.3,10.5,5.1,12.6,2.9,0.0,4.9,1,0,0,1,0,1,3.2,5.3,1,Medium
34,Female,30.9,4.6,7.0,8.8,3.31,128.0,2.8,3,1,0,0,0,0,2.8,1.0,0,Low
18,Male,19.3,9.0,6.6,1.3,1.24,156.0,4.6,3,0,0,1,0,0,5.6,1.2,0,Low
68,Other,17.1,8.7,7.1,4.9,2.15,40.0,3.5,3,0,0,0,0,0,2.4,5.7,2,Medium
39,Female,25.1,5.8,4.2,12.9,0.84,188.0,6.0,1,0,0,0,0,0,4.4,2.2,1,Low
64,Male,22.6,5.9,6.1,3.2,1.32,237.0,4.2,2,0,0,1,0,0,7.3,1.3,1,Low
52,Male,17.7,5.0,6.8,6.2,2.31,200.0,6.4,3,0,0,0,0,0,6.9,5.4,4,High
57,Female,26.9,5.0,1.8,9.4,1.69,346.0,1.1,1,0,0,0,1,0,7.7,1.7,1,Low
56,Male,15.5,6.5,8.9,7.8,0.57,102.0,2.6,5,0,0,0,1,0,1.7,3.9,2,High
25,Female,19.8,6.5,10.0,8.2,3.48,205.0,3.0,2,0,0,1,0,1,6.4,6.4,2,High
35,Male,21.9,3.9,7.3,8.1,2.06,202.0,1.1,0,0,0,0,0,0,5.0,1.8,6,Medium
40,Male,28.1,10.2,7.0,6.1,1.22,124.0,0.8,2,0,0,0,0,0,10.0,5.8,2,Low
42,Male,30.3,6.1,6.5,3.8,2.2,275.0,3.8,1,0,0,1,0,0,6.8,6.5,3,Medium
17,Female,29.5,6.6,4.5,7.2,2.04,182.0,4.5,1,1,1,0,0,0,5.0,2.1,2,Low
45,Male,23.8,5.5,5.0,4.9,2.44,18.0,3.2,3,0,0,0,0,0,7.6,8.2,2,High
23,Female,15.0,6.1,7.3,4.7,1.83,233.0,5.3,0,0,0,1,0,1,6.5,2.7,6,High
55,Female,26.3,5.9,3.1,10.2,2.35,95.0,0.6,3,0,0,1,0,0,6.9,5.3,3,Medium
52,Female,31.1,6.5,2.9,4.9,2.85,114.0,2.1,1,0,0,0,1,0,6.3,2.0,2,Low
65,Male,30.1,6.5,4.3,10.8,1.05,123.0,0.4,0,1,0,0,1,1,4.1,2.6,2,Medium
55,Female,26.6,7.8,6.6,6.7,1.55,231.0,3.3,0,1,0,0,0,1,4.0,8.0,3,Medium
35,Female,19.1,6.9,3.3,5.6,2.77,269.0,4.1,0,0,0,1,0,0,6.8,8.7,1,Low
68,Male,22.1,7.6,4.7,0.9,1.66,132.0,6.0,5,0,0,1,0,0,3.5,6.8,3,Low
37,Female,33.2,6.5,5.0,11.9,2.03,126.0,0.4,0,0,0,1,0,1,5.5,3.4,3,Medium
32,Female,18.1,6.9,3.0,6.0,1.72,0.0,3.8,0,1,0,1,0,0,6.3,2.1,3,Low
64,Female,19.3,6.1,1.0,0.0,1.77,72.0,6.2,0,0,0,0,0,0,3.6,1.0,0,Low
35,Female,28.7,8.1,2.9,8.8,1.71,46.0,0.8,1,0,0,0,0,0,6.1,5.0,4,Low
19,Male,22.6,7.0,5.8,5.9,1.09,184.0,0.3,3,0,0,0,0,1,5.1,1.0,1,Low
40,Female,19.2,6.2,6.3,3.4,2.47,138.0,0.0,1,0,0,1,0,1,4.1,3.7,1,Low
58,Female,31.4,6.2,6.3,8.6,2.95,50.0,4.4,4,0,1,1,0,0,7.0,5.7,6,High
25,Male,26.6,6.3,6.5,0.0,1.96,167.0,1.4,4,0,0,0,0,0,1.9,2.3,2,Low
40,Male,22.8,6.5,3.8,4.0,2.86,143.0,4.1,2,0,0,1,0,0,1.9,4.3,4,Low
22,Male,19.3,6.4,3.4,5.2,1.71,0.0,2.5,4,0,0,0,1,0,5.1,3.4,3,Low
52,Male,33.7,5.6,6.0,8.4,1.66,272.0,7.0,2,0,0,0,0,0,2.2,5.7,2,Medium
41,Male,24.4,7.7,4.7,12.3,2.43,261.0,4.7,0,1,0,0,0,1,8.2,4.5,1,Medium
33,Female,30.8,7.8,7.2,5.3,2.44,124.0,1.2,2,0,1,0,0,0,4.2,2.9,0,Low
27,Male,28.5,9.4,6.0,7.3,2.01,189.0,2.3,0,0,0,1,0,0,1.5,1.2,1,Low
46,Male,22.2,5.5,8.0,13.7,2.64,114.0,4.7,0,0,0,0,0,0,4.6,9.2,2,Medium
51,Female,22.2,7.6,4.2,6.0,1.07,0.0,0.6,3,1,0,1,0,0,9.5,3.0,3,High
66,Female,31.0,3.4,7.5,7.3,1.86,388.0,5.6,2,1,1,1,0,1,2.8,2.4,3,High
39,Female,31.1,7.8,9.7,2.5,2.87,232.0,2.4,1,0,0,0,0,0,3.5,7.4,4,Low
23,Male,16.1,4.2,5.3,11.5,2.87,253.0,4.8,3,1,0,0,1,1,6.4,4.2,2,Medium
60,Male,27.0,4.9,6.3,4.0,2.77,119.0,2.6,2,0,0,0,0,1,8.5,6.8,2,High
49,Male,24.0,7.0,3.2,6.8,2.92,274.0,1.8,3,0,0,1,0,0,2.5,4.5,1,Medium
53,Female,19.9,5.5,7.2,6.7,1.8,0.0,1.5,1,1,1,1,0,0,3.1,5.2,2,High
20,Female,25.7,5.3,7.7,6.2,0.74,123.0,6.8,3,0,0,0,0,0,1.1,5.7,6,Medium
32,Female,18.4,5.7,4.1,4.8,1.89,231.0,2.4,3,1,0,1,0,0,5.0,4.5,4,High
57,Female,22.4,7.7,6.5,6.7,2.61,81.0,9.8,2,1,1,1,0,0,5.6,2.1,2,Low
60,Male,20.9,5.0,5.8,10.9,2.74,250.0,3.3,5,1,0,1,0,0,7.3,3.5,2,Medium
38,Male,22.3,6.4,6.1,12.4,1.68,183.0,1.1,4,0,0,1,0,0,6.1,1.0,4,High
59,Male,24.2,5.9,7.0,5.5,1.33,173.0,0.0,1,0,0,1,0,1,5.3,6.2,2,Medium
61,Male,19.9,7.8,6.3,4.7,1.41,71.0,5.7,1,1,0,1,0,1,5.7,2.8,2,Medium
36,Male,31.6,7.9,4.9,3.7,1.67,194.0,2.6,2,0,0,1,0,1,6.5,1.6,0,Low
64,Female,26.7,3.6,7.0,13.5,0.58,363.0,4.8,2,0,0,0,0,0,2.1,6.1,2,High
30,Female,32.6,8.2,7.6,6.4,1.68,169.0,8.1,1,0,0,1,0,0,5.7,4.5,3,High
28,Female,23.8,5.5,4.0,9.1,2.14,211.0,4.5,2,0,0,0,0,0,1.0,7.3,1,Low
52,Female,22.0,6.9,5.2,8.0,2.02,227.0,3.7,1,0,0,0,1,0,7.9,1.0,1,Low
50,Female,32.4,5.0,1.3,12.2,1.84,24.0,5.7,2,0,1,1,0,1,9.5,3.7,2,High
22,Female,21.9,7.1,6.5,5.3,1.55,135.0,4.8,4,1,0,0,0,1,3.6,3.1,4,Medium
60,Male,23.7,10.6,7.9,2.9,1.64,132.0,0.2,1,0,0,0,0,0,5.8,6.4,1,High
25,Female,27.7,6.7,4.6,11.2,1.66,0.0,5.9,2,1,0,0,0,0,7.0,5.0,3,Medium
59,Male,18.9,5.8,5.5,8.5,2.66,237.0,2.9,5,1,0,0,1,0,8.9,8.5,2,High
15,Male,27.7,6.1,4.7,7.3,2.1,47.0,6.4,0,1,0,1,0,0,4.7,8.7,3,Medium
58,Male,27.1,4.1,4.4,10.3,4.63,225.0,4.1,4,0,0,0,0,0,3.3,6.2,3,Low
58,Male,30.2,8.8,5.7,7.4,1.83,67.0,5.6,0,1,0,1,1,0,6.2,5.3,2,Medium
57,Female,28.5,7.0,3.5,10.4,2.45,375.0,2.5,1,0,1,0,0,0,8.3,1.2,2,Low
51,Male,30.3,4.8,4.7,6.7,1.85,119.0,0.0,2,1,0,0,0,1,5.2,6.0,3,Low
40,Female,24.0,4.9,3.2,8.5,1.83,361.0,4.2,3,1,0,0,0,1,8.4,9.7,1,Medium
53,Male,20.6,6.5,6.5,7.5,3.35,131.0,5.1,0,1,0,0,1,0,7.5,7.7,1,High
30,Female,34.0,8.0,5.7,5.1,2.9,144.0,1.8,4,0,1,0,0,0,6.9,3.3,2,Medium
57,Female,17.6,4.7,4.3,5.4,0.7,322.0,2.6,1,0,1,1,0,1,4.9,3.9,2,High
45,Male,18.1,8.3,5.3,4.9,1.28,49.0,0.0,3,1,0,1,0,0,4.4,8.9,0,Medium
40,Male,27.0,6.4,4.7,6.7,1.99,155.0,2.7,2,0,0,0,0,0,9.3,1.9,1,High
42,Female,31.8,5.0,7.7,4.7,1.69,209.0,0.2,1,0,0,0,0,0,2.8,5.2,3,Medium
46,Male,25.4,5.8,4.2,7.2,0.89,194.0,4.1,0,0,0,0,0,0,6.3,3.0,3,Low
17,Female,29.0,9.3,6.6,7.1,2.19,155.0,3.7,2,0,0,0,0,0,6.1,3.5,2,Medium
22,Male,15.5,4.3,3.6,6.6,0.6,140.0,3.0,3,0,0,0,0,0,5.9,5.6,0,Medium
28,Female,22.3,5.3,7.0,6.6,2.2,243.0,5.9,1,0,0,1,0,0,2.3,6.0,3,Medium
21,Female,16.1,8.0,7.5,4.4,2.68,169.0,3.5,1,1,1,0,0,0,5.2,3.4,6,Medium
39,Female,28.0,6.8,7.6,5.2,2.8,256.0,3.4,2,1,1,0,0,1,3.7,6.7,2,Medium
51,Female,17.5,5.2,8.4,1.3,1.98,193.0,3.7,0,1,1,0,0,1,7.3,6.4,2,High
50,Female,18.7,8.0,5.8,5.7,3.31,222.0,1.7,1,0,1,1,0,0,5.6,6.5,4,Medium
40,Female,26.8,8.1,7.9,3.2,2.37,275.0,5.2,1,1,1,0,1,1,8.7,5.1,3,High
62,Female,29.3,7.0,8.8,6.3,2.78,116.0,1.0,2,1,1,0,0,1,8.6,8.2,2,High
46,Female,23.8,5.5,2.7,4.0,1.51,272.0,3.9,0,0,0,0,0,0,4.0,2.2,3,Low
19,Female,27.1,5.8,3.9,0.3,3.32,133.0,5.7,1,0,1,1,0,0,8.6,5.0,3,Medium
57,Female,26.9,7.0,1.9,12.3,2.1,0.0,0.7,0,0,0,1,0,1,3.5,3.7,2,Low
46,Male,23.5,4.4,7.5,5.4,3.36,114.0,0.0,1,0,0,0,0,0,8.3,5.4,2,Low
49,Male,19.6,8.6,1.9,10.1,3.19,71.0,0.7,0,0,0,0,0,1,2.1,7.3,0,Low
46,Female,27.0,9.2,1.3,4.5,2.31,191.0,7.0,2,0,0,1,0,0,8.7,1.5,5,Low
45,Male,27.3,6.1,2.8,10.8,2.42,119.0,1.7,0,1,0,0,0,0,3.2,4.6,1,Low
19,Female,28.5,7.1,1.4,2.8,1.96,164.0,0.4,4,1,1,0,0,0,4.2,3.3,1,Medium
45,Female,25.9,8.4,5.8,6.5,1.44,262.0,3.8,4,0,1,1,0,0,4.6,7.5,1,High
58,Male,19.2,9.6,2.8,2.9,2.58,313.0,0.0,1,0,0,1,0,1,3.5,8.4,2,Low
31,Male,27.6,9.0,1.5,13.3,2.54,182.0,0.9,3,1,0,0,1,0,8.4,1.8,2,Low
48,Male,24.5,3.7,5.1,5.3,0.81,269.0,6.1,3,1,0,0,0,1,1.0,6.0,1,Medium
16,Female,22.3,6.0,5.2,8.3,2.03,131.0,0.9,4,1,1,0,1,0,6.3,10.0,3,High
34,Male,23.2,7.3,1.1,7.3,2.79,0.0,2.4,5,0,0,0,0,0,6.5,5.1,0,Low
39,Female,21.4,5.7,3.6,5.9,3.27,20.0,3.6,3,0,1,0,1,0,2.4,4.5,3,Medium
69,Female,28.5,9.4,5.0,7.4,2.68,128.0,3.6,3,1,0,0,0,1,3.9,5.6,6,High
26,Female,18.1,9.1,4.4,9.8,0.89,238.0,1.8,5,0,0,1,0,0,2.5,6.8,3,High
30,Other,20.0,5.2,4.5,7.9,1.26,129.0,4.2,1,0,0,0,0,0,4.2,8.0,2,Medium
37,Female,23.0,6.2,7.8,6.5,1.82,280.0,6.2,2,1,0,0,0,0,7.3,8.4,4,Medium
69,Male,31.8,5.3,9.9,7.5,3.22,351.0,0.7,1,0,0,1,0,0,4.1,2.2,0,Medium
61,Male,29.2,6.2,4.5,11.4,1.61,52.0,1.9,0,1,0,1,0,0,5.7,7.4,3,Medium
16,Male,17.1,6.1,2.3,4.8,2.95,384.0,2.8,1,0,0,0,0,0,4.7,4.5,1,Medium
27,Male,30.6,8.0,4.7,0.8,1.6,0.0,4.5,2,0,0,0,0,0,10.0,4.2,3,Medium
60,Male,30.6,5.1,5.6,2.9,2.53,353.0,3.1,0,1,0,1,0,0,5.3,4.0,1,Medium
18,Female,19.2,2.3,5.1,3.1,1.35,146.0,2.7,2,0,1,0,0,1,2.9,6.4,1,Medium
62,Female,15.0,3.9,6.5,3.5,1.94,124.0,0.0,3,1,0,0,1,0,5.6,3.4,1,Medium
30,Male,24.2,4.9,10.0,3.6,1.19,149.0,0.5,2,1,0,1,0,0,6.7,7.9,3,High
65,Female,29.6,5.5,1.4,5.9,3.25,62.0,3.4,1,0,0,0,1,1,3.7,4.2,4,Medium
31,Female,31.7,6.8,4.1,6.7,1.54,315.0,1.9,3,1,0,0,0,1,8.2,6.6,3,High
38,Female,20.6,4.8,8.6,6.7,0.86,74.0,2.2,3,0,1,0,0,0,1.0,6.0,1,Medium
51,Female,32.4,4.6,4.1,4.0,0.8,88.0,2.9,1,0,0,1,0,1,3.9,2.2,3,Medium
21,Female,15.0,5.0,6.9,8.8,2.03,0.0,8.2,4,0,1,1,0,0,5.1,2.4,3,Medium
45,Female,22.8,4.7,6.6,7.5,1.73,70.0,1.9,4,0,0,0,1,0,7.4,6.2,1,High
42,Male,22.6,5.6,7.9,10.4,2.62,73.0,6.1,1,0,0,1,1,0,8.5,1.3,2,Medium
58,Female,29.7,5.5,9.4,8.4,1.91,66.0,5.9,1,1,1,0,0,1,8.5,4.9,0,High
69,Other,30.3,7.6,5.9,5.0,3.03,131.0,4.8,2,1,0,1,1,1,5.4,3.5,4,Low
51,Male,28.8,4.9,1.4,9.7,1.79,27.0,1.1,1,0,0,1,0,0,7.8,3.6,0,Low
37,Female,18.4,5.9,3.7,6.8,2.92,325.0,3.3,0,0,0,1,0,1,6.7,5.5,2,Low
37,Male,28.4,5.6,10.0,8.2,1.34,133.0,2.1,0,1,0,0,0,1,5.3,7.8,1,High
37,Male,26.8,7.8,2.1,8.0,0.9,191.0,7.4,2,0,0,1,0,0,3.8,5.9,2,Low
59,Male,17.0,6.3,6.3,5.7,1.44,245.0,3.9,2,1,0,0,0,0,5.6,1.3,3,Medium
32,Female,15.2,8.2,1.0,6.3,1.2,373.0,2.5,3,0,1,0,0,0,8.2,4.7,1,Low
24,Female,29.2,4.7,2.2,5.6,1.11,250.0,6.9,1,0,0,0,0,0,5.2,6.6,1,Low
33,Female,23.7,6.4,7.2,3.6,2.43,123.0,2.2,3,0,1,0,0,0,4.1,3.8,1,Medium
16,Male,18.7,5.6,5.3,0.0,1.89,32.0,4.2,2,0,0,0,0,0,7.9,4.4,1,Low
20,Other,23.6,4.5,4.4,4.1,2.21,187.0,4.5,2,0,0,1,0,0,3.9,3.3,2,Low
19,Male,26.1,6.4,3.4,6.6,2.52,267.0,3.8,5,0,0,0,1,1,6.4,7.3,5,Low
57,Male,24.1,9.3,1.0,9.0,0.75,166.0,2.8,3,0,0,0,0,0,6.0,2.2,0,Low
54,Other,17.5,5.1,6.7,8.2,2.56,157.0,4.8,2,0,0,0,0,0,7.3,3.6,3,Medium
53,Male,33.0,6.3,4.6,5.2,1.14,173.0,1.6,2,0,0,0,0,0,7.0,2.1,2,Medium
40,Female,29.0,4.4,1.9,4.1,1.64,0.0,5.5,4,0,0,0,0,0,6.7,6.5,0,Low
54,Male,23.0,4.2,5.3,5.5,0.59,166.0,2.4,2,0,0,0,0,0,4.2,2.1,0,Low
23,Female,23.2,5.2,6.5,3.3,2.62,231.0,5.9,4,1,1,1,0,0,3.7,2.8,1,High
64,Female,26.1,5.8,4.8,0.1,0.75,145.0,5.3,2,0,0,0,1,0,5.8,3.8,3,High
42,Female,19.4,5.9,5.5,1.7,1.14,274.0,4.2,3,0,0,0,0,0,5.6,4.9,4,Medium
66,Male,26.0,6.1,5.3,9.8,1.2,277.0,2.8,2,1,0,1,1,0,10.0,3.7,0,High
23,Female,18.5,3.9,3.6,11.2,2.0,95.0,5.4,0,0,0,0,0,1,5.9,4.6,1,Low
42,Female,24.2,5.5,5.3,8.1,1.97,199.0,4.3,2,0,1,0,0,0,5.2,1.0,2,Low
53,Female,19.2,7.3,6.8,5.8,2.75,155.0,0.0,0,0,1,0,0,0,3.6,6.2,1,Medium
42,Female,19.5,4.3,7.5,2.1,2.02,0.0,1.2,1,0,1,1,0,0,2.5,5.4,0,High
39,Female,31.9,5.9,6.9,5.5,2.87,129.0,3.4,2,0,0,0,0,0,1.2,4.8,4,Medium
24,Male,24.8,7.0,3.7,7.7,2.4,37.0,3.6,2,1,0,1,1,0,2.3,1.0,2,Medium
35,Male,25.4,5.2,6.6,8.3,1.34,165.0,4.6,2,0,0,0,1,0,4.3,4.7,4,Medium
28,Female,15.4,7.0,6.2,7.9,1.57,225.0,6.4,3,0,0,1,0,0,7.4,3.0,5,Medium
31,Female,21.8,4.1,3.6,9.4,3.31,126.0,4.3,4,1,0,0,1,0,6.1,3.1,5,Medium
52,Female,26.6,7.9,4.2,11.4,3.08,51.0,0.0,2,0,0,1,1,0,2.6,4.5,1,Medium
49,Female,25.4,7.1,6.7,4.9,2.76,176.0,3.4,0,1,0,0,0,0,3.5,7.5,2,Medium
48,Male,15.0,6.6,8.2,13.9,2.86,419.0,5.7,5,0,0,1,0,0,4.7,9.0,0,High
34,Male,25.4,8.3,1.2,0.3,2.47,0.0,3.2,2,1,0,0,0,1,4.1,7.5,2,Low
67,Male,26.1,6.0,8.8,3.8,2.37,176.0,3.4,1,1,0,1,0,0,2.9,4.3,2,Medium
19,Female,30.3,5.5,7.8,6.6,2.14,90.0,1.9,4,1,0,1,1,0,1.0,8.5,1,Medium
33,Male,21.6,8.7,5.6,7.5,3.46,103.0,5.1,1,0,0,0,0,0,2.3,8.2,0,Medium
21,Female,15.0,9.4,4.7,5.5,1.73,138.0,2.2,0,0,0,0,0,0,2.5,4.8,0,Low
33,Female,20.0,5.4,6.1,4.6,2.29,112.0,4.3,1,0,0,0,0,0,7.9,1.0,4,Low
67,Male,19.6,6.3,3.8,12.2,0.73,216.0,3.9,3,0,0,0,0,0,8.5,2.6,2,High
35,Male,27.8,8.2,4.8,4.5,0.96,123.0,3.1,3,0,0,0,0,0,1.0,1.0,1,Low
64,Male,15.0,6.4,2.0,3.1,3.55,0.0,4.1,1,0,0,1,0,0,6.9,3.5,2,Low
42,Male,22.5,7.5,1.4,10.7,2.59,291.0,3.4,0,0,0,0,0,0,8.1,4.8,2,Low
53,Male,30.9,7.7,10.0,8.4,1.93,274.0,5.8,2,0,0,0,0,1,3.1,1.0,1,High
40,Male,24.5,5.6,5.3,9.1,2.16,83.0,4.5,2,1,0,1,0,1,1.0,6.7,1,Medium
29,Female,28.5,7.2,5.6,6.5,1.01,155.0,5.3,4,0,1,0,0,0,9.1,5.0,5,High
57,Female,17.1,6.5,5.1,2.1,1.76,284.0,1.3,2,1,0,0,1,0,4.5,1.0,1,Low
68,Female,17.3,4.6,3.4,6.2,0.93,264.0,1.2,2,0,1,1,0,0,8.2,5.1,0,Medium
29,Female,31.0,4.9,4.5,1.8,1.86,299.0,3.1,2,1,1,1,1,0,5.2,1.0,4,Medium
57,Female,25.0,5.5,5.4,6.7,2.64,191.0,4.6,6,0,1,0,0,1,8.7,9.6,3,High
29,Female,25.0,8.0,4.8,7.8,2.46,235.0,4.2,4,0,1,0,1,0,6.2,1.5,2,Low
54,Male,19.5,8.0,3.5,9.0,3.37,305.0,1.3,1,1,0,0,0,0,4.1,2.3,2,Low
58,Male,25.0,7.7,6.3,5.7,2.34,112.0,4.7,3,0,0,0,1,0,3.8,3.5,3,Low
39,Male,19.3,7.2,5.6,8.1,0.3,198.0,1.6,1,0,0,0,0,0,3.6,4.9,3,Medium
55,Female,29.8,7.2,6.1,3.5,3.66,0.0,4.5,1,1,1,0,0,0,4.5,3.6,2,Low
29,Male,36.8,6.9,6.8,8.7,1.43,0.0,3.6,3,0,0,0,0,0,4.8,1.0,2,Medium
19,Female,26.7,7.2,4.8,7.9,2.23,205.0,2.5,1,1,0,0,0,0,5.9,4.8,2,Low
20,Female,21.6,7.3,4.8,3.8,2.18,222.0,1.8,0,0,0,0,0,0,4.0,3.2,4,Low
39,Female,15.0,4.3,8.5,7.5,2.29,107.0,3.3,1,0,1,0,0,0,9.4,3.1,1,Medium
64,Female,16.9,5.2,3.1,9.1,2.14,83.0,3.2,3,0,1,0,0,1,9.0,8.4,1,Low
22,Female,31.5,4.9,1.1,6.2,2.15,111.0,0.7,1,0,1,0,1,0,5.7,3.6,0,Medium
40,Male,19.9,8.3,6.4,3.7,1.04,171.0,4.3,2,1,0,1,0,0,9.6,3.8,1,Medium
53,Male,22.8,9.1,3.8,6.5,4.17,0.0,5.5,0,1,0,1,0,0,8.7,4.9,5,Medium
26,Male,27.4,3.0,2.8,7.5,2.62,201.0,4.9,0,0,0,0,0,0,4.3,5.8,0,Low
54,Female,31.2,9.0,7.1,3.7,2.14,154.0,3.7,1,0,1,0,0,0,6.2,5.2,1,High
31,Male,23.6,6.6,4.9,3.2,3.57,177.0,2.0,2,0,0,0,0,0,4.9,1.0,1,Low
59,Male,22.7,8.1,2.4,7.5,1.24,136.0,3.3,3,1,0,0,0,1,8.6,3.8,2,Medium
46,Female,24.8,7.3,9.5,8.3,2.79,0.0,2.7,1,0,1,0,0,0,2.9,3.6,4,Medium
45,Male,21.7,8.8,1.7,12.0,1.66,29.0,3.3,3,0,0,0,0,0,1.5,1.7,4,Low
24,Female,21.9,6.8,5.0,7.9,2.42,318.0,5.1,4,0,0,1,1,0,5.0,1.5,0,Low
40,Female,26.4,4.3,1.0,2.6,2.44,79.0,2.8,2,1,0,0,1,1,2.9,7.2,1,Medium
62,Female,25.3,6.3,5.8,11.7,0.3,239.0,0.0,1,0,0,0,1,0,3.0,4.9,4,High
16,Female,34.1,7.3,3.8,9.0,0.95,31.0,4.8,2,0,1,0,0,0,4.6,3.3,0,Medium
56,Female,26.5,6.2,7.0,0.4,3.37,148.0,3.9,3,0,1,0,0,0,3.9,5.4,3,Medium
42,Female,29.7,7.6,5.2,3.1,1.9,102.0,3.3,4,0,1,0,0,0,4.3,7.5,1,Low
54,Female,19.7,6.4,8.2,4.6,3.7,118.0,0.4,5,0,1,1,0,0,4.5,5.8,3,Medium
51,Male,26.9,5.5,4.3,8.3,3.15,113.0,1.2,1,0,0,0,0,0,5.7,7.8,2,Low
38,Female,21.2,4.8,1.7,0.0,1.92,309.0,1.4,2,0,0,0,0,0,3.4,5.2,1,Low
31,Female,26.3,5.9,5.7,5.7,1.85,362.0,1.7,3,0,0,0,0,1,3.6,6.2,3,High
49,Female,27.6,6.8,4.6,8.2,3.42,176.0,1.9,5,0,1,1,0,1,7.2,4.0,4,Medium
22,Male,24.7,3.4,1.2,0.0,3.78,105.0,0.4,4,1,0,1,0,0,8.0,7.5,3,High
47,Male,35.3,5.3,2.9,8.1,1.87,4.0,7.7,2,0,0,1,0,0,9.5,8.6,2,High
20,Male,30.9,3.3,3.6,8.4,3.33,0.0,6.3,3,0,0,1,0,0,5.1,5.1,3,Medium
50,Female,29.8,5.5,8.6,3.6,2.92,309.0,3.6,1,0,1,1,0,1,7.9,1.5,2,Medium
49,Female,27.9,8.4,6.8,2.8,3.06,0.0,2.9,4,1,0,1,1,1,4.3,4.9,3,High
19,Male,32.4,4.6,4.4,3.6,2.18,102.0,7.0,3,0,0,0,0,0,6.2,4.4,1,Low
56,Female,18.0,7.6,6.2,0.0,1.56,167.0,6.6,0,1,1,1,0,0,5.3,6.2,1,Low
37,Male,30.7,11.0,1.0,5.1,1.26,0.0,1.4,3,0,0,1,0,0,9.4,3.8,3,Low
58,Male,20.0,8.8,4.0,6.6,1.06,12.0,3.5,3,0,0,0,0,1,3.5,4.8,2,Low
17,Female,22.0,6.7,6.1,2.6,3.63,3.0,2.6,2,1,0,0,0,1,3.0,6.0,2,Low
24,Other,27.0,7.9,5.6,8.7,2.11,77.0,2.4,4,0,0,1,1,0,5.1,3.0,2,High
42,Male,30.0,4.3,4.0,6.3,1.18,178.0,2.6,2,1,0,0,0,0,1.0,5.4,3,Medium
25,Female,19.3,4.0,5.1,6.7,2.9,263.0,2.8,1,1,1,1,0,0,5.2,5.2,1,High
33,Female,22.2,6.5,5.9,4.9,1.72,77.0,3.5,1,0,1,0,0,1,1.0,1.0,4,Medium
51,Female,24.9,7.1,5.2,8.1,1.58,99.0,3.5,3,0,0,1,0,0,2.8,4.3,3,Medium
22,Male,23.7,8.3,7.1,9.6,3.75,137.0,6.2,3,1,0,1,1,1,5.0,1.1,1,High
52,Female,28.3,5.6,5.9,4.9,1.04,61.0,1.2,1,1,1,1,0,0,1.0,7.9,3,High
20,Female,40.0,6.8,6.3,8.1,2.29,196.0,5.1,0,0,1,1,0,0,5.6,3.2,3,High
24,Male,26.4,6.8,9.0,8.2,1.63,199.0,0.6,3,0,0,1,0,1,1.0,3.5,0,Low
47,Female,21.2,6.3,7.0,7.2,1.5,0.0,3.5,2,0,0,1,0,0,4.8,6.5,3,High
58,Female,18.7,6.4,9.0,10.7,0.93,220.0,5.3,2,0,1,0,0,0,6.8,1.0,3,High
24,Male,23.0,5.1,3.7,4.0,2.15,164.0,4.3,3,0,0,1,0,0,7.9,1.8,3,Medium
31,Female,20.3,6.9,1.7,4.8,1.4,178.0,2.3,2,1,1,1,0,1,8.8,7.7,2,High
65,Female,26.6,6.8,4.9,3.8,2.57,280.0,3.6,0,0,1,0,0,0,2.8,4.4,2,Low
69,Female,26.5,5.8,4.7,8.0,2.06,0.0,6.6,1,1,0,0,1,0,4.0,1.0,1,Medium
46,Female,22.4,7.6,8.4,5.2,1.85,12.0,1.7,1,0,0,0,0,0,3.3,2.7,4,Medium
39,Female,33.4,8.1,2.7,4.1,1.41,142.0,4.2,1,1,0,1,0,1,7.1,1.4,3,Medium
34,Male,21.2,7.6,5.0,10.7,3.24,0.0,5.1,1,0,0,0,0,1,5.5,3.0,2,Low
48,Male,24.0,4.8,6.1,11.1,2.69,127.0,2.1,2,0,0,1,0,1,5.0,3.7,0,Low
47,Female,27.4,6.7,5.4,5.1,1.55,243.0,6.8,2,0,0,1,0,1,4.8,8.8,2,High
31,Male,28.5,5.0,4.8,2.2,1.01,194.0,7.6,3,1,0,0,0,0,6.4,2.0,2,Low
16,Male,30.2,6.7,6.0,11.2,0.59,159.0,5.4,2,1,0,0,0,0,2.9,1.2,4,High
23,Male,26.4,5.0,7.6,7.3,3.01,124.0,5.4,1,0,0,1,0,0,7.0,3.9,1,High
67,Male,29.2,8.5,8.6,7.2,2.83,103.0,0.0,6,0,0,0,0,1,5.8,4.7,2,High
37,Male,21.5,7.8,5.3,6.3,2.94,97.0,0.1,0,0,0,0,0,0,7.6,3.8,1,Low
41,Male,28.6,8.3,3.4,3.8,2.0,175.0,2.8,3,0,0,0,1,0,4.1,4.4,3,Low
40,Female,28.6,8.2,8.6,4.8,2.74,0.0,1.6,1,1,0,1,1,1,5.1,8.5,3,High
58,Female,31.3,6.1,2.8,7.9,2.92,311.0,4.4,4,0,0,0,0,0,7.7,1.9,0,Low
18,Female,17.0,5.8,9.1,4.7,2.04,69.0,0.0,2,0,0,0,0,1,2.1,4.1,2,Low
19,Female,20.4,9.3,8.2,7.2,1.81,211.0,4.4,5,0,1,0,0,0,8.0,8.0,1,Medium
30,Male,28.2,6.2,8.5,6.0,1.32,159.0,2.6,1,0,0,0,1,0,4.4,8.7,1,Medium
41,Female,15.0,4.3,6.7,3.0,2.44,23.0,1.8,1,1,1,1,0,0,7.0,5.4,1,High
51,Female,26.7,8.1,1.0,10.5,2.55,292.0,7.2,2,1,0,0,0,0,7.0,1.0,3,High
41,Female,29.3,6.7,2.9,7.7,1.77,269.0,2.3,3,1,1,1,0,0,4.6,6.5,3,Medium
39,Female,21.9,8.9,5.9,6.9,1.87,0.0,0.0,4,1,0,0,0,0,5.1,6.6,0,Low
66,Male,22.6,6.9,3.7,7.6,1.93,142.0,4.0,1,0,0,0,0,1,1.6,5.5,1,Low
23,Male,19.7,6.5,4.5,1.0,2.73,173.0,3.8,2,1,0,0,1,0,1.0,3.6,3,Low
46,Female,22.2,8.9,6.5,4.6,1.0,0.0,2.6,2,0,1,0,0,0,5.3,2.9,2,Low
44,Female,22.3,4.0,4.8,1.7,1.22,0.0,8.2,4,0,0,0,0,1,7.9,6.8,2,Low
41,Female,21.4,5.6,2.5,6.3,1.23,58.0,3.5,4,1,0,0,0,0,4.6,5.6,1,High
59,Female,21.2,5.1,7.1,6.9,1.98,6.0,5.2,2,0,1,1,0,0,1.0,7.3,2,Medium
29,Male,23.3,3.0,6.3,6.4,2.35,35.0,3.7,1,0,0,0,0,0,3.8,4.0,1,Medium
67,Male,23.2,7.9,4.7,9.3,1.24,6.0,5.8,3,0,0,0,1,1,3.8,5.8,3,High
33,Female,32.9,5.6,6.8,1.8,2.83,137.0,2.3,1,1,0,0,0,0,4.1,2.1,1,Low
44,Female,22.7,7.9,5.4,3.8,3.27,52.0,0.7,5,0,1,0,0,0,2.4,8.3,5,Medium
43,Male,26.0,7.1,8.1,7.2,2.43,273.0,4.7,2,0,0,0,0,0,3.2,8.9,0,Low
61,Male,21.9,7.5,5.5,6.7,3.0,170.0,3.7,4,1,0,0,0,0,1.3,4.6,3,Low
39,Female,21.8,5.8,8.1,2.3,1.37,237.0,4.7,1,1,0,0,0,0,10.0,1.0,1,High
30,Female,16.8,5.3,1.1,9.4,1.39,0.0,1.6,1,0,1,0,0,0,9.2,7.5,3,Medium
16,Female,17.4,6.6,6.2,10.3,2.51,81.0,4.1,1,0,1,1,0,0,2.6,9.6,3,Medium
35,Male,19.1,8.0,4.3,7.2,2.07,165.0,0.0,2,1,0,0,1,0,5.1,3.8,2,Low
60,Female,25.3,6.4,3.3,1.8,1.39,200.0,1.9,2,1,1,1,0,1,3.5,3.8,0,Medium
15,Female,29.3,5.4,7.7,6.4,3.24,79.0,1.4,1,0,1,0,0,1,4.6,3.8,3,High
64,Other,16.5,4.6,7.2,7.0,2.34,95.0,4.1,0,1,0,0,0,0,6.0,3.9,4,High
44,Male,22.0,6.8,1.0,5.2,2.66,107.0,1.9,3,1,0,0,1,0,5.5,7.3,4,Low
22,Female,18.3,5.6,6.8,9.8,1.56,117.0,0.0,3,0,0,0,0,0,7.5,5.8,2,Medium
31,Female,23.3,6.4,6.5,5.7,3.44,388.0,1.7,3,0,1,0,0,1,3.7,2.0,3,Low
45,Female,29.3,6.1,3.6,11.9,1.98,184.0,4.3,0,1,0,1,0,0,5.0,3.9,0,Medium
32,Male,22.5,5.8,3.4,8.2,2.92,154.0,3.3,0,1,0,1,1,0,1.0,5.3,2,Low
20,Female,24.3,7.0,1.7,6.8,1.63,12.0,1.4,4,1,1,0,0,1,5.4,3.1,0,Low
51,Male,31.0,7.4,4.5,8.6,2.23,14.0,4.8,2,1,0,1,1,0,1.0,5.7,2,Medium
51,Male,26.6,9.6,4.8,10.3,2.55,127.0,6.4,3,0,0,0,0,0,1.8,4.9,2,Low
21,Female,21.1,7.7,7.0,8.5,3.7,274.0,5.0,2,1,1,1,0,1,8.2,7.3,1,High
30,Male,25.2,9.0,5.8,5.8,1.75,128.0,0.0,1,0,0,0,0,0,8.2,6.4,2,High
28,Female,20.8,5.2,2.9,4.2,2.26,133.0,3.5,3,0,0,0,0,0,2.5,3.5,3,Low
51,Female,26.4,3.9,5.7,2.9,2.57,68.0,2.7,1,0,0,1,0,0,9.3,4.7,4,High
55,Male,26.8,6.5,4.6,0.0,0.97,0.0,0.0,1,1,0,1,0,0,6.8,2.8,1,Low
54,Female,18.3,7.9,3.1,6.5,0.36,198.0,0.2,2,0,0,1,0,1,6.2,9.6,0,Medium
66,Female,25.3,7.6,1.7,4.9,1.3,122.0,4.8,3,0,0,1,0,0,2.1,6.2,0,Low
57,Female,24.0,8.4,6.6,5.1,2.87,199.0,3.4,3,0,1,0,0,1,9.6,1.3,5,High
32,Female,27.0,2.4,6.2,8.9,3.47,167.0,3.2,0,0,1,0,1,0,6.8,4.0,4,High
20,Female,28.2,8.5,6.4,5.7,1.36,44.0,1.6,2,0,1,0,0,0,3.0,1.0,0,Low
48,Male,26.6,7.0,3.6,11.3,1.13,175.0,5.4,2,1,0,1,0,1,1.0,3.6,2,Medium
65,Male,23.1,4.0,5.6,4.4,3.33,8.0,0.3,1,1,0,0,0,0,2.1,4.8,2,Low
68,Male,28.7,7.7,2.2,3.3,1.65,174.0,1.0,2,1,0,0,1,0,5.4,6.7,1,Medium
27,Male,20.6,6.8,3.0,2.5,1.8,143.0,2.3,3,0,0,1,0,0,4.5,7.0,0,Low
28,Female,18.6,7.1,5.3,8.0,3.27,319.0,0.0,2,0,0,0,0,0,8.7,1.3,1,Medium
17,Male,15.0,8.1,5.8,9.2,3.14,55.0,1.1,0,1,0,1,1,0,2.3,5.0,1,Medium
22,Female,24.2,7.2,1.6,4.3,2.85,4.0,5.3,5,0,1,1,0,0,5.8,5.4,1,Low
45,Female,20.8,4.1,2.9,3.0,0.73,105.0,1.1,0,0,1,0,0,0,7.6,4.8,2,High
45,Male,26.3,6.3,4.4,10.3,1.09,217.0,4.7,2,0,0,1,0,1,1.7,1.0,2,Medium
35,Female,15.6,3.9,7.3,1.9,3.0,0.0,4.4,0,1,0,1,0,0,6.5,2.6,2,Medium
32,Female,21.6,7.5,3.4,8.8,2.35,246.0,2.6,1,1,1,0,0,0,5.0,4.2,1,Low
60,Female,26.6,8.7,5.5,4.4,1.48,127.0,0.0,3,1,0,1,0,0,3.6,6.5,1,Low
40,Female,19.9,4.5,5.7,7.1,1.82,24.0,3.1,2,1,0,0,1,0,1.0,2.4,1,High
59,Female,26.3,5.4,4.7,9.0,2.99,110.0,0.0,3,0,1,0,0,0,6.1,3.3,1,Low
67,Female,22.0,5.1,5.8,7.3,3.32,68.0,1.8,1,1,1,1,1,0,3.3,4.0,2,Medium
32,Male,24.4,5.8,2.2,5.2,2.1,15.0,3.5,0,0,0,0,0,1,4.0,1.0,1,Low
26,Female,27.2,7.2,3.8,9.9,1.55,0.0,4.9,0,0,1,0,0,1,8.5,3.7,3,Low
67,Female,28.8,5.8,8.4,6.8,1.88,230.0,2.7,1,0,0,0,0,1,4.9,5.5,4,High
49,Female,24.9,7.5,8.5,16.0,3.17,88.0,1.7,1,0,0,1,0,1,5.6,2.3,3,High
31,Male,20.8,8.2,7.1,1.2,3.16,107.0,1.5,1,1,0,1,0,1,9.9,3.4,2,Medium
49,Female,22.4,8.3,7.6,1.2,2.26,243.0,2.0,2,0,1,1,0,0,5.4,3.2,1,Low
43,Female,27.4,4.7,1.2,8.8,1.68,156.0,4.4,1,0,1,0,1,0,3.0,6.1,0,Low
64,Female,19.9,8.7,3.1,5.9,2.97,0.0,3.8,4,1,0,0,0,0,8.2,1.0,0,Low
29,Male,23.7,8.8,4.5,8.2,3.4,224.0,3.0,2,0,0,1,0,0,5.2,3.2,6,Low
69,Male,22.8,9.0,10.0,2.9,0.94,313.0,4.4,1,1,0,0,1,1,3.7,8.2,2,High
66,Male,24.0,6.2,4.5,6.2,1.91,205.0,3.0,2,0,0,0,0,0,2.8,7.3,4,Medium
24,Male,20.0,5.3,6.8,7.3,3.02,55.0,0.1,1,0,0,0,0,1,4.3,7.1,1,Low
24,Female,16.2,4.9,6.0,4.5,2.16,0.0,0.6,2,0,1,0,0,0,7.4,7.9,1,Medium
44,Female,26.8,4.7,6.0,6.6,1.71,51.0,4.3,2,1,1,0,0,0,3.6,2.3,0,Medium
17,Female,28.8,6.5,5.1,2.2,2.25,161.0,0.0,2,1,0,0,0,1,5.4,7.6,1,Medium
31,Female,16.4,7.9,2.6,7.1,2.4,307.0,2.2,1,0,1,0,0,0,2.9,1.0,3,Low
38,Female,26.2,8.6,1.0,10.0,1.2,66.0,2.7,4,0,1,0,0,0,8.6,3.3,0,Medium
68,Female,29.4,5.7,8.0,2.5,2.17,79.0,0.7,2,0,0,0,0,1,1.6,6.1,1,Low
69,Female,27.2,6.4,3.8,2.4,2.39,262.0,0.0,4,1,1,0,0,0,2.5,5.1,3,Low
23,Male,22.6,6.3,1.1,9.3,1.71,102.0,0.4,2,0,0,1,0,0,3.4,5.1,5,Low
64,Female,20.3,5.5,6.2,2.3,1.48,339.0,0.0,1,1,0,1,0,1,1.6,2.3,3,Medium
20,Male,24.9,7.7,6.1,8.4,1.67,134.0,4.3,2,1,0,0,0,1,6.3,1.0,2,Low
56,Male,25.6,7.1,6.9,6.2,1.32,278.0,3.9,2,1,0,0,1,0,6.7,5.5,3,Medium
61,Female,24.9,6.7,7.7,4.8,2.78,192.0,1.3,2,0,0,1,0,0,6.6,7.0,2,Low
63,Female,23.7,7.1,3.2,10.1,1.31,228.0,0.0,3,0,0,0,0,1,6.7,4.8,3,Medium
27,Male,19.6,7.5,3.3,8.6,2.25,131.0,5.6,2,0,0,0,1,0,1.3,5.2,4,Low
64,Male,26.4,7.5,4.5,6.8,1.8,138.0,4.0,3,0,0,0,0,0,5.6,5.5,3,Low
21,Female,26.6,5.2,7.0,0.0,1.54,196.0,1.6,2,0,1,0,0,0,8.4,2.6,2,Low
43,Female,25.4,7.9,1.0,8.0,3.2,238.0,5.6,2,0,0,0,0,1,4.1,4.2,2,Low
40,Male,25.0,6.9,5.5,3.0,2.0,208.0,3.3,0,0,0,0,1,0,7.7,1.7,1,Low
32,Male,32.1,5.8,7.3,5.4,1.56,0.0,3.7,2,1,0,0,0,0,4.6,7.0,1,Low
16,Female,21.7,6.9,7.2,6.0,1.49,178.0,0.7,0,0,0,1,0,1,4.7,1.0,2,Medium
57,Female,30.3,7.1,6.8,11.3,2.37,78.0,0.0,1,0,0,1,0,0,2.0,3.9,3,Medium
33,Male,21.2,8.2,7.5,5.3,2.76,90.0,0.0,0,0,0,1,0,0,3.8,8.7,0,Medium
51,Female,29.5,4.8,1.0,2.0,3.12,200.0,7.6,3,0,0,1,0,0,8.2,5.7,2,Medium
37,Male,30.1,8.6,8.7,10.1,1.97,337.0,1.2,1,0,0,1,0,1,3.4,1.8,1,Medium
35,Female,23.2,6.5,5.9,8.0,1.92,124.0,3.1,1,1,0,0,1,0,9.7,5.6,3,High
63,Female,32.0,5.7,8.1,8.1,2.2,367.0,4.0,3,0,1,1,0,1,4.6,6.5,0,High
20,Female,26.6,5.6,2.6,10.2,2.23,29.0,3.0,1,0,1,1,1,0,8.4,5.0,2,Medium
55,Female,20.6,4.9,1.3,10.8,1.48,285.0,2.7,5,0,1,1,0,1,5.0,6.0,3,Medium
56,Male,22.8,3.7,9.1,3.5,3.27,197.0,2.6,1,0,0,1,0,0,1.0,1.6,2,Medium
35,Female,29.6,7.6,3.2,2.1,2.12,173.0,4.1,0,1,0,1,0,0,3.2,2.9,3,Low
29,Male,28.7,9.7,4.5,8.4,2.53,302.0,0.7,1,0,0,0,0,0,3.2,5.4,1,Low
15,Female,19.7,3.9,6.4,5.3,2.44,80.0,2.0,1,0,1,0,0,1,3.3,3.8,2,Medium
66,Male,23.9,5.0,6.9,5.5,2.42,291.0,0.0,2,0,0,1,1,0,1.9,3.5,4,Medium
67,Male,25.4,7.7,7.6,2.9,1.3,127.0,0.0,2,0,0,0,0,0,2.5,2.1,3,Low
28,Male,22.2,6.4,5.7,7.6,2.09,79.0,0.1,3,0,0,0,0,0,6.5,7.9,1,High
16,Female,35.1,7.8,2.9,7.1,3.92,4.0,4.9,4,1,1,0,1,1,10.0,4.8,0,Medium
21,Male,25.6,6.3,6.8,5.6,3.37,324.0,2.4,2,0,0,0,0,0,5.5,6.9,5,High
18,Female,24.2,5.6,6.8,2.1,2.23,276.0,4.5,2,1,0,0,0,0,4.1,1.0,2,Medium
60,Male,29.9,6.1,1.2,9.4,1.81,97.0,3.8,1,0,0,0,0,1,1.0,6.8,1,Low
64,Female,22.9,2.7,8.3,6.7,0.33,210.0,3.6,5,0,0,0,0,1,9.9,1.9,3,High
23,Female,29.0,4.7,1.0,9.1,1.7,164.0,0.9,2,0,0,1,0,0,7.7,3.9,3,Medium
56,Female,17.0,8.0,7.5,0.1,2.04,111.0,3.2,2,0,1,1,0,1,3.9,5.0,0,Medium
24,Male,22.5,8.4,3.8,6.2,1.85,256.0,3.6,2,1,0,0,0,1,5.8,9.3,2,Medium
35,Other,29.2,8.7,6.8,4.0,1.9,81.0,7.8,3,0,0,0,0,1,3.8,9.0,3,Low
47,Female,31.6,7.2,6.3,6.1,2.6,0.0,2.2,4,1,1,0,1,0,2.1,4.4,6,Medium
54,Male,21.0,2.9,5.1,8.6,1.3,179.0,4.6,4,0,0,0,0,0,4.0,5.6,3,Medium
63,Male,20.5,5.5,6.2,7.0,2.32,157.0,2.7,5,0,0,0,0,0,7.1,3.2,2,High
17,Female,27.1,8.6,5.0,6.1,2.01,85.0,1.5,1,1,0,0,0,1,5.9,4.7,3,Medium
25,Female,21.7,9.1,6.8,6.0,1.39,52.0,4.9,3,0,0,1,0,0,4.5,4.5,1,Low
30,Male,23.3,8.7,10.0,1.6,3.44,0.0,7.2,1,0,0,0,0,0,6.6,5.4,2,Medium
32,Male,28.4,6.1,2.2,3.5,2.7,110.0,3.6,4,1,0,0,0,1,4.2,3.3,1,Low
69,Female,22.1,4.4,1.0,9.1,1.47,54.0,1.5,2,0,1,1,0,0,8.1,5.8,4,High
57,Male,15.7,6.4,4.3,4.6,2.51,256.0,4.0,3,1,0,0,0,0,2.4,5.5,4,Low
32,Female,18.6,6.5,4.1,9.2,0.99,207.0,3.6,4,1,0,1,0,1,4.1,2.0,0,Low
68,Male,24.5,9.0,4.4,8.3,1.57,97.0,7.9,5,0,0,0,0,1,7.0,4.3,3,Low
42,Male,16.1,6.9,3.2,8.5,3.16,207.0,4.6,2,0,0,0,0,0,6.8,3.3,3,Low
42,Male,23.2,6.5,7.1,6.9,2.38,138.0,0.9,1,1,0,1,0,0,3.3,9.5,1,High
38,Female,18.2,6.6,2.2,4.8,2.32,120.0,5.8,3,1,0,1,0,1,2.8,7.7,4,High
22,Female,31.9,7.1,6.2,5.6,2.89,144.0,4.7,3,0,1,1,1,1,6.3,7.0,3,High
66,Female,34.2,7.5,6.6,7.8,2.59,345.0,5.1,0,1,1,1,0,1,8.6,3.4,4,High
15,Female,19.7,5.3,5.9,0.0,1.89,221.0,4.0,5,1,0,0,0,0,7.3,9.0,2,Medium
24,Male,25.7,4.8,6.3,9.5,2.85,117.0,5.2,1,0,0,0,0,1,2.0,3.8,2,Medium
27,Female,20.2,8.7,7.3,4.6,0.75,248.0,4.0,1,0,1,0,0,0,3.3,2.9,3,Medium
30,Female,23.1,3.9,5.3,5.8,1.57,244.0,2.4,0,0,1,0,0,1,2.3,10.0,2,High
22,Female,32.6,9.1,4.4,5.8,2.02,179.0,3.3,3,0,0,1,1,1,8.5,6.2,2,Medium
15,Female,22.4,3.4,6.3,5.9,2.54,114.0,2.7,3,0,0,0,0,1,4.8,2.7,1,Low
52,Female,23.2,5.6,6.5,2.3,1.84,107.0,3.8,1,0,0,1,0,0,4.2,3.7,1,Low
68,Male,20.3,8.1,7.2,6.4,0.67,32.0,3.2,1,0,0,1,0,0,5.7,6.5,2,Low
21,Male,29.7,6.5,1.4,7.7,0.56,170.0,2.3,3,0,0,0,0,1,6.2,3.9,0,Low
31,Female,15.0,4.4,4.8,0.3,2.05,83.0,2.6,2,0,1,0,0,0,4.0,4.4,0,Low
42,Male,22.5,7.2,2.9,2.4,1.72,102.0,3.0,2,0,0,0,0,0,5.7,8.6,3,Medium
66,Male,24.3,6.6,6.4,8.5,1.37,219.0,0.0,2,1,0,0,0,0,5.3,3.0,1,High
53,Female,21.5,6.2,6.8,8.0,1.24,336.0,5.3,1,1,1,1,0,0,9.1,3.5,2,High
57,Male,28.4,5.5,4.6,6.8,2.21,191.0,3.8,0,1,0,0,0,0,5.1,10.0,3,High
46,Female,29.9,6.4,3.6,4.1,3.14,138.0,1.7,2,0,1,0,0,0,6.0,5.7,4,Low
37,Female,18.1,5.6,6.5,8.0,2.21,148.0,4.3,1,0,1,0,0,0,3.4,5.8,0,High
25,Female,33.9,10.4,4.9,2.6,3.15,275.0,1.9,0,1,0,0,0,1,3.5,8.3,1,Medium
62,Female,18.1,6.1,8.3,5.6,1.8,193.0,1.9,5,0,1,0,0,0,6.2,6.0,4,High
59,Male,30.3,5.9,9.1,2.3,2.45,171.0,3.8,2,0,0,1,0,0,2.7,7.8,2,Low
16,Male,25.2,5.6,7.4,5.5,3.18,179.0,6.1,3,1,0,1,0,1,5.8,1.2,2,High
54,Male,22.2,9.3,5.7,3.1,1.97,0.0,3.6,3,0,0,0,0,0,4.4,5.8,3,High
19,Male,22.7,3.9,9.2,8.1,2.12,193.0,1.3,1,1,0,0,0,0,6.5,4.2,3,High
55,Male,24.3,7.1,5.7,7.2,1.8,54.0,2.2,1,0,0,1,1,0,1.0,5.8,3,Low
60,Other,25.4,6.1,4.1,4.4,2.57,193.0,4.9,3,0,0,0,0,0,8.6,1.0,1,Low
22,Female,20.4,4.2,3.7,9.1,2.82,69.0,3.9,2,0,0,1,0,0,1.0,1.2,7,Low
38,Female,23.4,5.2,3.7,3.3,2.38,215.0,5.1,0,0,1,0,0,0,9.5,4.5,3,Medium
21,Male,21.0,7.0,5.2,5.9,1.92,133.0,3.9,1,0,0,0,1,0,5.2,6.4,2,Low
46,Female,19.0,5.1,6.2,4.3,0.9,24.0,4.7,6,0,1,0,0,1,6.3,1.5,2,High
66,Female,20.8,6.9,2.1,8.1,2.06,118.0,7.4,1,1,1,1,1,0,4.9,3.3,3,Low
19,Female,19.3,9.3,4.2,7.8,1.95,393.0,0.0,2,0,0,0,0,0,5.2,5.5,5,Low
36,Male,22.6,6.8,5.7,9.6,2.29,0.0,8.3,3,1,0,1,0,1,2.6,4.4,2,Medium
68,Female,26.4,4.2,6.6,6.2,2.19,168.0,5.1,2,1,0,0,0,0,6.6,7.1,1,Medium
31,Female,25.0,5.1,5.1,0.0,3.36,39.0,8.8,2,0,1,0,0,0,6.1,7.4,2,Low
22,Female,33.4,6.0,5.7,4.8,1.54,301.0,0.8,0,0,1,0,1,0,6.1,2.1,5,Medium
41,Female,15.0,5.9,2.5,10.4,0.84,240.0,3.8,3,1,0,0,0,0,8.7,4.4,4,Medium
42,Male,26.6,6.7,3.2,5.1,1.19,170.0,3.4,0,0,0,0,0,1,1.5,3.4,3,Low
51,Female,24.5,7.0,5.1,0.6,1.59,251.0,4.9,1,1,1,0,0,0,5.2,7.7,2,Medium
32,Male,28.2,9.3,6.3,7.3,2.97,177.0,4.0,1,1,0,0,0,0,1.3,6.8,0,Low
67,Male,27.7,6.5,5.7,7.5,1.06,151.0,3.8,1,0,0,1,0,0,7.9,2.4,1,Low
43,Female,23.8,4.7,3.3,4.0,1.17,84.0,4.7,1,0,0,0,1,1,6.8,7.9,0,Low
30,Male,25.3,8.3,4.7,5.3,2.43,110.0,2.8,1,0,0,1,0,1,4.4,1.4,2,Low
67,Male,21.2,8.5,8.5,3.6,2.78,99.0,1.9,1,0,0,0,1,1,7.2,3.5,1,Low
65,Male,27.3,6.9,6.4,7.5,0.86,151.0,4.0,1,0,0,1,0,0,6.3,2.0,5,Medium
42,Female,16.0,6.1,4.8,6.2,0.68,0.0,1.9,1,0,0,0,0,0,1.3,3.5,2,Low
16,Female,28.0,7.5,2.9,2.7,1.47,263.0,2.7,3,1,0,1,0,0,6.6,1.0,1,Low
47,Other,24.4,6.2,3.6,6.0,2.63,364.0,0.0,0,0,0,0,0,0,2.9,4.6,0,Low
45,Male,22.3,3.2,5.2,3.9,2.21,102.0,3.1,1,0,0,0,1,0,5.4,1.0,2,Medium
23,Male,23.5,7.4,5.8,10.1,1.5,279.0,1.0,1,0,0,1,0,0,7.4,3.4,2,Low
49,Male,23.8,7.9,6.4,8.5,2.69,135.0,2.9,1,0,0,0,0,1,5.1,7.4,1,Low
61,Female,30.3,8.8,6.1,5.7,2.2,84.0,0.6,2,0,0,0,1,0,4.8,5.0,4,Medium
20,Male,39.1,5.3,4.4,6.2,2.01,108.0,3.0,2,0,0,0,0,0,8.6,10.0,2,Low
54,Female,30.0,6.9,4.1,8.8,0.81,159.0,5.0,3,0,0,1,0,1,5.4,7.2,1,High
22,Male,22.0,6.9,9.7,5.5,1.48,71.0,1.7,5,0,0,1,0,0,4.4,7.1,2,Medium
56,Female,27.3,6.6,4.0,8.1,3.67,217.0,0.9,0,0,0,0,0,0,1.0,3.3,1,Low
38,Female,27.5,6.7,2.4,10.1,1.83,93.0,4.7,2,1,0,0,0,0,5.1,3.9,7,Low
15,Male,20.3,6.6,1.6,4.6,1.33,32.0,5.0,0,0,0,1,1,0,6.7,5.9,0,Low
68,Male,18.8,6.8,4.4,10.6,1.79,148.0,3.9,0,0,0,1,0,1,8.7,3.4,3,Medium
24,Male,24.2,7.7,7.3,9.8,2.2,74.0,2.0,2,0,0,0,0,0,1.1,4.6,2,Low
47,Female,28.1,8.5,3.9,6.7,2.81,114.0,1.6,4,0,0,0,0,0,6.1,7.3,1,Medium
24,Female,17.2,5.3,8.5,4.8,2.6,144.0,2.3,4,0,0,0,0,0,6.7,4.9,2,High
66,Male,21.3,6.2,5.2,6.7,1.56,3.0,2.9,1,0,0,0,0,1,3.9,1.1,2,Low
55,Female,27.1,5.8,7.6,5.3,3.12,310.0,0.0,1,0,1,0,0,1,9.1,6.3,1,High
59,Female,24.7,5.6,3.5,3.8,2.75,239.0,0.8,2,0,0,0,0,0,2.9,3.6,3,Low
38,Male,30.9,3.9,3.6,7.5,1.74,81.0,5.8,1,0,0,1,0,1,9.6,3.3,2,Low
40,Female,18.1,6.5,5.4,3.1,2.0,148.0,3.5,1,1,1,1,1,1,5.3,10.0,4,High
49,Male,35.1,7.3,6.3,5.1,2.58,220.0,5.7,3,0,0,0,0,1,6.9,5.0,2,Low
58,Female,17.6,6.3,4.8,5.1,2.96,173.0,5.2,3,1,1,0,0,0,4.0,9.6,1,Medium
61,Male,15.4,6.5,5.8,2.2,0.89,357.0,2.3,1,0,0,1,0,1,1.2,2.8,0,Low
15,Male,24.2,7.2,6.5,7.8,2.16,124.0,2.3,2,0,0,1,1,1,4.7,3.0,3,Medium
51,Male,19.4,8.8,2.1,5.4,2.08,281.0,5.1,2,0,0,0,0,0,6.6,3.5,2,Low
21,Male,24.3,5.8,4.4,9.6,1.64,3.0,4.7,1,0,0,0,0,0,3.6,4.4,4,Medium
30,Female,24.2,4.6,4.1,5.3,1.64,20.0,5.2,2,1,0,0,0,0,4.3,3.9,1,Medium
60,Male,23.6,6.4,4.2,4.9,2.94,335.0,3.0,3,0,0,0,0,1,5.2,2.2,1,Low
28,Male,20.7,9.5,6.1,3.5,2.53,102.0,3.3,1,0,0,1,0,0,1.2,6.9,4,Low
58,Male,26.4,4.6,4.1,6.1,3.79,22.0,2.4,1,0,0,0,0,1,4.3,4.8,4,Low
40,Male,23.1,7.5,1.0,6.1,1.64,145.0,2.9,2,0,0,1,0,1,5.5,6.6,3,Low
27,Male,29.5,8.4,4.7,8.1,2.21,289.0,1.5,2,0,0,1,1,0,3.7,5.4,1,High
33,Male,23.7,2.7,2.9,6.2,2.35,66.0,2.8,0,1,0,0,0,0,8.1,10.0,4,High
44,Male,20.2,7.2,6.3,11.9,2.82,145.0,2.6,1,0,0,1,1,0,5.6,5.0,3,Low
57,Female,16.9,7.5,7.0,7.3,3.19,0.0,2.0,0,1,1,0,0,0,1.0,7.0,4,Medium
48,Female,23.7,6.1,1.0,3.2,2.17,98.0,4.7,3,1,0,1,1,0,3.7,7.7,2,Low
66,Male,18.8,5.5,3.5,3.0,1.22,260.0,0.0,1,0,0,0,0,0,3.3,1.8,2,Low
62,Female,18.4,5.6,6.0,7.5,1.53,64.0,3.7,1,1,1,1,0,0,2.9,2.1,2,Medium
56,Male,26.9,6.0,2.1,3.1,2.21,10.0,1.0,2,1,0,0,1,1,8.8,2.2,4,Medium
48,Male,16.5,6.0,6.9,7.7,3.0,65.0,1.1,1,0,0,1,0,0,6.6,3.7,5,High
30,Female,30.9,5.7,7.5,8.5,0.94,83.0,1.3,0,1,0,0,0,0,4.0,3.9,2,High
37,Male,25.2,5.9,4.8,8.6,1.16,234.0,4.0,2,0,0,1,0,1,3.8,5.2,2,High
21,Male,24.3,8.4,3.5,3.6,2.71,192.0,0.0,0,0,0,0,0,0,4.2,8.4,2,Low
35,Male,19.8,4.6,1.0,8.6,1.07,213.0,3.4,5,0,0,1,0,0,3.5,1.0,2,Low
65,Female,27.9,3.7,7.0,6.9,1.2,153.0,3.1,2,1,1,0,1,0,3.3,1.0,3,High
38,Male,24.5,8.4,9.6,4.3,3.01,82.0,0.9,6,0,0,1,0,0,6.3,3.2,1,Medium
21,Female,21.4,6.2,9.2,5.6,1.92,65.0,3.4,4,1,1,0,1,0,1.0,2.3,3,High
50,Male,25.4,5.9,4.8,7.3,1.86,198.0,0.3,1,1,0,0,1,0,6.3,1.0,5,Medium
67,Female,16.9,6.3,2.8,4.1,3.19,325.0,2.9,0,0,1,0,0,0,1.2,3.8,0,Low
62,Male,17.1,6.8,7.0,6.8,1.25,47.0,0.2,2,0,0,0,0,0,6.3,5.2,3,Medium
30,Male,19.5,5.7,4.9,10.0,1.09,38.0,7.5,2,1,0,0,0,1,7.7,4.4,1,Low
39,Male,26.1,7.3,6.3,8.7,3.4,25.0,4.9,2,0,0,0,0,0,2.4,3.3,2,Low
44,Female,24.5,5.0,5.9,6.2,2.29,241.0,3.5,3,1,0,0,1,0,3.2,4.6,2,High
28,Male,29.2,6.0,5.4,6.7,2.64,145.0,0.9,1,0,0,1,0,0,7.4,1.0,3,High
29,Male,20.4,3.0,7.5,4.5,1.85,211.0,2.4,2,1,0,0,0,1,4.2,6.3,2,High
28,Female,27.1,8.4,7.5,4.6,2.01,94.0,2.5,2,0,1,0,0,0,3.0,4.6,1,Medium
69,Male,24.0,6.2,4.1,1.7,1.54,218.0,3.5,0,1,0,0,0,0,3.2,5.5,2,Low
56,Male,20.3,7.6,3.2,6.7,2.35,118.0,3.9,3,1,0,1,0,0,10.0,4.8,1,Low
61,Other,26.2,7.3,1.0,7.9,2.77,0.0,3.5,2,0,0,0,1,0,3.8,1.0,3,Low
59,Other,24.2,7.4,4.4,5.8,2.26,252.0,3.8,0,0,0,1,0,0,6.3,3.6,2,Low
67,Male,21.7,6.5,2.8,3.5,2.95,146.0,2.6,3,0,0,1,0,0,6.6,7.9,4,Low
20,Male,24.7,7.1,6.1,6.2,2.63,116.0,3.8,1,1,0,0,0,1,8.9,6.1,2,Medium
63,Male,23.9,5.0,4.5,9.8,1.26,181.0,1.6,2,0,0,1,0,0,9.8,4.1,0,High
18,Female,23.8,4.6,4.7,8.5,1.98,0.0,0.7,0,1,1,0,0,1,1.0,6.6,3,High
41,Female,22.6,6.3,7.0,5.9,1.74,197.0,7.1,0,0,0,1,1,0,8.6,7.1,0,High
47,Male,18.6,5.4,6.1,11.7,2.7,84.0,3.9,1,0,0,0,0,0,5.4,8.0,5,Low
34,Female,24.8,8.8,4.9,13.6,2.47,133.0,7.0,1,0,1,1,0,1,2.4,6.5,0,Low
23,Male,20.9,7.1,8.9,4.7,2.2,275.0,2.4,4,0,0,1,0,1,7.4,8.2,5,High
25,Female,19.9,5.4,6.8,5.3,2.91,221.0,8.3,1,1,0,0,1,1,2.7,4.8,5,Medium
60,Female,23.4,6.1,4.3,7.9,0.61,131.0,3.2,4,0,0,1,0,0,8.2,6.9,1,Medium
32,Female,27.8,6.7,4.4,3.4,1.62,139.0,5.5,4,1,0,0,0,1,4.0,2.2,2,Low
32,Female,25.3,6.4,6.9,8.4,1.69,0.0,3.1,3,1,0,1,0,0,7.7,6.5,1,High
65,Female,22.1,6.9,5.6,6.3,2.3,60.0,3.4,2,0,0,0,0,0,6.9,5.1,2,Low
22,Female,21.9,6.6,2.7,7.0,2.54,168.0,2.7,4,0,1,0,0,0,2.0,6.1,2,Low
65,Male,27.4,4.3,7.2,4.4,2.1,66.0,1.9,1,0,0,1,0,0,1.5,7.6,2,Low
65,Female,15.0,3.1,8.0,3.8,1.05,4.0,5.2,1,0,1,0,0,1,5.4,2.5,1,Medium
47,Female,28.1,5.9,7.8,0.4,2.43,203.0,3.0,2,0,1,1,1,1,3.8,8.1,0,High
24,Female,16.1,7.4,8.6,10.2,2.2,294.0,4.8,4,0,1,1,1,0,6.7,6.3,5,High
23,Female,18.1,5.9,9.8,8.6,0.93,71.0,5.0,2,0,0,0,0,0,4.4,5.3,1,High
30,Female,22.2,8.5,9.0,7.9,1.86,246.0,6.1,3,0,1,0,1,0,2.8,1.7,5,High
46,Male,34.3,6.4,5.9,7.0,2.4,230.0,3.9,4,1,0,0,0,1,5.9,3.2,3,High
23,Male,32.0,8.7,4.7,0.0,3.42,43.0,0.0,1,0,0,0,0,0,1.0,6.9,2,Medium
40,Female,27.7,8.3,1.2,3.9,1.23,70.0,2.3,0,0,1,1,0,0,1.7,4.6,0,Low
21,Male,26.1,8.2,5.2,5.3,2.73,348.0,2.9,2,0,0,1,0,0,2.4,7.5,1,Low
44,Female,16.1,4.6,6.3,3.0,1.24,27.0,3.0,2,0,1,0,0,0,1.0,6.6,2,High
16,Female,25.2,6.5,5.3,1.3,1.08,83.0,5.9,3,1,1,0,0,1,5.9,2.8,4,Medium
53,Male,22.0,8.5,1.0,3.3,1.13,366.0,5.5,4,1,0,1,0,0,2.9,4.6,0,Medium
18,Female,20.8,6.9,4.6,6.1,2.58,87.0,2.7,4,0,0,0,1,0,5.6,4.4,1,Low
25,Male,25.2,7.4,6.6,6.1,2.2,299.0,8.3,2,0,0,0,0,1,6.9,6.8,3,Medium
24,Female,22.4,4.3,2.9,8.5,1.85,38.0,2.2,3,0,1,0,1,0,8.2,4.8,1,Medium
60,Female,28.4,9.6,5.6,11.8,2.47,165.0,2.4,2,1,1,0,0,1,7.0,4.5,2,High
17,Female,15.8,5.2,6.1,7.9,2.13,269.0,0.6,1,0,1,0,1,0,1.0,5.7,1,Medium
38,Female,24.8,3.3,7.7,5.5,2.19,99.0,0.0,5,0,1,0,1,0,2.7,4.0,2,High
47,Other,20.5,5.9,9.0,11.0,1.86,161.0,0.4,5,0,0,1,0,0,1.0,6.6,5,Medium
43,Female,22.7,2.6,4.4,1.6,1.28,232.0,5.2,4,0,1,1,0,1,2.7,5.1,4,High
52,Male,25.9,4.8,5.6,0.2,3.45,51.0,4.6,2,0,0,0,0,0,8.7,7.6,2,Low
59,Male,19.5,10.6,5.7,3.5,3.22,396.0,1.1,3,0,0,1,0,1,5.7,6.5,2,Medium
36,Male,25.2,5.9,6.6,8.3,3.37,264.0,3.2,2,0,0,0,0,0,7.5,5.1,4,High
60,Female,23.5,4.2,6.4,6.5,1.67,111.0,4.8,2,0,1,0,1,1,1.7,8.2,4,High
32,Female,21.5,6.5,8.3,2.8,1.55,124.0,0.0,2,0,0,1,0,0,4.5,3.3,2,Medium
69,Female,22.4,5.1,1.0,4.0,1.77,360.0,6.9,5,1,0,0,0,1,6.5,5.1,0,Low
42,Male,23.8,7.9,6.1,2.5,2.96,111.0,5.3,2,0,0,0,0,1,2.5,5.0,3,Medium
55,Female,21.0,5.1,6.3,2.5,2.1,98.0,4.8,2,0,1,0,1,0,4.4,5.7,1,Low
63,Male,24.5,6.9,4.7,10.3,1.67,276.0,5.6,1,1,0,0,0,1,7.4,3.4,3,Medium
58,Male,23.2,4.7,1.0,5.6,2.39,0.0,0.0,0,0,0,0,0,1,7.5,5.0,4,Low
61,Female,21.7,10.7,5.1,11.0,1.51,141.0,2.5,1,0,0,0,1,1,6.3,3.3,2,Medium
44,Male,31.7,7.3,3.6,3.5,1.02,159.0,5.8,0,0,0,0,0,0,4.9,1.3,2,Low
17,Female,26.4,6.3,8.9,7.4,2.2,73.0,3.0,1,1,0,1,1,1,5.3,4.3,2,High
42,Male,22.8,6.0,6.0,6.6,1.69,0.0,4.6,4,1,0,0,0,1,2.2,5.3,1,Medium
24,Female,25.2,5.6,3.4,8.5,2.09,158.0,6.2,5,1,1,0,0,0,9.7,2.2,2,Medium
63,Other,19.9,5.3,1.0,6.7,0.3,226.0,4.5,2,0,0,0,0,1,1.8,3.8,3,Medium
28,Male,22.5,5.2,6.5,8.8,1.39,75.0,2.4,2,0,0,0,0,0,8.2,6.0,2,Medium
27,Male,23.1,9.2,6.7,7.6,2.06,20.0,4.3,4,0,0,1,1,0,1.0,6.3,2,Low
28,Female,18.9,5.6,4.7,2.9,0.89,288.0,0.0,2,0,0,1,0,0,4.3,6.5,1,Low
50,Male,26.2,3.1,6.5,8.1,0.91,208.0,4.1,4,0,0,0,0,1,5.9,2.2,3,High
46,Female,22.2,4.6,4.4,5.7,2.13,110.0,4.6,2,1,1,0,0,1,3.2,10.0,4,High
67,Male,22.9,8.0,7.5,3.8,2.66,251.0,3.3,2,0,0,0,1,1,1.2,1.0,1,Low
37,Female,21.9,6.1,7.4,7.9,1.39,177.0,5.6,0,0,0,1,0,0,2.9,4.2,2,Medium
30,Female,37.8,6.3,1.6,8.6,1.89,347.0,3.6,3,0,1,0,0,1,4.4,1.0,1,Medium
17,Female,21.5,8.4,2.1,4.6,1.91,223.0,3.3,1,1,1,1,0,0,5.4,2.2,4,Low
15,Female,15.2,5.3,9.7,5.0,0.85,0.0,7.0,2,0,1,1,0,0,4.7,2.5,5,High
35,Female,17.3,7.5,7.3,2.1,3.05,78.0,0.9,2,0,0,0,0,0,5.3,7.7,1,Low
65,Male,27.9,5.4,2.4,0.9,1.95,83.0,6.1,0,0,0,1,0,0,5.8,8.7,0,Low
43,Female,30.5,7.4,1.7,5.3,1.96,184.0,5.9,3,0,0,1,0,0,6.7,5.2,3,Medium
64,Male,21.4,5.9,5.7,8.2,2.4,117.0,4.9,2,0,0,0,0,0,3.8,3.5,1,Low
20,Female,30.3,6.1,2.7,4.4,0.85,26.0,2.1,3,0,0,1,0,0,5.8,1.0,2,Medium
20,Male,27.8,7.8,4.5,10.0,2.84,215.0,3.8,3,0,0,0,0,0,2.1,2.7,2,Low
60,Male,23.6,7.7,5.1,5.4,2.94,260.0,1.2,1,0,0,1,1,1,1.0,1.0,2,Low
20,Female,23.3,6.2,5.0,5.4,2.21,139.0,1.8,4,0,0,0,1,0,3.8,3.0,1,Low
17,Male,25.3,5.7,7.7,5.2,2.47,173.0,3.3,1,0,0,1,0,0,10.0,3.8,1,Medium
37,Male,28.4,9.1,9.2,8.7,1.84,44.0,1.1,1,1,0,0,0,0,5.0,5.1,1,Medium
65,Male,26.3,7.4,4.1,3.3,2.79,93.0,2.5,2,0,0,0,0,0,7.1,4.1,1,Low
52,Female,21.5,5.9,2.7,5.6,1.44,97.0,0.6,2,0,1,0,0,1,8.0,3.5,2,Medium
20,Female,23.7,5.5,6.1,4.5,2.07,211.0,4.4,2,0,0,0,0,1,4.2,3.4,4,Medium
61,Male,33.4,8.1,8.8,4.4,2.12,178.0,6.6,0,0,0,1,0,0,8.7,4.3,3,Medium
61,Female,25.6,6.7,4.3,6.1,2.07,114.0,7.8,2,0,0,1,0,0,6.2,7.2,4,Low
59,Male,28.4,6.2,7.1,5.7,2.96,109.0,0.7,2,0,0,1,0,0,7.7,6.2,1,Medium
64,Female,26.9,6.7,3.4,8.9,3.85,0.0,1.1,1,0,0,1,0,1,5.5,3.0,1,Low
28,Male,25.7,7.0,5.2,6.0,2.01,327.0,2.9,1,0,0,0,1,1,5.6,3.8,7,High
68,Female,25.0,6.4,2.6,7.6,2.48,0.0,4.8,1,0,1,0,0,1,8.6,9.3,2,Low
32,Female,28.5,8.4,5.2,6.5,1.46,196.0,2.8,2,1,0,0,0,1,3.8,3.2,2,Low
59,Other,27.7,8.5,4.9,9.9,2.93,154.0,5.4,2,0,0,1,0,0,5.8,6.2,3,Medium
46,Male,25.7,7.4,6.5,5.2,1.69,121.0,4.4,2,1,0,0,0,1,5.2,7.0,2,Low
57,Male,21.4,8.7,9.1,5.2,4.62,149.0,0.0,2,0,0,1,1,1,5.3,4.7,1,Medium
49,Male,26.2,6.5,4.3,8.1,0.76,77.0,3.4,5,0,0,1,0,1,6.8,3.0,1,Medium
50,Female,24.2,7.6,1.0,5.1,3.82,222.0,0.5,4,0,1,0,0,0,5.8,1.0,2,Low
48,Female,23.1,8.1,4.8,7.4,2.89,6.0,2.0,1,0,0,1,1,1,4.9,6.1,1,Low
57,Female,36.6,8.1,5.9,12.5,1.2,186.0,2.3,1,1,1,1,0,0,9.2,5.1,1,High
55,Female,17.6,8.0,5.6,3.3,3.96,75.0,4.9,0,0,0,0,0,1,6.0,2.9,3,Medium
22,Female,28.8,7.5,4.9,10.3,1.36,103.0,3.2,0,1,0,1,0,0,3.4,5.9,3,Medium
60,Male,20.6,9.6,8.5,4.6,1.85,106.0,2.2,3,1,0,0,0,0,5.1,4.9,2,Medium
44,Female,25.1,5.6,5.5,9.7,1.06,132.0,7.9,1,0,1,0,0,1,5.1,2.7,3,Low
32,Female,36.1,6.3,5.0,7.9,1.98,205.0,1.3,2,1,0,1,0,0,3.7,1.2,1,Medium
43,Female,20.2,6.2,3.5,7.7,2.06,146.0,3.9,4,0,0,0,0,0,3.9,3.6,2,Low
68,Female,21.2,5.9,1.4,5.6,2.76,253.0,4.7,3,1,0,1,0,1,4.8,8.0,3,Low
62,Female,24.4,3.3,5.9,5.3,4.05,265.0,3.6,0,0,0,1,0,0,6.3,6.2,1,Medium
60,Male,20.7,8.7,5.7,4.0,1.69,184.0,1.3,2,0,0,0,0,1,2.2,5.5,2,Low
40,Female,28.5,4.9,2.9,6.0,0.3,225.0,1.2,1,1,1,1,1,0,6.5,5.6,1,Medium
58,Male,22.1,6.8,5.1,5.5,2.62,373.0,4.6,3,1,0,1,0,0,4.5,2.6,1,Medium
36,Male,27.4,4.2,4.9,6.5,1.66,0.0,5.5,2,1,0,0,0,0,2.3,3.4,1,Low
52,Male,18.5,7.5,3.8,2.1,3.55,268.0,3.1,1,0,0,1,0,1,6.3,4.8,0,Low
50,Male,16.4,5.2,3.5,6.1,2.07,320.0,0.3,0,0,0,0,0,0,5.8,4.5,1,Low
28,Female,23.5,4.7,6.1,9.5,1.49,198.0,3.3,1,1,0,0,0,0,6.5,2.1,2,Medium
29,Female,17.4,6.8,4.7,8.6,1.29,359.0,6.6,1,0,0,1,0,1,7.8,1.9,1,Low
18,Female,31.3,5.4,3.9,6.1,2.6,345.0,1.0,1,1,0,0,0,1,9.6,4.4,4,High
22,Male,17.6,5.6,3.3,13.2,1.88,113.0,2.5,3,1,0,0,1,1,5.2,3.4,2,Low
38,Male,19.8,6.8,4.9,4.4,3.27,121.0,3.4,4,1,0,1,0,0,4.4,3.9,1,Medium
41,Female,26.4,7.8,7.2,5.8,1.93,208.0,5.6,1,1,0,0,0,1,4.7,4.1,3,Medium
24,Female,21.9,5.2,5.7,1.9,3.23,81.0,2.1,0,0,0,0,0,1,4.2,8.0,1,Medium
37,Male,17.7,4.9,4.7,4.9,1.0,448.0,4.3,1,0,0,0,0,1,3.7,3.5,2,Medium
48,Male,33.7,6.5,5.9,11.0,0.71,237.0,6.3,0,1,0,1,0,1,5.1,5.8,3,Medium
27,Male,20.0,7.4,8.2,5.0,2.76,155.0,0.0,0,1,0,0,1,1,1.2,2.1,3,Low
33,Male,23.6,8.8,6.3,1.7,1.73,0.0,0.4,5,0,0,1,0,1,7.1,7.9,1,High
35,Male,23.6,4.8,5.8,8.4,1.89,178.0,3.0,2,1,0,1,0,0,5.9,8.8,3,High
42,Male,27.7,6.0,6.6,7.1,1.29,20.0,5.4,2,0,0,0,0,1,8.8,3.7,4,Medium
35,Female,26.6,8.4,4.9,8.3,1.23,234.0,4.0,5,0,0,1,0,1,2.9,1.6,2,Low
55,Female,20.8,9.7,5.6,5.2,2.61,0.0,5.6,1,0,0,0,0,0,8.6,1.0,2,Medium
33,Male,23.0,4.9,4.1,3.2,2.08,302.0,0.0,2,0,0,1,0,0,7.4,5.0,1,Medium
38,Male,23.5,5.3,1.8,5.5,1.25,103.0,4.0,3,0,0,1,1,0,2.7,3.9,1,Low
35,Female,27.9,7.1,6.0,7.6,2.73,0.0,0.0,3,0,0,1,0,0,2.3,8.0,4,Medium
25,Male,19.2,5.6,6.0,5.8,3.04,148.0,6.2,5,1,0,0,0,0,5.9,5.3,0,Low
52,Female,33.6,5.3,4.6,7.1,2.01,152.0,5.9,8,0,1,0,0,0,6.5,3.0,5,High
27,Male,21.1,6.9,7.5,4.5,2.9,143.0,2.5,1,0,0,1,0,1,7.0,6.8,3,Low
31,Female,24.5,9.0,3.6,7.2,1.3,302.0,0.0,2,0,0,0,0,1,3.5,1.0,1,Medium
58,Male,19.3,4.4,1.3,6.0,2.56,192.0,2.8,2,0,0,0,0,0,10.0,4.5,2,Medium
67,Female,18.7,8.9,3.7,4.0,2.23,238.0,5.7,0,0,1,0,0,0,2.2,4.8,0,Low
51,Female,20.6,5.6,1.8,6.4,1.47,123.0,4.2,0,0,0,1,0,1,8.0,5.8,1,Low
65,Female,20.1,7.1,5.9,4.9,3.74,197.0,7.3,5,0,0,0,0,0,1.0,3.3,2,Low
61,Male,22.6,9.0,3.5,7.7,2.29,6.0,2.6,2,1,0,0,0,0,3.1,4.2,1,Medium
41,Female,20.1,7.0,7.4,8.4,1.63,178.0,7.7,2,0,1,1,0,0,7.3,3.4,3,High
57,Female,27.6,6.0,7.3,7.4,2.12,67.0,0.0,1,0,1,1,0,1,9.4,5.8,2,High
33,Male,21.0,7.6,3.2,1.4,1.4,295.0,1.6,0,0,0,0,0,0,7.9,6.4,2,Medium
40,Female,20.5,6.2,3.4,3.3,1.17,158.0,0.4,0,0,0,1,0,0,4.6,2.6,3,Low
44,Female,22.7,7.3,6.4,4.2,1.74,223.0,4.9,5,0,1,0,0,1,2.2,6.3,4,Medium
67,Female,29.0,6.2,7.4,3.8,1.79,179.0,0.6,0,1,1,1,0,0,8.2,1.7,2,High
61,Male,25.5,7.9,1.0,4.5,1.46,349.0,5.5,4,0,0,1,0,0,4.6,4.0,3,Low
41,Female,24.1,4.3,5.8,8.6,3.1,0.0,4.8,5,0,1,0,0,1,8.7,6.7,3,High
50,Female,18.1,4.9,1.0,8.0,1.49,137.0,3.6,4,0,1,1,0,0,7.9,3.5,3,Medium
26,Female,19.4,4.2,4.0,4.8,1.35,44.0,3.0,4,1,1,0,0,1,6.4,3.4,2,High
59,Female,18.7,6.4,7.6,7.7,1.15,0.0,0.9,4,0,0,0,0,0,3.0,5.1,1,Medium
45,Female,30.4,4.1,10.0,6.9,1.07,37.0,4.6,2,0,0,0,0,0,3.2,1.0,1,Medium
44,Female,26.9,5.4,4.7,5.9,2.92,279.0,2.1,0,0,0,1,0,0,6.6,2.9,2,Low
57,Female,20.6,4.7,2.5,9.2,2.31,147.0,4.9,2,1,1,0,0,0,5.5,3.7,1,High
49,Female,22.0,8.9,4.1,4.1,2.65,126.0,6.5,2,1,0,1,0,0,9.8,4.1,5,Medium
18,Male,20.8,4.9,5.3,6.1,2.91,235.0,2.5,1,0,0,1,0,1,6.6,5.1,2,Medium
30,Female,20.5,4.4,3.7,3.1,1.83,163.0,6.1,1,1,1,0,0,1,6.4,4.5,4,High
24,Female,26.6,6.9,3.2,3.2,3.28,217.0,3.6,1,1,0,1,0,0,9.0,7.5,2,Medium
55,Male,23.2,9.2,4.3,2.2,1.6,186.0,4.5,2,0,0,0,0,0,3.5,8.8,1,Low
16,Male,33.9,6.3,6.1,3.2,1.22,210.0,0.3,3,0,0,0,0,0,6.4,4.3,1,Low
26,Male,30.1,6.4,4.8,6.2,2.4,101.0,1.7,0,1,0,0,0,1,3.0,3.0,4,Low
47,Female,30.4,8.6,3.3,5.2,2.22,265.0,1.7,5,0,1,1,1,1,7.4,7.6,0,High
53,Female,27.5,7.9,3.7,5.2,2.21,17.0,6.2,1,1,0,1,0,0,9.1,4.0,2,Low
42,Female,22.6,7.2,4.3,5.2,2.91,141.0,2.5,0,1,1,1,0,0,5.6,3.1,2,Low
62,Female,27.2,5.6,3.0,11.0,2.18,271.0,4.6,1,1,0,1,0,1,1.0,6.5,2,Medium
65,Female,22.9,7.2,3.6,2.8,2.35,133.0,3.1,3,1,1,0,0,0,7.7,4.6,7,High
22,Male,31.8,4.3,6.6,2.5,3.19,103.0,2.4,1,1,0,0,0,0,8.9,6.6,2,High
67,Female,26.3,5.5,4.7,3.6,2.31,402.0,0.0,2,0,0,1,0,0,3.3,2.9,4,Low
48,Male,25.7,8.8,1.3,5.8,2.5,306.0,0.0,5,0,0,0,0,0,3.5,3.9,1,Low
49,Female,25.1,8.6,7.5,7.4,0.97,166.0,2.5,0,0,0,0,0,0,7.6,6.6,2,Medium
20,Female,32.3,7.2,6.1,7.7,5.0,43.0,2.6,2,0,0,1,0,0,2.8,1.0,2,Low
49,Male,18.0,3.4,2.2,8.6,0.83,0.0,1.3,2,0,0,0,1,0,2.4,3.5,2,Medium
54,Male,32.8,4.6,4.4,5.7,1.67,228.0,3.5,0,0,0,0,0,0,2.9,7.0,1,Medium
46,Female,23.7,5.4,3.5,4.9,1.64,289.0,7.5,2,0,1,1,0,1,4.0,4.0,3,Medium
19,Male,18.2,6.2,6.7,10.6,3.79,194.0,6.5,3,1,0,0,0,1,7.0,7.2,1,Medium
43,Female,21.1,4.5,4.4,0.0,1.62,0.0,3.2,3,0,0,1,0,0,5.5,2.8,0,Low
66,Female,17.1,6.1,5.0,6.2,2.45,168.0,3.3,3,0,1,1,0,0,7.5,5.2,1,Medium
54,Male,27.4,9.3,4.8,7.2,1.65,96.0,4.5,4,1,0,1,1,0,6.6,3.9,2,Low
22,Female,19.8,7.1,1.9,11.2,1.27,168.0,3.7,4,1,0,1,1,0,8.5,1.0,3,High
67,Female,25.3,6.9,8.3,1.4,2.56,364.0,4.5,2,0,0,0,0,0,7.8,3.8,1,Medium
67,Female,29.6,4.9,6.7,4.8,1.52,237.0,3.7,2,0,0,0,1,0,2.4,3.5,3,High
24,Female,21.5,3.9,3.6,2.2,2.27,213.0,3.3,2,0,1,1,0,0,4.3,3.1,1,Low
59,Female,23.3,4.5,5.6,1.0,2.6,145.0,1.7,2,1,1,0,0,0,8.3,2.5,1,Medium
37,Female,18.6,3.8,7.3,5.4,3.63,196.0,3.9,0,0,1,1,0,0,6.2,8.0,1,Medium
47,Male,22.8,6.6,5.3,8.3,1.09,70.0,0.0,5,1,0,0,0,1,3.8,3.0,1,High
39,Male,36.1,7.1,8.6,9.4,1.98,211.0,3.7,4,1,0,0,0,0,4.2,5.4,0,Medium
58,Female,28.0,5.0,10.0,4.5,2.01,129.0,0.0,2,0,0,0,0,1,7.3,4.3,0,Medium
69,Female,23.3,6.7,4.9,7.9,2.1,60.0,3.7,0,1,1,0,0,0,4.2,6.6,1,Low
58,Male,21.7,8.9,3.9,5.4,4.16,240.0,1.0,1,0,0,0,0,0,8.0,8.8,3,Medium
66,Female,24.3,9.6,3.0,7.6,1.96,0.0,5.9,3,0,1,0,0,0,4.6,8.3,2,Medium
67,Female,25.1,7.7,1.0,9.2,0.3,90.0,3.3,2,1,0,0,0,0,8.8,3.3,1,Medium
19,Male,22.6,6.2,7.9,5.5,1.94,217.0,3.1,1,0,0,0,0,0,8.0,5.9,1,Medium
28,Female,26.9,7.7,4.4,9.0,2.01,285.0,4.0,1,1,0,0,0,0,3.7,7.4,0,Medium
54,Female,20.2,8.7,7.1,2.6,1.91,202.0,1.2,3,1,1,1,0,0,7.0,3.9,1,High
47,Female,20.2,3.3,7.6,7.8,1.53,76.0,5.6,4,0,1,0,1,0,1.7,7.0,2,High
17,Female,26.2,8.9,2.8,8.9,1.04,144.0,4.6,1,0,0,0,0,0,5.2,4.7,3,High
20,Female,19.2,5.6,3.2,8.6,3.83,182.0,1.9,6,0,0,0,0,0,5.0,1.5,2,Low
43,Male,27.8,5.6,9.0,2.7,2.35,322.0,0.8,2,0,0,0,0,0,1.0,9.4,3,Medium
48,Female,24.4,5.9,5.0,5.4,1.95,251.0,2.2,1,0,1,0,0,0,1.0,1.0,6,Medium
24,Male,16.3,7.0,3.7,6.8,3.8,252.0,2.8,2,1,0,1,0,1,8.0,1.3,1,Medium
24,Male,25.0,4.7,2.9,7.2,1.41,157.0,0.6,0,0,0,0,0,0,4.9,3.5,3,Low
22,Female,16.9,6.0,4.9,6.3,2.58,32.0,2.0,1,1,0,1,0,0,5.4,6.8,2,Low
46,Female,27.6,7.3,8.5,10.0,1.1,0.0,1.7,1,1,0,0,0,1,4.3,6.0,2,High
15,Female,23.4,6.8,6.7,2.4,2.7,117.0,2.6,1,1,1,0,1,0,8.2,9.1,4,High
46,Male,32.8,7.1,5.6,5.3,1.19,227.0,2.6,1,0,0,1,0,1,1.3,7.0,0,Medium
41,Female,29.3,6.0,8.7,1.3,2.48,95.0,4.1,3,0,0,0,0,0,7.1,5.0,2,Medium
40,Male,19.7,7.6,8.3,7.7,3.66,213.0,3.1,0,1,0,1,0,0,9.9,7.5,2,Medium
52,Male,15.4,8.2,5.9,7.6,2.17,63.0,3.9,1,0,0,1,1,0,3.0,3.9,2,Medium
43,Male,21.1,8.1,10.0,15.4,0.35,80.0,3.5,2,0,0,0,0,0,2.6,4.9,2,High
55,Other,19.0,7.2,4.7,8.9,2.13,305.0,2.6,1,1,0,0,1,1,6.0,3.4,3,Medium
57,Male,32.7,8.0,7.6,6.9,2.48,234.0,4.5,2,0,0,0,0,1,6.6,7.2,2,Low
65,Male,24.5,7.9,4.3,6.7,2.82,116.0,0.0,2,0,0,0,0,0,1.8,3.7,2,Low
58,Male,28.7,10.8,7.2,5.1,3.28,59.0,2.2,0,0,0,0,1,0,4.1,1.4,2,Low
43,Male,23.2,8.4,4.7,6.4,3.32,254.0,1.7,2,0,0,0,1,1,8.8,1.4,3,Low
42,Male,23.7,6.4,6.2,6.8,2.0,246.0,3.3,3,0,0,0,1,0,9.8,1.9,3,High
27,Male,24.4,5.0,10.0,0.5,1.57,220.0,1.6,1,0,0,1,0,0,4.6,5.7,0,Medium
47,Female,29.5,6.1,7.3,6.6,1.21,130.0,4.2,2,0,0,0,1,0,5.3,4.2,5,High
22,Male,25.9,6.0,6.2,6.3,1.67,30.0,4.6,2,0,0,0,0,0,5.8,4.6,3,Medium
66,Female,19.7,7.3,3.5,10.9,2.48,148.0,0.0,2,0,1,0,0,0,1.0,5.5,1,Low
61,Male,31.8,5.4,5.6,5.6,1.02,305.0,3.5,3,0,0,1,0,0,3.1,5.8,4,High
21,Female,23.2,8.4,3.0,3.9,1.36,50.0,0.2,0,0,0,1,0,1,4.9,3.8,3,Medium
58,Male,22.5,4.3,7.2,6.8,2.55,155.0,4.1,1,1,0,0,0,0,10.0,4.3,2,High
21,Male,15.0,3.9,7.1,6.2,1.58,330.0,2.0,3,0,0,1,1,0,6.1,3.5,2,High
54,Male,27.4,6.3,4.8,5.6,2.4,117.0,1.2,0,0,0,1,0,0,8.6,5.5,2,Medium
19,Female,25.0,5.2,8.9,2.4,1.45,136.0,0.0,4,0,0,0,0,1,4.5,4.3,2,High
41,Male,24.9,4.5,8.6,5.6,2.33,1.0,2.8,1,0,0,0,0,0,6.1,2.5,4,High
51,Male,22.7,5.5,5.5,4.4,1.48,219.0,0.5,1,0,0,1,0,1,2.6,4.8,3,Low
55,Male,21.9,5.3,6.4,5.4,0.58,69.0,0.0,1,0,0,1,0,0,1.3,6.2,1,Medium
38,Male,22.8,6.5,3.9,8.1,2.86,0.0,3.4,3,0,0,1,0,0,2.2,8.8,2,Low
65,Male,26.6,5.5,4.6,4.1,1.54,45.0,5.1,1,0,0,0,0,0,3.9,1.8,6,Low
57,Male,27.4,5.6,2.8,5.4,1.9,173.0,3.9,2,1,0,0,0,1,4.7,1.5,1,Medium
26,Female,23.5,6.5,4.1,7.5,1.55,0.0,0.0,1,0,1,0,0,0,3.4,1.1,0,Low
51,Other,28.8,8.1,5.0,5.2,2.54,0.0,2.7,1,1,0,0,0,0,1.0,3.1,0,Low
55,Female,24.1,8.9,1.5,13.3,2.37,212.0,4.5,3,1,0,1,0,0,6.6,4.1,3,Medium
33,Male,22.2,6.7,6.5,6.7,2.53,142.0,2.7,2,1,0,0,0,0,2.7,3.5,4,High
55,Male,25.4,6.9,7.4,2.5,1.66,49.0,3.7,1,0,0,1,1,0,4.9,1.1,1,Low
64,Female,18.4,6.2,5.2,3.6,2.06,115.0,2.0,2,0,1,1,0,0,2.9,8.0,2,Low
59,Female,25.5,7.3,1.0,3.4,2.43,341.0,2.2,0,0,1,1,0,1,7.3,1.0,1,Low
56,Female,17.6,7.1,4.6,3.7,3.34,291.0,1.5,1,0,1,1,0,0,1.0,8.8,3,Medium
49,Male,19.9,8.6,2.1,7.5,2.35,138.0,4.3,2,0,0,1,0,0,7.0,5.9,4,Low
29,Female,15.4,3.5,3.9,2.9,1.3,240.0,4.5,5,0,1,0,1,0,3.6,8.0,2,Medium
58,Female,23.7,6.1,8.4,5.1,2.31,163.0,1.8,1,0,0,1,1,1,3.9,2.2,2,Medium
35,Male,31.7,7.0,1.0,9.2,1.97,0.0,4.7,1,1,0,1,0,0,4.8,3.7,0,Low
44,Female,24.0,6.5,3.4,4.5,0.5,0.0,0.0,3,0,1,0,0,0,4.5,4.1,0,Low
32,Male,27.4,5.0,7.0,7.9,0.62,50.0,2.6,1,0,0,0,0,0,8.2,3.5,3,Medium
32,Female,35.1,4.4,3.7,1.3,2.05,0.0,0.0,3,0,0,0,0,0,6.3,5.2,4,Low
23,Female,26.3,7.8,3.5,5.0,2.11,180.0,0.5,1,1,0,0,0,0,8.0,5.2,2,Medium
67,Female,21.1,5.3,9.7,3.5,1.86,90.0,0.0,0,0,1,0,0,1,5.9,2.5,1,Low
23,Female,21.7,3.7,6.0,6.8,2.81,197.0,1.6,1,0,1,0,0,0,4.3,9.1,2,Medium
19,Female,24.5,7.9,7.3,3.1,1.35,198.0,4.4,2,1,0,1,0,0,4.4,1.9,3,Medium
66,Male,21.7,7.2,6.3,11.8,0.99,226.0,2.8,1,0,0,0,0,0,1.0,5.8,4,Medium
45,Female,22.0,6.3,5.6,1.4,1.44,48.0,1.7,1,0,0,0,0,1,9.4,5.2,2,Medium
39,Female,28.9,5.0,8.0,9.2,1.61,207.0,2.6,2,0,0,0,1,0,4.3,5.3,2,High
55,Female,29.1,6.3,9.4,8.5,2.05,45.0,0.0,2,0,1,1,0,0,1.0,1.0,1,Medium
36,Female,17.1,8.4,1.5,6.9,1.46,228.0,4.3,3,1,0,0,1,1,2.1,4.2,0,Low
22,Male,20.8,3.9,5.1,6.2,0.39,284.0,0.0,4,0,0,0,1,0,1.0,4.2,3,High
55,Female,22.4,4.0,5.1,11.2,0.3,230.0,1.4,2,1,0,0,0,1,2.8,5.5,4,High
24,Other,27.2,5.5,4.3,12.9,2.2,131.0,2.8,2,1,0,0,0,0,6.0,1.4,3,High
45,Female,29.6,6.5,7.4,5.4,1.2,212.0,4.0,2,1,1,0,1,0,1.0,5.4,0,Medium
67,Female,36.7,5.7,5.8,6.4,0.5,0.0,3.5,2,0,1,1,0,0,7.9,6.6,0,High
66,Female,22.4,7.5,9.4,4.5,2.6,0.0,2.9,2,0,0,0,0,0,3.1,6.2,0,Low
34,Female,22.6,8.2,7.6,2.7,3.34,201.0,6.2,2,1,1,0,0,0,4.1,4.7,2,Low
57,Male,27.1,6.9,8.2,7.3,2.02,294.0,7.4,2,0,0,0,0,0,4.5,7.5,2,Low
48,Female,21.4,7.4,2.6,6.7,2.31,15.0,3.0,2,1,1,1,0,0,1.9,6.8,1,Low
41,Female,23.9,6.9,3.4,1.5,2.32,152.0,2.8,2,1,0,0,0,0,6.4,2.9,0,Low
22,Male,22.6,6.5,3.6,7.3,0.3,198.0,2.6,0,1,0,0,1,1,1.1,5.1,0,Medium
35,Male,15.0,4.4,8.1,6.8,2.81,82.0,1.7,1,1,0,1,0,0,8.5,7.0,2,High
50,Male,25.1,4.9,3.1,4.3,3.09,113.0,3.8,0,1,0,1,0,0,2.0,8.5,1,Low
69,Male,23.7,4.3,3.1,4.1,3.57,217.0,5.8,3,1,0,1,1,0,4.5,3.1,2,High
15,Male,30.2,6.3,2.7,7.2,1.75,162.0,0.0,1,0,0,0,0,0,2.9,2.5,0,Low
54,Male,24.5,6.9,10.0,10.5,1.19,162.0,2.6,1,0,0,0,0,0,7.4,2.1,3,High
61,Male,18.9,4.2,4.9,7.1,3.19,42.0,6.3,1,0,0,0,1,0,1.8,1.5,4,Low
67,Female,23.3,6.6,6.4,8.2,2.5,147.0,3.9,1,0,0,1,1,0,8.2,4.7,3,Medium
38,Male,15.1,5.1,2.7,3.7,2.8,106.0,3.9,2,0,0,0,1,0,10.0,3.1,5,Low
21,Female,19.1,4.8,7.3,4.8,1.58,112.0,0.0,1,0,1,0,1,1,1.2,6.0,2,High
29,Male,27.4,5.5,1.3,7.7,2.32,90.0,4.5,0,0,0,0,0,0,1.0,3.2,2,Low
61,Male,23.4,4.7,3.0,2.2,1.26,147.0,5.2,4,0,0,1,1,1,4.0,1.9,0,Low
63,Female,28.7,7.5,3.6,6.6,2.1,54.0,3.4,1,1,0,1,0,0,5.0,6.9,1,Low
50,Male,15.6,6.2,5.7,7.4,1.82,151.0,1.6,2,0,0,1,0,0,4.1,4.5,2,Low
21,Male,23.4,7.8,3.5,5.9,3.97,110.0,4.0,0,0,0,0,1,0,4.0,6.7,1,Low
21,Female,22.4,5.8,8.6,6.9,2.54,47.0,0.7,2,1,0,1,0,0,6.4,3.4,1,High
41,Female,28.8,5.9,6.3,6.2,0.38,0.0,0.4,3,0,1,1,0,1,5.6,8.8,2,High
47,Male,27.5,9.5,3.7,4.3,2.1,254.0,4.8,2,0,0,0,0,0,1.0,5.5,2,Low
16,Male,27.4,3.9,7.4,2.7,2.39,232.0,5.4,1,0,0,0,0,1,2.8,2.0,0,Medium
52,Female,31.4,8.6,4.3,5.7,1.72,61.0,1.4,1,1,1,1,0,0,8.0,1.0,1,Medium
44,Female,22.8,9.1,3.9,9.7,1.22,225.0,0.4,4,0,1,0,0,1,5.1,5.3,2,High
15,Male,30.5,7.7,7.2,8.9,2.63,37.0,1.1,2,0,0,0,1,1,4.6,5.7,2,Medium
20,Female,19.8,6.0,1.0,5.0,1.33,116.0,3.4,1,1,1,0,1,0,1.5,6.3,2,Low
39,Female,19.6,8.8,6.8,5.0,2.56,92.0,0.4,3,0,1,0,0,0,6.6,1.0,0,Low
54,Female,27.9,6.0,3.6,4.8,1.26,119.0,5.8,4,1,0,0,0,1,4.7,1.0,0,Low
60,Female,17.7,5.4,3.6,4.8,1.67,221.0,2.0,0,0,0,1,1,0,4.7,1.0,1,Medium
38,Male,27.1,5.9,9.5,6.8,2.86,106.0,3.8,3,0,0,0,0,0,7.2,2.4,1,High
31,Male,25.0,5.6,4.0,9.0,2.49,113.0,1.4,2,1,0,0,0,0,2.1,6.1,2,Medium
68,Male,29.3,5.0,7.3,12.3,2.13,232.0,4.3,1,1,0,1,0,1,7.7,4.7,3,High
40,Male,24.2,8.3,5.8,3.7,2.08,157.0,4.5,0,0,0,1,0,0,5.5,1.0,0,Low
32,Female,24.8,5.3,6.0,7.8,2.17,85.0,0.0,1,0,0,0,0,0,7.6,1.0,4,Low
39,Female,26.8,6.5,4.6,7.5,1.47,176.0,1.5,6,0,0,0,1,0,4.0,5.4,2,Low
15,Female,21.5,4.2,4.5,5.1,0.89,259.0,2.7,0,1,1,0,0,0,7.9,7.4,4,High
31,Female,21.3,6.5,8.6,3.1,2.56,266.0,1.8,5,1,1,0,0,0,1.0,5.8,2,Medium
43,Female,26.6,4.7,7.2,6.8,3.32,4.0,4.9,1,1,0,0,0,0,1.3,8.3,2,Low
65,Female,24.4,4.6,4.1,11.9,2.58,10.0,1.7,2,1,0,1,0,0,2.4,5.6,1,High
55,Female,22.7,6.3,2.9,6.8,2.3,260.0,4.6,1,0,1,0,0,0,2.8,8.3,0,Low
57,Female,24.1,8.2,3.9,3.8,1.13,118.0,4.1,3,0,1,0,0,1,7.5,10.0,4,High
44,Male,31.7,7.2,7.4,5.6,2.8,0.0,2.8,1,1,0,0,0,0,1.0,4.1,0,Low
21,Male,22.5,7.3,7.8,2.8,2.49,70.0,4.7,3,0,0,0,0,0,7.0,6.3,2,Low
36,Male,22.4,6.3,6.4,6.1,2.71,102.0,0.0,2,0,0,0,0,0,4.7,1.0,5,Low
69,Male,16.8,6.0,1.6,7.9,2.93,116.0,2.9,2,0,0,0,1,0,1.9,6.4,1,Low
17,Male,24.3,7.8,6.9,4.1,3.37,234.0,1.3,1,1,0,0,1,0,9.1,2.1,0,Medium
63,Female,27.5,5.6,8.1,0.0,1.21,48.0,2.8,0,1,0,1,0,0,1.4,6.1,1,Medium
52,Male,28.3,7.8,5.6,6.8,1.07,253.0,2.0,1,0,0,0,0,1,7.0,3.5,4,Low
30,Female,25.0,8.5,9.6,4.6,2.22,181.0,3.1,1,0,1,0,1,1,8.0,5.7,1,Low
57,Female,28.8,5.2,2.3,3.9,1.36,8.0,3.0,0,0,0,1,0,0,1.0,1.8,1,Low
61,Female,27.8,5.4,6.7,3.9,1.22,115.0,3.3,3,0,0,1,0,0,2.1,3.8,2,Medium
17,Female,29.5,5.6,3.0,7.1,3.08,204.0,3.4,1,0,0,0,0,0,8.1,6.4,2,Low
20,Female,28.9,4.2,7.5,4.9,1.29,154.0,4.3,3,0,1,1,0,0,5.2,5.5,3,High
51,Male,31.6,5.7,6.5,8.6,2.09,192.0,0.2,3,0,0,0,0,1,6.4,1.0,2,Medium
69,Male,23.7,8.6,9.2,8.7,0.79,85.0,4.1,1,1,0,1,0,0,4.9,4.3,1,High
16,Male,18.5,4.8,6.3,5.2,2.15,211.0,0.0,2,0,0,1,1,0,6.7,3.1,0,Medium
51,Male,27.5,8.6,4.3,4.5,3.05,106.0,0.0,1,1,0,1,0,0,1.7,2.2,5,Low
22,Female,28.0,5.8,4.1,6.4,3.07,430.0,7.3,1,0,0,1,0,0,6.6,2.9,0,Low
50,Female,31.6,9.9,4.6,5.6,2.94,5.0,0.9,1,0,0,0,0,0,4.3,6.5,3,Low
49,Male,30.3,5.4,4.1,1.1,2.04,447.0,2.0,4,0,0,0,0,0,4.2,8.4,1,Low
19,Female,33.3,6.3,8.2,11.4,2.99,45.0,0.0,0,1,0,0,0,0,1.4,6.1,4,High
52,Female,27.3,5.0,8.0,8.0,2.44,290.0,2.0,5,0,0,1,0,0,1.0,3.1,1,Low
64,Female,25.5,5.4,1.9,4.7,1.75,241.0,3.5,1,0,1,1,0,1,4.4,4.7,3,Low
62,Male,18.3,8.6,5.3,0.6,2.41,50.0,3.5,2,1,0,0,0,0,7.8,4.7,2,Medium
16,Male,25.9,7.3,5.3,5.5,2.81,216.0,0.3,4,1,0,0,0,0,5.3,6.8,0,Low
28,Female,22.0,8.1,3.5,4.4,1.04,95.0,2.0,1,1,0,0,0,1,2.3,4.7,2,Medium
28,Male,25.5,4.4,6.2,5.8,1.25,180.0,3.8,1,1,0,0,0,1,4.3,6.1,4,High
39,Female,24.7,7.5,8.4,0.0,1.99,166.0,3.5,1,0,0,1,0,0,4.1,4.8,1,Low
22,Female,26.6,4.9,7.2,4.7,1.12,112.0,3.3,3,0,0,1,0,0,2.7,5.9,3,High
61,Female,24.1,4.4,8.2,4.8,1.11,102.0,4.7,0,0,1,0,0,0,5.8,6.8,1,High
57,Female,28.7,6.9,3.6,5.5,1.76,187.0,2.8,4,0,1,0,1,0,2.3,2.0,0,Low
59,Male,15.0,6.9,5.3,5.3,2.89,51.0,6.1,3,1,0,1,0,0,3.1,4.2,0,High
25,Female,25.4,6.6,3.5,6.1,2.88,55.0,2.4,0,1,1,1,0,0,2.0,4.0,5,Low
15,Male,29.9,7.6,5.7,10.3,2.36,255.0,4.5,3,0,0,0,0,0,2.9,6.5,2,Low
65,Female,32.9,7.9,5.9,4.6,2.24,197.0,4.6,2,0,0,1,0,0,8.6,4.6,1,Low
30,Male,27.8,8.9,7.3,3.4,3.77,6.0,0.0,2,0,0,0,0,1,3.0,2.8,3,Medium
51,Male,32.1,4.6,8.1,1.2,1.67,40.0,4.0,1,0,0,0,0,1,3.6,3.6,4,Medium
65,Male,25.3,8.9,6.7,4.6,2.29,0.0,1.6,0,0,0,1,1,1,6.8,4.9,0,Medium
16,Male,24.5,9.5,3.3,2.1,1.63,250.0,0.8,0,1,0,1,0,0,7.4,6.0,2,Medium
15,Male,26.9,5.9,2.2,8.7,1.07,226.0,2.1,1,1,0,0,0,1,3.5,2.9,0,Low
15,Female,24.5,3.8,6.3,5.7,3.05,30.0,3.4,1,0,1,0,1,0,7.9,3.3,1,Medium
23,Male,21.0,4.3,8.5,8.6,1.86,221.0,0.0,0,1,0,0,1,0,2.3,3.2,0,High
17,Male,22.2,5.8,5.1,10.1,2.66,368.0,3.1,3,1,0,1,0,0,6.5,3.3,3,High
60,Female,19.5,9.7,1.8,3.6,1.9,0.0,2.5,3,1,0,0,0,0,4.6,3.6,2,Low
48,Female,26.9,6.5,9.8,5.0,3.1,82.0,5.3,3,0,0,0,0,0,5.9,5.5,2,Low
68,Female,24.6,5.5,6.3,9.7,1.3,0.0,1.6,4,0,1,1,0,0,6.3,6.8,4,High
59,Female,22.9,5.4,5.6,6.5,3.03,254.0,5.6,5,0,0,1,0,0,4.6,3.2,3,High
67,Female,21.9,4.4,2.6,7.5,2.82,139.0,3.9,1,1,1,0,0,0,6.1,1.0,0,Medium
28,Female,26.8,7.9,5.2,8.9,0.66,106.0,2.9,0,0,0,0,0,1,6.8,5.3,1,Low
30,Male,28.0,6.4,6.7,8.5,1.69,175.0,5.8,2,0,0,1,0,1,1.0,1.0,0,Low
61,Female,19.4,9.9,6.3,7.1,2.92,89.0,7.2,1,1,1,0,0,0,2.6,7.8,0,Low
28,Male,18.7,7.5,3.7,9.9,3.41,106.0,2.5,2,0,0,1,0,1,7.1,4.4,3,High
18,Female,28.8,7.8,5.1,5.8,2.67,180.0,1.4,1,0,0,0,1,0,1.0,5.1,5,Low
51,Male,18.3,6.1,3.8,7.5,1.78,83.0,3.9,0,0,0,0,0,0,2.0,7.1,1,Low
59,Female,27.0,4.8,8.9,5.5,1.33,98.0,0.0,1,0,1,0,0,1,8.7,4.0,1,High
68,Female,31.8,5.1,7.2,8.9,2.55,133.0,0.1,4,0,0,0,1,1,3.9,5.5,3,Medium
66,Female,31.8,4.3,4.0,4.0,1.76,160.0,5.9,1,0,1,1,0,1,5.3,5.5,1,Medium
21,Male,27.8,8.0,2.6,1.3,1.79,216.0,4.3,2,0,0,0,1,1,5.8,8.7,1,Medium
57,Female,27.7,5.9,5.8,7.8,1.92,214.0,1.1,7,0,1,0,1,0,5.9,9.5,3,High
61,Male,34.6,8.0,4.1,3.1,2.81,0.0,9.9,2,0,0,1,0,1,3.5,4.5,0,Low
53,Female,15.0,6.7,4.3,2.9,3.55,305.0,0.0,3,1,1,0,0,0,3.9,8.2,2,High
60,Male,22.4,6.0,2.7,9.5,2.92,157.0,4.4,3,0,0,0,0,1,10.0,1.0,2,Low
61,Female,28.3,4.6,3.0,8.7,2.11,114.0,1.2,4,1,0,1,0,0,1.5,4.0,4,High
39,Male,23.0,7.0,5.6,5.0,1.38,51.0,6.9,1,0,0,0,0,1,3.1,6.1,2,Medium
17,Female,30.1,6.2,4.6,0.0,2.63,369.0,1.8,2,0,1,0,0,1,1.9,1.2,5,Low
40,Female,24.3,7.9,10.0,7.5,3.43,410.0,2.4,3,0,0,0,0,0,4.3,9.8,3,High
26,Female,25.1,5.4,6.5,7.9,2.9,355.0,0.0,3,1,0,1,0,0,2.5,8.1,1,High
21,Female,23.3,7.5,2.7,7.4,2.27,163.0,7.6,5,1,0,0,0,1,8.0,3.7,2,Low
21,Female,22.1,9.1,1.8,7.3,1.71,188.0,1.6,4,0,1,0,0,0,8.8,9.8,3,High
53,Other,22.0,6.9,6.1,5.5,2.38,314.0,4.1,1,0,0,0,0,0,4.7,6.5,2,Low
42,Female,25.7,7.8,4.3,4.9,3.02,124.0,3.0,3,0,0,0,0,0,2.3,5.2,2,Low
44,Female,21.0,7.4,8.1,2.9,2.29,210.0,1.8,1,1,1,0,0,0,9.4,5.7,2,High
55,Male,28.8,9.5,5.8,4.0,2.02,175.0,0.0,2,0,0,0,1,1,2.9,2.8,2,Low
45,Female,27.4,7.1,1.0,6.9,1.55,361.0,2.5,2,1,0,1,1,1,5.4,5.0,2,High
49,Female,29.4,7.6,3.0,6.9,4.17,308.0,2.4,2,0,1,1,0,0,5.7,2.6,2,Medium
19,Male,19.4,6.4,3.7,8.2,1.39,135.0,3.7,3,0,0,1,1,0,2.4,4.6,2,Low
61,Male,16.9,5.3,6.2,2.1,1.31,318.0,7.7,4,0,0,1,0,1,3.8,4.9,3,Low
39,Male,24.5,4.6,2.9,1.4,2.23,150.0,4.4,1,0,0,1,0,0,9.4,5.1,1,Low
23,Female,37.5,8.5,5.5,4.9,1.94,90.0,4.9,3,0,1,0,0,1,5.5,4.6,2,Medium
59,Other,30.2,4.9,2.3,3.1,2.92,119.0,2.3,0,0,0,0,0,0,6.0,10.0,1,Low
55,Female,22.0,7.7,5.2,6.5,2.95,166.0,0.1,2,0,0,1,0,1,6.8,1.0,2,Low
17,Other,26.4,7.2,6.0,2.3,1.13,64.0,2.4,4,0,0,0,0,0,5.9,1.0,3,Medium
25,Male,27.8,8.0,8.4,9.3,1.5,93.0,1.4,5,0,0,0,0,0,7.3,2.5,1,Medium
15,Male,18.3,5.7,5.7,3.7,1.4,0.0,2.9,2,0,0,1,0,0,6.2,4.6,4,Medium
29,Female,30.7,5.2,3.4,10.5,2.73,60.0,1.9,3,1,0,0,1,0,4.5,3.6,1,Medium
20,Female,23.7,7.1,8.5,7.5,2.44,176.0,0.0,3,1,1,0,0,1,10.0,1.2,4,High
54,Male,24.1,6.0,4.8,3.0,1.8,265.0,5.8,1,0,0,1,0,1,3.3,9.2,3,Low
43,Female,24.6,4.5,6.9,11.9,2.27,251.0,2.7,2,0,0,0,1,0,3.9,5.9,1,Medium
68,Female,29.7,9.6,3.9,6.7,1.2,197.0,2.3,2,1,0,0,0,0,8.3,3.8,2,Medium
56,Male,21.1,5.2,5.4,6.5,1.51,0.0,0.6,0,1,0,0,0,0,6.8,2.4,4,High
48,Male,16.8,4.9,3.4,5.8,1.06,55.0,2.0,1,1,0,0,0,1,3.8,4.0,0,Medium
43,Female,26.0,6.1,5.9,7.3,2.22,128.0,1.1,3,0,0,0,0,1,3.6,3.4,0,Low
17,Female,15.3,8.5,7.0,7.5,2.21,256.0,0.4,4,0,1,0,0,0,4.8,5.5,1,High
18,Female,23.1,3.0,4.1,3.6,1.31,89.0,3.4,1,0,0,0,0,0,5.6,1.5,0,Low
48,Female,29.8,8.4,4.0,5.4,2.44,16.0,2.0,3,1,1,1,1,1,4.9,2.7,0,Medium
15,Female,27.1,5.0,6.0,6.3,2.95,309.0,4.6,3,0,0,0,1,0,3.6,6.6,1,Medium
17,Male,29.2,6.9,3.4,7.6,1.28,69.0,2.2,3,0,0,1,0,1,6.6,3.1,1,Medium
27,Male,27.3,5.4,1.9,7.7,1.84,26.0,3.3,3,0,0,1,0,0,5.0,6.1,3,Low
63,Female,35.3,9.7,6.0,6.5,2.51,175.0,3.2,1,0,1,0,0,1,7.1,4.4,2,Medium
40,Female,21.9,6.7,5.0,4.5,2.09,144.0,3.8,2,0,0,1,0,0,5.3,4.0,3,Low
54,Male,26.3,5.4,4.9,4.3,1.0,95.0,1.1,0,0,0,1,0,0,1.1,2.9,1,Low
37,Male,22.5,6.0,6.3,2.7,1.75,150.0,5.0,2,0,0,1,0,1,6.1,4.8,2,Medium
24,Male,28.8,6.6,6.7,7.7,1.72,48.0,0.4,1,1,0,0,0,0,7.3,4.1,5,High
35,Female,24.2,6.8,4.8,4.3,1.96,94.0,3.1,5,1,0,1,0,1,5.9,1.0,2,High
20,Male,32.2,7.2,2.7,5.5,2.0,146.0,0.3,3,0,0,0,0,0,1.0,7.3,1,Low
57,Female,22.1,6.5,3.8,6.7,3.35,0.0,2.7,2,0,0,1,0,0,5.6,5.4,3,Low
25,Female,30.8,4.3,6.5,6.0,1.93,255.0,5.0,2,0,0,0,0,1,3.8,1.2,1,Medium
35,Male,27.2,6.0,5.5,6.0,0.73,0.0,4.2,0,0,0,0,1,1,5.1,4.1,2,Low
68,Female,24.4,7.5,4.0,3.5,2.17,47.0,5.3,2,0,0,0,0,1,6.2,3.8,1,Low
47,Female,26.9,5.4,3.5,6.8,3.5,260.0,2.3,3,0,1,0,0,1,4.3,2.3,1,Medium
40,Female,25.7,7.6,6.6,5.1,1.97,213.0,5.0,3,1,0,0,1,1,6.5,6.2,3,High
44,Female,26.1,6.6,4.7,5.8,1.75,160.0,1.5,2,1,1,0,0,0,6.1,8.0,4,High
58,Female,23.6,6.2,6.9,9.2,1.86,0.0,2.0,3,0,1,0,0,0,5.8,3.5,0,Medium
28,Male,21.3,8.4,7.1,7.4,2.57,83.0,3.3,1,0,0,0,0,0,4.0,3.6,1,Low
50,Female,23.0,3.7,4.5,4.4,1.85,126.0,4.9,2,1,0,0,0,0,7.4,2.3,0,Low
62,Female,16.9,5.4,7.3,5.6,0.89,134.0,1.8,3,0,0,0,0,0,8.6,1.0,3,High
46,Male,28.3,8.5,5.5,10.5,1.56,276.0,4.5,3,0,0,1,1,0,4.9,5.6,3,High
39,Female,18.9,9.4,5.8,5.1,2.05,369.0,3.5,5,1,1,0,1,0,3.8,9.2,0,High
22,Male,23.5,10.2,1.0,6.1,2.53,218.0,3.7,1,0,0,1,0,0,4.0,4.2,5,Low
28,Female,27.4,6.6,3.1,7.9,1.63,91.0,1.1,1,0,1,0,1,0,7.0,4.2,1,Medium
67,Male,28.3,7.2,3.2,6.6,1.86,284.0,2.2,4,0,0,0,0,0,5.2,4.4,0,Low
44,Female,16.5,7.8,4.5,5.0,2.14,85.0,2.8,2,0,1,0,0,0,4.4,3.4,3,Low
31,Male,24.1,8.5,5.5,3.9,1.48,0.0,3.7,1,0,0,0,0,0,3.1,1.8,2,Low
38,Female,26.6,7.0,5.5,6.0,2.03,13.0,1.2,5,0,1,0,0,0,6.0,10.0,2,Medium
46,Male,24.7,8.0,5.8,7.8,2.47,0.0,0.2,3,0,0,0,0,0,6.5,5.7,2,Medium
44,Female,30.5,7.2,3.7,9.7,1.15,108.0,0.0,1,0,0,0,0,0,4.8,6.0,4,Medium
53,Male,20.8,7.3,6.7,1.9,2.35,130.0,4.6,2,1,0,0,0,0,5.7,10.0,0,Medium
29,Female,15.3,5.0,9.2,10.9,1.23,0.0,5.1,0,1,0,0,0,0,6.2,5.1,2,High
50,Female,28.1,6.0,4.4,5.2,1.24,56.0,0.0,2,0,1,0,1,0,7.3,2.6,2,High
39,Female,22.1,5.7,3.7,8.6,1.57,0.0,3.2,2,0,1,0,0,0,2.8,2.0,0,Low
66,Female,16.6,4.6,3.7,3.9,3.19,136.0,2.2,0,0,0,1,0,0,3.2,9.2,2,Low
23,Female,23.8,3.9,5.4,1.5,0.73,56.0,5.7,2,0,0,0,0,0,4.0,6.5,4,Medium
23,Male,30.0,5.8,4.0,2.3,1.73,261.0,2.5,1,0,0,1,1,0,5.1,4.4,6,Low
40,Female,18.8,6.1,1.4,5.1,2.08,169.0,4.2,0,1,1,1,0,0,3.8,3.3,2,Low
42,Female,35.0,6.7,2.0,7.5,3.03,327.0,2.1,3,0,0,0,0,0,4.3,3.9,2,Medium
52,Female,20.7,7.4,7.4,6.1,3.66,100.0,1.5,1,1,1,0,0,0,6.8,5.5,0,Medium
37,Female,24.9,6.8,8.0,5.3,1.76,386.0,4.7,2,1,0,0,0,0,1.4,9.0,1,High
65,Female,19.0,6.1,8.7,9.1,2.53,150.0,5.4,2,1,0,0,0,0,3.0,4.4,3,High
41,Male,24.7,5.0,5.7,6.0,2.02,92.0,0.2,1,0,0,1,0,1,3.3,2.5,3,High
22,Female,23.9,7.9,3.0,6.8,2.02,415.0,5.5,1,0,1,1,0,0,8.1,1.5,2,Low
21,Male,17.8,6.3,4.2,14.7,2.32,0.0,0.9,0,0,0,0,0,1,5.2,6.1,0,High
68,Female,37.2,5.8,1.9,6.0,0.83,89.0,0.0,1,0,1,1,0,0,5.5,7.2,6,Medium
22,Female,22.3,6.2,1.8,4.1,2.06,0.0,3.0,1,1,1,1,0,0,2.9,9.0,4,Medium
67,Male,22.3,5.3,5.8,7.3,2.46,0.0,4.1,1,0,0,0,0,0,3.7,10.0,3,Low
30,Female,28.9,5.7,6.4,8.1,1.41,0.0,0.0,3,1,0,0,0,1,1.0,1.0,3,High
20,Female,32.7,5.6,9.5,6.8,2.47,218.0,0.0,0,0,0,0,0,0,5.1,4.7,3,High
31,Male,29.6,6.0,5.0,6.4,0.72,4.0,1.9,7,0,0,0,1,0,3.3,3.7,3,Low
48,Male,19.1,7.5,2.2,10.2,2.17,122.0,1.6,3,0,0,0,0,0,1.0,4.1,1,Low
38,Male,25.5,7.2,4.9,9.8,3.17,248.0,6.0,1,0,0,0,0,0,5.7,2.6,1,Medium
58,Female,16.0,9.0,4.6,5.7,1.93,201.0,3.0,0,0,0,0,0,0,2.6,5.4,4,Low
48,Male,28.6,8.4,4.1,4.2,1.32,196.0,4.6,2,0,0,1,0,0,5.2,1.6,1,Low
37,Other,17.1,9.6,6.0,7.2,0.96,284.0,3.5,1,0,0,0,0,1,5.7,5.8,4,Medium
49,Male,20.9,7.4,2.5,4.2,2.41,327.0,6.5,2,1,0,0,0,1,10.0,7.4,2,Low
68,Female,24.5,7.4,5.5,8.5,2.84,12.0,1.0,4,0,0,1,0,0,4.0,3.4,4,High
37,Female,26.5,5.7,6.6,7.2,2.06,203.0,2.8,2,0,0,1,0,1,5.4,7.3,1,Medium
23,Female,23.3,7.8,8.3,13.5,1.73,120.0,0.0,6,0,1,0,0,1,4.8,4.9,1,High
37,Female,31.3,5.5,5.9,10.1,0.56,134.0,4.8,1,0,1,0,0,0,3.0,6.9,2,High
61,Male,27.8,4.1,7.5,3.0,2.2,0.0,5.5,2,0,0,0,0,1,5.5,5.4,2,Medium
26,Female,27.4,8.9,4.2,4.5,1.55,91.0,4.9,1,0,1,0,0,0,6.9,2.4,2,Medium
67,Female,19.0,4.5,4.5,0.6,1.59,103.0,2.7,1,0,1,1,0,0,6.3,4.5,3,Medium
47,Female,32.1,7.2,8.2,0.0,3.39,307.0,0.0,2,1,1,1,0,0,6.7,3.5,1,Medium
48,Female,20.9,5.1,2.2,6.3,0.66,23.0,2.8,1,0,0,0,0,1,3.0,6.6,2,Low
32,Female,32.3,8.3,4.3,2.7,0.77,0.0,1.5,1,0,1,0,0,0,5.1,4.0,0,Low
65,Female,33.6,8.5,7.7,10.6,2.29,149.0,5.0,2,0,1,0,0,0,1.0,7.1,2,Medium
16,Female,26.8,7.3,4.7,9.2,1.79,12.0,2.1,5,0,1,1,1,1,1.0,5.8,2,Medium
31,Male,29.1,8.5,4.6,5.2,1.68,135.0,2.0,3,0,0,1,0,1,9.2,5.1,3,Medium
38,Female,15.0,6.5,4.6,5.1,2.32,223.0,7.8,3,0,0,1,0,0,5.2,5.2,1,Low
41,Female,23.6,10.1,5.5,10.2,2.3,139.0,4.8,3,0,0,1,0,0,6.5,7.0,1,Medium
41,Female,29.5,7.7,7.6,10.8,1.32,103.0,5.4,1,0,0,0,1,0,6.5,6.2,2,Medium
23,Female,28.7,5.1,7.2,3.4,1.63,133.0,1.9,2,0,0,1,0,0,4.9,6.9,1,High
27,Female,19.0,6.6,5.2,3.0,2.14,243.0,0.6,0,0,1,1,0,0,8.3,2.1,2,Low
20,Female,23.2,6.3,7.6,5.2,2.23,23.0,5.3,1,1,1,1,1,1,4.6,3.3,4,High
46,Female,15.0,6.1,6.0,7.2,2.49,230.0,6.3,2,0,0,0,0,0,1.0,4.6,0,Low
34,Female,26.4,3.8,7.1,4.6,1.63,40.0,0.2,1,1,0,1,0,0,5.4,4.0,0,High
46,Male,16.0,7.1,2.9,7.3,2.38,216.0,1.9,2,0,0,0,1,0,7.3,2.3,1,Low
47,Female,29.6,4.3,9.0,11.5,2.86,0.0,1.0,3,1,0,0,0,0,1.4,7.6,3,High
53,Female,29.8,2.5,5.7,2.1,2.14,210.0,4.1,1,0,1,0,0,0,4.2,1.9,2,Low
45,Male,22.4,5.9,1.0,4.8,2.02,139.0,5.4,1,1,0,0,0,1,7.7,6.9,2,Low
50,Female,26.8,5.3,8.9,2.1,1.91,161.0,2.2,3,0,0,1,0,0,7.2,8.9,2,High
47,Female,23.5,5.1,5.2,3.7,1.61,255.0,2.2,2,0,1,0,1,1,4.6,3.4,2,High
50,Female,25.6,2.0,4.3,5.2,1.35,60.0,0.0,1,1,0,0,0,0,3.0,1.0,1,Low
48,Female,19.3,5.1,3.9,4.0,1.86,147.0,0.9,1,1,1,0,0,0,4.9,3.5,1,Low
32,Female,27.3,6.2,6.2,7.5,2.46,183.0,6.3,1,0,0,0,0,1,5.6,2.8,1,Low
28,Other,17.1,5.5,3.2,6.4,1.39,117.0,4.1,3,1,0,0,1,1,6.8,1.2,2,Low
58,Other,16.3,7.1,3.9,6.8,2.04,229.0,5.0,2,1,0,0,0,0,4.6,5.6,3,Medium
33,Other,24.0,8.7,4.0,5.1,1.95,186.0,2.2,3,1,0,1,0,1,8.8,5.7,2,High
45,Female,23.5,7.3,4.6,5.4,3.52,86.0,2.4,2,1,0,0,0,1,5.5,5.7,2,High
25,Female,25.7,8.1,4.1,5.0,2.68,289.0,3.0,0,1,0,0,0,0,4.1,2.4,1,Low
38,Female,21.6,8.3,7.1,5.3,2.67,212.0,3.7,4,1,0,0,0,0,3.6,7.2,5,High
44,Female,33.0,4.9,5.8,7.2,2.84,57.0,6.0,1,1,0,0,0,0,2.8,3.0,2,Medium
49,Female,25.2,7.2,6.1,0.6,1.66,56.0,1.5,1,0,0,1,1,1,7.5,2.1,3,Medium
43,Female,25.5,8.1,6.5,6.8,3.2,126.0,2.7,2,1,0,0,0,0,4.4,2.0,3,Medium
34,Female,25.4,5.8,5.0,3.6,2.23,199.0,1.3,2,1,0,0,0,0,1.0,2.8,4,Medium
67,Female,29.0,5.2,3.0,5.1,2.06,0.0,0.0,5,0,0,1,0,0,4.0,4.9,2,Low
43,Female,27.1,7.3,9.2,1.6,1.13,62.0,5.0,3,0,0,0,0,0,8.0,2.1,1,Low
59,Male,26.5,4.1,7.2,5.0,1.78,86.0,6.8,2,0,0,0,0,0,3.8,2.6,4,Medium
55,Female,27.8,4.8,8.7,6.8,0.69,0.0,4.7,3,0,0,0,0,0,1.6,8.4,1,High
45,Male,16.3,5.4,7.5,7.3,1.9,38.0,3.5,0,0,0,0,0,0,3.7,3.1,1,Low
63,Female,16.5,7.2,4.2,2.7,1.64,165.0,7.1,4,1,0,1,0,0,6.4,6.7,1,Medium
22,Female,24.2,6.9,1.0,7.1,1.78,96.0,4.0,3,0,0,1,1,1,4.3,4.8,1,High
65,Female,23.6,8.2,2.5,9.2,0.99,105.0,4.8,2,0,0,1,1,1,2.6,6.9,3,High
61,Female,27.1,5.0,6.6,4.6,2.66,0.0,3.3,3,1,1,1,0,1,6.4,5.1,2,High
42,Female,24.6,4.9,5.0,6.0,2.57,127.0,3.6,4,1,0,1,0,0,7.8,4.6,0,High
55,Female,27.1,7.3,4.3,0.2,3.45,0.0,2.7,0,0,1,0,0,0,8.6,3.8,4,Medium
43,Male,18.9,5.2,1.0,3.5,3.43,310.0,4.8,3,0,0,0,0,1,5.4,2.7,2,Low
29,Female,24.5,5.5,5.2,6.8,2.22,342.0,0.6,3,0,0,0,0,1,4.5,5.2,5,High
58,Female,18.5,3.5,2.8,8.7,2.92,98.0,3.9,2,1,0,1,0,0,6.0,3.3,2,Medium
28,Male,26.2,7.0,3.6,4.3,2.31,27.0,1.1,4,0,0,1,1,0,8.1,1.0,1,Medium
32,Female,16.0,9.0,7.1,13.5,1.76,244.0,4.1,2,0,1,0,0,0,7.5,5.4,3,High
43,Male,26.1,4.9,2.9,6.9,1.88,215.0,8.3,1,0,0,0,1,0,4.7,4.3,3,Low
61,Female,17.9,8.1,3.1,2.4,2.61,356.0,4.5,1,0,0,0,0,0,2.6,5.5,1,Low
36,Female,22.8,6.4,5.6,9.6,5.0,386.0,5.6,0,0,0,0,0,1,5.5,4.6,5,High
42,Female,28.5,3.7,7.1,2.5,3.03,0.0,5.0,2,1,0,0,0,1,4.9,6.5,2,Medium
17,Female,25.5,5.1,4.3,6.9,2.3,277.0,0.0,2,0,0,0,1,0,6.1,5.7,2,Medium
21,Male,17.1,5.0,8.4,3.4,2.49,126.0,2.7,0,1,0,0,1,1,2.2,4.3,3,Medium
18,Female,21.5,6.0,2.4,2.2,2.48,210.0,4.0,2,1,1,0,0,0,3.3,5.6,2,Medium
18,Female,17.7,7.2,2.0,8.7,2.03,236.0,0.0,5,1,1,0,0,0,7.1,7.8,0,Low
62,Female,16.9,9.5,1.8,5.3,2.71,231.0,2.4,1,0,0,0,0,0,5.4,2.6,4,Low
61,Male,25.0,4.2,1.6,10.8,1.98,260.0,2.8,5,0,0,0,0,1,2.0,1.0,0,Low
60,Male,27.0,5.7,5.9,3.1,1.29,88.0,0.3,3,1,0,0,1,0,8.2,6.9,1,High
18,Male,26.5,5.1,3.0,1.6,2.49,45.0,0.9,2,1,0,0,0,0,4.2,6.1,1,Medium
19,Male,27.2,4.5,2.1,4.7,2.59,281.0,5.9,0,0,0,0,0,1,5.9,10.0,1,Low
30,Male,24.4,6.7,6.0,14.1,1.98,54.0,0.0,0,1,0,0,0,0,3.7,4.9,0,Low
46,Female,23.3,6.5,7.0,8.3,2.35,355.0,3.6,1,0,0,0,0,0,5.6,4.0,4,Low
33,Male,19.7,3.6,7.5,7.6,2.87,66.0,5.6,1,1,0,1,1,0,8.2,5.7,2,High
41,Female,22.5,6.5,7.1,7.6,2.06,108.0,2.9,3,1,1,0,0,0,8.2,6.7,3,High
24,Female,18.6,4.6,3.2,4.6,1.74,129.0,6.1,4,0,0,0,0,0,8.8,6.1,0,Low
55,Male,20.7,6.5,5.8,13.6,1.53,0.0,2.1,0,1,0,1,0,0,3.8,4.1,2,High
32,Female,24.9,8.5,6.3,7.3,1.9,0.0,1.0,3,0,1,1,1,1,6.6,7.7,2,Medium
18,Female,24.0,7.2,4.2,7.0,3.33,250.0,3.0,2,0,0,1,0,0,1.0,2.3,1,Low
55,Female,38.3,6.8,5.6,8.8,1.94,0.0,2.2,2,0,1,0,1,0,5.8,3.0,2,Medium
64,Female,18.4,5.7,2.4,2.4,2.39,427.0,1.7,4,0,0,0,0,0,9.6,8.4,2,Medium
15,Male,23.9,6.6,3.8,3.5,1.84,140.0,2.6,4,0,0,1,0,0,1.9,6.3,3,Low
39,Female,18.1,7.4,6.0,5.3,1.77,37.0,1.3,2,0,0,1,1,0,2.9,3.6,2,Medium
60,Male,22.8,7.2,8.5,8.8,1.4,196.0,1.2,2,0,0,0,0,0,4.6,4.9,1,Medium
53,Female,22.9,6.3,7.7,2.4,2.18,0.0,0.5,2,1,1,0,0,0,4.3,9.6,2,High
62,Male,28.3,6.8,6.7,5.8,1.69,113.0,3.9,1,0,0,0,0,1,7.0,4.1,5,High
37,Female,22.5,4.4,5.4,5.4,3.12,127.0,0.8,0,0,0,0,0,0,6.8,2.9,1,Low
35,Male,23.6,5.3,5.0,1.6,2.01,11.0,0.3,0,1,0,0,0,0,1.0,4.8,4,Medium
54,Female,22.6,7.6,2.0,4.6,2.06,81.0,0.6,2,1,1,0,0,1,2.3,6.8,0,Low
23,Female,18.2,7.8,3.4,7.5,1.96,318.0,3.5,3,1,0,1,0,1,4.6,5.5,3,Medium
28,Female,21.6,6.6,3.4,1.8,2.4,170.0,4.5,2,1,0,0,0,0,3.5,7.1,4,Low
48,Female,22.8,8.9,6.5,10.0,3.29,194.0,4.7,1,0,0,0,0,0,5.9,2.6,3,Low
51,Female,24.8,7.3,7.3,7.3,1.27,63.0,3.5,1,0,0,1,0,1,6.0,1.8,0,Low
21,Male,27.0,6.1,6.8,7.0,2.32,4.0,4.2,3,0,0,0,0,0,1.0,7.3,1,Medium
42,Male,23.4,4.5,7.8,6.0,0.84,123.0,2.9,2,1,0,0,0,1,4.2,1.9,1,High
35,Male,23.4,8.8,5.4,2.9,3.08,0.0,4.0,0,1,0,0,1,0,2.8,1.8,1,Low
42,Female,16.8,7.7,3.0,4.2,2.01,29.0,4.0,1,0,0,1,0,1,5.3,2.9,3,Low
67,Female,26.9,9.4,5.1,7.0,0.9,12.0,1.4,0,1,1,0,0,0,6.7,2.4,1,Medium
19,Male,21.4,10.0,3.6,4.2,1.08,0.0,0.6,2,1,0,0,1,0,4.5,3.1,1,Medium
69,Male,27.9,4.4,6.6,6.5,2.75,221.0,6.0,0,1,0,0,0,0,1.8,1.0,1,Low
39,Female,30.4,4.4,4.4,3.5,0.77,136.0,3.3,2,1,1,0,0,1,8.3,8.0,0,High
57,Male,23.7,2.0,5.0,7.3,2.32,82.0,5.3,1,1,0,0,0,0,3.0,1.0,1,Low
38,Female,19.9,8.0,6.7,7.5,1.76,224.0,0.6,0,0,0,1,0,0,3.7,10.0,0,Medium
32,Male,24.4,7.6,3.6,1.4,1.94,0.0,2.1,5,0,0,1,0,0,1.0,6.6,3,Medium
57,Male,26.1,6.7,7.3,6.2,1.56,2.0,0.0,0,0,0,1,0,0,6.3,10.0,0,Medium
52,Male,23.1,4.5,2.2,1.7,1.34,273.0,4.4,2,1,0,0,1,0,5.0,2.9,0,Medium
22,Female,22.0,6.4,5.9,0.8,1.71,401.0,1.6,1,0,1,0,0,0,6.2,3.6,2,Medium
53,Male,27.0,6.8,5.0,4.3,2.56,225.0,1.8,2,0,0,0,1,1,3.0,7.9,3,Low
56,Female,26.7,7.8,7.0,13.8,1.87,202.0,7.3,0,1,1,0,0,0,6.6,2.3,2,High
36,Male,22.9,6.9,2.2,8.2,2.44,86.0,4.5,3,0,0,1,0,0,8.5,6.6,1,Low
65,Female,17.1,7.6,1.8,9.9,1.91,89.0,4.4,0,0,0,0,1,0,1.0,4.4,1,Low
50,Male,26.6,6.3,6.9,7.7,2.59,175.0,0.4,5,1,0,1,0,0,6.1,7.0,0,High
33,Male,21.0,8.4,4.3,6.6,2.43,301.0,0.0,0,1,0,0,0,0,1.3,8.0,1,Low
15,Female,25.5,7.5,5.0,8.5,1.67,197.0,5.1,0,0,1,1,0,0,6.1,3.4,1,Low
52,Female,25.2,4.6,3.7,4.2,1.34,255.0,0.0,0,0,0,1,0,1,7.7,2.8,3,Medium
26,Male,16.0,8.7,7.2,7.3,2.86,49.0,1.9,1,0,0,0,1,0,2.4,1.6,2,Low
56,Female,24.9,8.5,5.9,9.3,1.45,218.0,1.2,4,0,1,0,0,1,3.0,1.1,1,Low
43,Female,26.8,7.2,5.7,8.0,2.5,76.0,1.0,1,0,0,0,0,0,5.3,3.4,0,Low
40,Female,27.4,6.9,2.6,9.5,2.12,165.0,2.0,0,0,1,0,0,0,5.0,4.7,3,Medium
24,Female,25.0,9.2,6.3,6.5,1.73,218.0,0.7,1,0,0,0,0,0,1.6,3.3,0,Medium
54,Male,15.6,3.9,3.0,10.7,2.44,92.0,0.3,3,1,0,1,0,0,3.6,5.3,3,High
24,Male,30.2,8.5,3.8,5.4,3.19,38.0,3.6,0,0,0,0,0,1,3.1,6.4,0,Low
37,Female,26.3,5.7,2.2,11.9,2.6,190.0,5.3,5,0,0,0,0,0,4.4,3.4,2,Medium
60,Female,19.1,8.3,4.9,7.6,2.2,135.0,0.0,0,1,0,1,0,1,9.4,3.6,3,High
65,Female,21.0,6.7,7.5,4.9,3.4,165.0,3.4,3,0,0,0,0,0,5.4,7.6,4,Medium
69,Female,25.5,4.5,5.7,2.7,0.76,222.0,4.2,2,0,1,1,0,1,2.3,5.6,0,Medium
67,Male,27.6,5.7,4.2,3.7,1.21,294.0,4.0,1,0,0,0,0,0,5.7,4.3,2,High
45,Female,22.3,8.1,5.4,3.3,1.73,223.0,2.5,3,1,1,0,0,0,4.4,3.1,1,Medium
26,Female,28.2,6.2,5.4,5.8,3.24,209.0,1.7,2,0,1,1,0,0,8.6,6.8,3,High
61,Male,16.4,5.5,5.3,2.4,2.85,95.0,4.7,0,1,0,1,0,0,3.9,4.0,5,Low
59,Female,19.8,5.5,5.6,9.6,0.73,112.0,3.7,2,0,1,0,0,0,4.2,1.0,4,High
69,Male,15.2,7.5,2.9,6.3,1.75,200.0,0.0,2,0,0,0,0,0,7.8,1.0,2,Medium
50,Female,20.5,9.3,5.4,6.2,1.04,110.0,2.5,1,1,0,1,0,1,2.9,2.7,1,Medium
22,Female,31.3,3.1,1.3,2.7,2.07,200.0,3.1,1,0,0,0,0,1,2.0,2.2,1,Low
42,Female,33.8,11.0,6.5,3.8,2.82,60.0,0.6,3,0,0,0,0,1,5.7,4.8,3,Low
39,Male,25.6,6.8,2.8,0.0,2.88,362.0,2.5,3,0,0,1,0,0,5.4,1.0,2,Low
61,Male,21.6,7.4,7.8,10.5,2.31,171.0,4.1,1,0,0,1,0,1,1.7,4.8,1,Low
36,Female,23.5,5.8,1.0,2.0,1.76,164.0,1.2,2,1,0,1,0,0,1.0,2.3,5,Low
33,Female,26.6,6.5,8.9,2.2,2.02,97.0,3.5,3,0,0,0,1,1,5.8,7.1,1,Medium
19,Female,17.5,6.8,1.6,10.0,2.65,360.0,0.8,1,0,1,0,0,0,5.8,2.8,5,Low
60,Male,21.9,4.8,2.6,7.1,3.98,12.0,0.3,0,0,0,0,0,0,6.4,6.7,2,Low
56,Male,31.0,5.2,5.9,6.3,1.15,73.0,4.4,0,0,0,1,0,1,7.5,4.4,7,High
17,Male,19.8,8.4,6.6,7.0,3.37,244.0,5.6,2,1,0,0,0,0,5.2,3.4,4,Low
38,Male,21.1,4.0,4.6,8.7,2.3,176.0,0.4,4,0,0,0,0,0,4.6,1.5,2,High
41,Female,24.6,7.2,7.2,6.3,2.76,87.0,5.1,1,0,1,0,0,0,6.8,2.7,4,Medium
40,Male,25.8,5.9,3.4,1.7,2.25,90.0,3.0,2,1,0,0,0,0,5.3,7.9,1,Low
65,Male,21.7,5.0,4.3,8.1,3.22,118.0,0.0,2,0,0,0,0,1,1.3,4.4,4,Low
23,Female,24.8,9.7,4.5,7.2,2.36,161.0,0.0,1,1,0,0,0,0,5.6,2.5,4,Medium
31,Male,27.2,5.0,4.0,9.3,1.58,321.0,4.3,3,0,0,0,0,0,6.6,5.3,2,High
24,Female,33.3,4.7,1.0,2.5,2.46,217.0,0.0,2,0,0,1,0,1,2.7,3.4,1,Low
28,Male,23.9,6.2,5.1,4.0,3.0,263.0,1.6,2,0,0,0,0,0,9.3,2.9,3,Low
64,Male,24.3,5.3,4.9,7.1,2.1,102.0,2.8,0,1,0,0,0,1,4.2,3.6,2,Low
66,Male,31.4,6.5,7.6,3.4,0.44,207.0,4.0,1,0,0,0,1,0,7.7,6.9,2,Medium
17,Female,22.0,6.7,2.4,0.0,2.01,0.0,3.4,1,0,1,0,0,1,2.5,4.5,2,Low
49,Female,18.5,6.9,3.8,6.6,2.18,170.0,6.5,3,0,1,0,0,0,7.1,6.3,1,Medium
27,Male,25.6,6.3,7.8,8.5,2.06,163.0,1.2,1,0,0,0,0,1,8.4,3.5,3,High
25,Male,29.3,5.4,5.8,5.6,1.7,350.0,3.2,0,0,0,1,0,0,3.0,3.1,1,Medium
31,Female,26.1,7.5,6.4,7.5,3.16,321.0,4.0,1,1,0,1,0,0,5.7,8.1,2,Medium
25,Male,24.1,6.3,6.2,7.1,0.3,122.0,4.6,2,1,0,0,1,0,4.4,2.0,1,High
41,Female,18.0,5.7,6.2,6.0,2.18,60.0,5.3,1,1,1,0,0,0,2.4,3.8,0,Low
69,Male,24.2,8.9,9.2,6.4,2.19,63.0,2.0,6,0,0,0,1,1,5.3,7.3,0,Medium
47,Male,30.0,6.3,5.4,9.8,3.78,118.0,4.4,2,1,0,1,0,0,4.2,3.5,1,Low
54,Female,18.9,8.2,3.0,3.3,2.09,293.0,1.0,5,0,1,0,0,1,4.3,9.0,2,Low
42,Female,23.4,8.5,6.6,8.2,2.46,196.0,2.8,2,0,1,1,0,0,2.1,2.5,2,Low
15,Male,22.8,8.6,4.0,2.7,2.2,207.0,4.1,2,0,0,0,1,0,7.1,6.1,1,Low
19,Male,21.4,7.6,5.0,3.8,2.18,239.0,5.1,2,0,0,1,0,0,4.0,8.7,1,Low
29,Male,25.6,6.5,6.0,9.3,3.51,41.0,4.3,3,0,0,0,1,0,4.3,5.1,0,Medium
28,Female,26.5,6.4,3.4,2.6,1.21,72.0,3.2,2,0,0,1,0,0,2.4,5.6,2,Low
61,Other,26.4,6.1,4.1,5.3,1.57,207.0,2.8,2,0,0,1,0,0,7.7,6.6,2,High
61,Female,20.1,3.0,6.2,12.6,2.7,64.0,4.2,2,1,0,0,0,1,1.7,1.0,1,Medium
61,Female,17.1,7.7,4.0,8.9,2.31,0.0,7.8,1,0,0,1,0,1,1.0,8.0,2,Low
50,Female,25.7,6.9,7.3,3.9,1.87,31.0,4.9,1,0,0,0,0,1,5.4,5.4,3,Medium
45,Male,22.2,7.8,3.0,4.4,2.04,266.0,3.8,1,0,0,0,1,1,3.8,4.7,0,Low
50,Male,32.8,6.3,3.0,5.5,2.83,109.0,0.0,3,0,0,0,0,0,6.6,5.0,0,Low
37,Male,33.0,7.6,9.4,9.7,2.49,175.0,1.1,1,0,0,0,1,1,8.9,1.0,2,Medium
51,Male,33.5,4.3,1.8,3.2,1.53,36.0,2.3,1,0,0,0,0,0,8.2,6.8,1,Low
58,Female,20.3,4.6,5.1,3.0,2.29,192.0,5.0,3,0,0,0,0,0,7.4,5.5,2,Medium
56,Female,27.1,2.5,9.3,8.0,2.06,120.0,0.9,3,1,1,0,0,0,2.7,2.3,1,High
48,Female,28.4,6.3,5.1,1.3,2.48,199.0,4.4,1,0,1,0,0,0,7.6,5.6,4,Medium
18,Female,27.9,5.3,8.2,3.4,1.84,97.0,3.3,4,0,1,0,1,0,3.9,5.9,1,High
54,Female,22.9,5.1,6.6,5.8,1.13,205.0,3.8,2,0,1,1,0,0,2.1,3.3,0,High
35,Male,30.3,7.0,5.2,5.9,2.64,92.0,2.5,3,0,0,0,1,0,6.4,7.7,3,High
55,Male,24.5,5.8,4.9,2.2,2.54,141.0,1.7,4,0,0,0,0,0,3.9,4.3,4,Low
44,Male,25.1,4.2,1.0,7.0,3.23,120.0,0.9,4,1,0,0,0,0,4.6,3.9,1,Medium
63,Female,17.6,10.6,4.5,7.6,1.05,153.0,4.3,0,1,0,1,1,1,6.7,6.2,1,High
33,Female,27.4,6.4,5.7,4.1,2.04,181.0,2.8,2,0,0,1,0,0,6.9,2.5,3,Low
66,Female,23.3,4.8,5.7,10.7,1.92,96.0,0.6,5,1,1,1,0,0,4.2,3.5,1,Medium
61,Female,26.6,5.4,10.0,7.0,1.78,137.0,3.5,0,0,1,1,0,0,5.3,1.8,4,High
33,Female,25.6,6.2,5.8,3.2,0.87,171.0,10.5,1,0,1,0,0,0,7.3,4.2,0,Low
41,Female,25.3,6.2,6.6,10.5,1.25,206.0,2.6,2,1,0,1,0,1,3.2,3.8,1,Medium
44,Female,24.3,8.6,7.8,4.5,2.32,142.0,6.6,2,1,1,0,0,0,1.0,4.9,3,Medium
57,Male,28.0,6.4,6.4,6.5,1.7,52.0,0.0,0,0,0,0,0,0,3.8,7.0,1,Low
52,Female,23.6,9.5,5.0,4.6,1.44,160.0,2.4,1,1,0,0,0,0,4.2,6.2,1,Low
61,Female,18.0,5.8,5.0,7.7,3.24,224.0,5.1,1,0,0,0,0,1,4.7,4.9,0,Low
35,Female,27.1,7.2,4.4,4.7,4.0,3.0,3.0,1,1,1,0,0,0,10.0,7.7,2,Medium
42,Female,20.9,8.1,6.2,4.8,2.05,5.0,1.6,4,0,0,0,0,1,3.2,3.1,2,Low
38,Female,18.5,8.4,4.8,5.6,0.9,77.0,2.9,2,0,0,0,0,1,4.6,5.8,2,Low
65,Female,19.9,8.6,6.6,4.6,2.42,129.0,5.2,3,1,1,0,0,0,2.8,6.8,0,Low
31,Male,25.8,6.1,3.0,9.0,0.43,0.0,7.7,0,0,0,1,0,0,5.6,9.1,3,Medium
47,Female,24.1,6.5,5.5,2.5,1.02,213.0,5.3,1,1,0,0,0,1,6.3,5.0,0,Low
21,Male,15.0,2.5,8.6,5.9,2.43,130.0,1.9,4,0,0,0,0,0,6.9,3.7,3,High
61,Female,22.8,6.2,4.7,6.3,0.99,0.0,2.5,4,1,1,0,0,0,5.6,4.6,1,High
36,Female,29.8,8.2,9.3,5.7,1.86,28.0,2.5,3,0,1,0,1,0,5.2,4.8,2,Medium
33,Female,22.5,7.9,5.6,8.7,0.91,117.0,1.1,3,1,1,1,1,0,1.0,3.0,0,High
47,Female,23.8,6.4,5.1,1.8,2.15,0.0,2.7,1,0,1,0,0,0,6.8,4.6,1,Low
42,Female,29.2,9.2,5.5,7.6,3.0,257.0,2.4,2,0,1,0,0,0,8.4,8.9,3,High
61,Male,28.1,5.9,4.5,2.5,1.61,171.0,0.4,0,0,0,0,1,0,3.0,1.0,1,Low
44,Female,29.1,5.4,1.0,4.6,2.08,225.0,4.8,0,1,0,0,0,0,2.8,1.0,2,Low
43,Male,15.0,5.8,7.1,2.2,1.45,37.0,3.9,3,0,0,1,0,1,2.3,1.0,4,Medium
20,Female,32.3,4.7,10.0,5.1,1.5,195.0,1.6,4,0,0,0,0,1,6.5,2.4,2,High
16,Female,27.4,7.5,6.3,4.4,1.43,77.0,3.3,1,1,1,0,1,0,2.2,1.7,1,Medium
36,Female,35.6,7.0,6.4,10.6,2.73,129.0,0.9,2,0,0,0,0,0,4.7,2.7,3,Low
69,Female,21.0,7.5,4.8,6.7,0.97,189.0,1.8,0,0,0,0,0,1,1.3,2.1,3,Low
65,Female,16.6,5.8,7.7,7.2,1.83,142.0,4.5,4,1,0,1,0,0,6.0,5.7,1,High
49,Male,24.5,6.4,5.1,2.9,2.43,239.0,4.0,3,0,0,0,1,1,3.9,2.3,0,Low
49,Male,23.3,3.0,5.8,8.1,2.83,165.0,1.9,4,1,0,0,0,0,5.5,1.8,3,High
36,Other,27.4,7.1,1.8,10.6,2.45,99.0,3.7,1,0,0,0,0,0,2.9,1.0,3,Low
24,Female,29.3,6.7,4.0,8.4,2.04,243.0,2.8,4,1,0,1,0,0,3.2,7.0,3,Medium
15,Male,24.1,4.7,6.0,2.3,1.64,266.0,0.8,1,0,0,1,1,0,3.6,7.8,4,High
33,Male,23.4,6.3,7.2,4.7,2.84,160.0,2.6,2,0,0,1,1,1,2.9,5.2,0,Medium
32,Male,26.9,6.1,7.3,6.3,1.41,297.0,4.0,2,1,0,1,0,0,2.8,4.9,2,High
25,Other,23.3,9.3,1.7,4.4,1.42,124.0,3.7,1,0,0,0,0,0,1.8,6.2,1,Low
29,Male,23.0,4.8,1.9,13.1,3.18,136.0,0.0,1,0,0,0,0,0,6.2,6.6,5,Medium
16,Male,29.2,7.0,6.5,4.6,2.39,150.0,3.4,3,0,0,0,0,0,5.8,1.8,2,Low
48,Male,30.2,4.8,3.6,5.9,2.42,136.0,3.1,3,0,0,1,0,1,3.9,4.0,1,Low
66,Female,29.4,5.6,7.2,4.3,2.58,116.0,0.0,2,0,0,1,0,0,6.9,7.0,2,Medium
52,Male,23.7,6.9,1.6,6.6,2.02,71.0,1.2,1,0,0,0,0,0,8.7,3.3,3,Low
39,Female,15.0,6.2,5.0,9.9,0.95,41.0,4.1,3,1,0,1,0,0,3.2,5.0,3,High
38,Male,23.8,6.5,5.1,6.3,2.3,162.0,6.0,0,0,0,1,0,1,5.5,7.5,2,Medium
31,Male,21.1,7.0,6.3,5.4,2.09,282.0,0.0,4,1,0,0,0,0,5.5,10.0,2,High
22,Female,23.9,5.7,2.9,3.0,1.41,240.0,5.2,5,1,1,1,0,0,3.4,7.0,3,High
47,Female,21.5,7.9,1.0,9.4,1.23,193.0,0.0,0,0,1,0,0,1,1.7,1.6,3,Low
46,Female,24.4,6.0,5.6,5.6,2.06,287.0,6.1,2,1,1,0,0,1,10.0,2.9,1,Medium
15,Female,19.8,6.3,6.4,5.5,1.01,152.0,2.5,2,0,0,0,0,1,5.9,7.5,3,Low
37,Female,18.7,7.1,7.4,0.0,1.99,41.0,1.4,2,0,0,0,0,0,5.1,2.8,1,Low
30,Male,30.0,6.9,4.4,5.6,1.89,112.0,3.8,1,1,0,0,0,0,5.8,6.7,0,Low
24,Male,20.1,7.5,6.9,4.9,2.0,143.0,0.9,1,1,0,0,0,0,10.0,8.7,2,High
53,Male,24.5,7.0,6.3,0.9,2.42,94.0,4.1,2,0,0,0,0,0,4.5,7.2,0,Low
43,Female,28.8,7.3,8.1,8.8,2.6,217.0,2.7,1,1,0,0,0,0,5.1,8.9,1,High
49,Female,28.6,6.0,5.1,4.5,1.53,253.0,0.0,1,0,1,0,0,0,5.1,1.9,2,High
54,Female,28.1,4.8,1.4,11.3,2.8,0.0,1.2,6,1,0,1,0,0,7.7,1.0,1,High
68,Male,25.9,4.2,5.1,10.0,1.92,134.0,3.4,4,1,0,0,1,0,5.7,2.7,1,High
59,Female,27.8,3.8,5.4,4.0,3.5,0.0,5.3,1,0,0,1,0,0,1.1,4.6,4,Low
49,Female,30.7,9.3,6.3,9.8,1.63,140.0,3.7,2,0,0,0,0,1,1.0,2.4,2,Low
63,Female,26.4,3.0,1.8,10.5,0.81,139.0,5.3,0,0,1,0,1,0,7.6,2.7,3,High
41,Male,16.2,8.4,4.5,4.4,2.77,345.0,1.0,2,0,0,1,0,0,5.6,4.3,3,Medium
69,Female,22.1,5.2,7.1,3.1,2.44,312.0,4.6,2,0,1,0,0,0,4.2,3.5,3,Low
56,Male,27.6,8.4,5.0,0.0,3.06,253.0,4.6,2,1,0,1,0,0,3.0,6.6,0,Low
50,Male,21.7,3.0,4.5,7.1,2.35,44.0,0.0,1,1,0,0,0,0,9.4,4.6,3,High
64,Male,31.8,6.1,9.4,3.3,3.97,38.0,5.4,2,0,0,1,0,0,5.6,3.2,1,Low
43,Female,24.2,8.8,2.8,7.1,1.95,29.0,3.7,4,1,0,1,0,0,6.3,6.9,0,Medium
54,Female,24.9,7.6,7.9,4.4,2.94,318.0,2.4,3,0,1,0,1,0,7.0,10.0,1,Medium
30,Female,29.6,6.0,7.4,3.8,1.68,50.0,2.3,2,1,0,1,0,0,6.1,5.7,2,High
67,Female,23.7,3.4,4.7,4.4,2.49,108.0,0.7,2,1,0,1,0,0,3.9,3.3,3,High
49,Male,25.3,4.4,5.1,2.4,2.64,51.0,4.4,2,1,0,0,0,1,4.5,1.0,7,High
58,Female,28.5,8.7,5.1,4.4,2.77,12.0,3.7,3,1,0,0,1,0,6.6,3.9,2,Medium
40,Female,17.9,5.9,5.6,3.9,2.72,187.0,4.3,3,0,0,0,0,0,7.2,1.7,3,Medium
62,Female,23.2,6.4,3.9,6.0,0.3,167.0,3.2,6,1,0,0,1,0,7.6,5.8,2,High
19,Male,28.2,7.0,4.3,6.3,2.05,0.0,3.5,2,0,0,1,0,0,3.0,8.6,1,Medium
21,Female,24.8,4.4,4.4,3.0,1.64,7.0,2.3,5,0,1,0,0,0,5.5,2.5,3,Medium
42,Male,31.1,7.2,4.5,9.1,1.8,178.0,5.4,2,0,0,0,0,0,3.0,3.2,1,Low
55,Female,17.4,5.8,4.5,5.6,1.87,142.0,4.3,0,0,1,0,0,0,4.7,6.3,5,Medium
59,Other,16.9,7.0,1.0,10.2,2.88,106.0,3.4,5,1,0,0,0,1,4.4,2.8,2,Low
39,Male,28.0,5.6,5.4,6.7,2.26,217.0,2.7,3,0,0,0,1,0,5.0,1.0,2,Medium
50,Female,28.4,4.0,4.0,6.2,1.69,0.0,0.0,1,0,0,0,0,0,7.3,7.4,1,Low
45,Female,23.6,5.8,1.1,4.6,0.93,85.0,0.0,4,0,1,1,1,0,2.9,1.2,1,Medium
67,Female,26.3,7.5,4.4,7.7,3.33,207.0,2.2,2,1,0,0,1,0,9.9,4.4,1,Medium
50,Female,27.9,7.1,4.4,6.1,1.58,79.0,5.8,1,1,1,1,0,1,8.1,4.2,3,High
37,Female,20.8,6.5,8.0,8.4,2.0,184.0,1.4,2,0,0,0,0,0,1.0,3.5,0,Low
68,Male,21.3,7.9,4.0,10.5,3.81,24.0,1.5,2,0,0,0,0,0,5.8,6.0,1,Low
20,Male,25.4,6.2,6.7,4.0,1.6,59.0,0.9,2,1,0,0,1,1,2.1,1.0,2,Medium
69,Female,28.6,6.6,8.2,7.7,1.88,0.0,0.2,5,0,1,0,0,1,5.9,5.4,1,High
23,Male,19.3,5.7,3.8,7.6,2.29,0.0,1.0,4,1,0,1,0,0,1.4,2.5,2,Low
30,Female,23.6,8.0,5.1,7.3,0.82,98.0,3.6,0,0,1,1,0,0,7.9,4.7,1,High
60,Other,23.4,7.0,9.0,4.8,0.72,200.0,1.9,2,1,0,0,0,0,8.0,2.6,7,High
55,Female,26.4,5.6,5.7,4.8,1.71,137.0,1.8,1,0,1,1,0,1,3.8,4.8,1,Medium
68,Male,24.5,4.1,6.0,4.4,1.74,278.0,1.6,2,0,0,0,0,0,5.4,6.5,2,Medium
56,Male,22.0,8.3,4.3,4.3,2.21,107.0,3.5,1,0,0,1,0,0,1.8,4.2,1,Low
50,Female,30.1,5.3,6.7,3.6,1.32,0.0,3.9,3,0,0,0,0,0,3.6,3.8,1,Medium
34,Female,22.1,6.6,5.1,5.7,2.45,188.0,0.0,2,1,0,1,0,0,4.6,2.6,2,Low
15,Female,23.2,10.3,1.2,3.9,0.37,31.0,1.3,1,0,1,1,0,0,1.0,4.8,2,Low
21,Male,17.3,7.8,4.4,7.2,2.04,164.0,2.8,1,1,0,1,0,0,9.0,6.9,3,High
31,Female,21.3,9.1,2.6,6.2,2.39,0.0,4.0,4,0,0,1,0,1,5.3,4.4,3,Low
17,Male,26.8,5.6,5.4,6.5,2.36,120.0,3.3,0,1,0,0,0,1,8.1,7.9,3,High
42,Male,25.9,8.2,3.2,5.2,1.97,227.0,4.8,1,0,0,1,0,0,4.5,3.9,3,Low
57,Male,27.2,6.5,6.3,6.2,1.57,214.0,0.0,2,0,0,0,0,0,3.2,9.2,3,Low
67,Female,27.0,7.1,5.3,5.3,1.95,122.0,3.9,3,0,1,0,0,1,5.2,1.0,2,Low
41,Female,33.9,9.7,2.5,8.2,3.09,144.0,7.5,3,0,0,0,0,0,7.3,3.2,1,Low
63,Male,21.1,6.1,4.1,4.8,1.62,95.0,3.1,3,1,0,0,0,0,3.3,2.6,3,Low
69,Female,17.2,6.5,6.6,7.1,2.88,117.0,3.2,1,0,1,0,0,0,5.6,4.3,5,Low
62,Male,19.8,5.1,7.7,2.3,3.01,219.0,4.1,2,0,0,1,1,0,3.5,6.0,1,High
40,Female,21.3,7.9,3.2,8.0,0.71,68.0,1.8,1,1,1,0,0,1,1.0,10.0,3,High
32,Female,20.1,5.6,2.8,4.4,2.0,78.0,0.9,1,1,1,1,0,1,4.0,4.8,3,High
68,Male,24.9,8.1,9.5,3.4,1.32,0.0,3.1,2,0,0,0,0,0,5.3,6.6,3,Medium
28,Female,30.1,3.9,5.2,2.8,0.9,221.0,0.0,0,0,1,1,1,1,4.9,2.6,3,High
37,Female,31.4,7.4,5.4,2.6,2.73,115.0,3.9,1,0,0,1,0,0,4.2,3.9,2,Low
19,Female,26.8,5.5,3.6,4.7,2.48,11.0,4.2,4,0,1,0,0,0,5.2,6.2,1,Low
58,Female,34.1,7.7,5.7,10.2,2.31,240.0,0.0,2,0,0,1,0,1,3.3,1.0,2,High
50,Male,22.9,6.5,9.0,4.2,1.23,139.0,3.4,2,0,0,0,0,0,6.2,1.9,3,Medium
19,Female,17.2,5.6,5.8,0.0,2.27,62.0,2.5,4,0,0,0,0,0,3.8,4.8,0,Low
27,Female,29.2,5.9,7.5,7.0,1.05,242.0,6.3,1,0,0,1,0,0,7.0,4.2,0,High
45,Female,16.2,5.1,5.3,2.9,2.16,106.0,5.9,1,1,1,0,1,1,1.5,5.1,1,Low
44,Male,21.1,7.8,2.9,8.3,1.57,0.0,4.9,4,1,0,1,0,0,5.1,1.0,2,Medium
59,Female,26.8,4.8,3.7,4.8,2.94,249.0,5.7,2,0,0,1,0,1,6.1,3.8,1,Medium
29,Male,24.0,6.1,2.7,5.2,1.81,52.0,2.2,1,0,0,1,1,0,8.0,4.0,2,Low
65,Male,23.6,7.1,5.7,9.4,2.28,476.0,3.6,1,0,0,0,0,0,3.6,5.1,2,Low
39,Female,19.2,9.1,7.9,7.7,2.29,95.0,2.4,2,1,1,1,0,1,7.8,6.6,0,Medium
60,Male,24.5,6.5,5.6,2.5,2.04,0.0,0.8,0,0,0,0,0,1,6.0,4.7,1,Low
28,Male,29.0,6.1,4.5,2.9,2.18,337.0,3.2,2,0,0,1,0,0,9.2,2.0,1,Low
17,Female,24.6,6.9,3.5,1.0,2.34,138.0,2.8,2,0,0,0,0,0,1.2,5.4,3,Low
18,Female,20.8,3.2,6.0,13.3,1.38,172.0,2.6,5,0,1,1,1,0,5.5,1.0,4,High
35,Male,18.9,4.6,2.5,3.6,2.42,186.0,2.9,2,0,0,0,1,0,4.8,4.8,3,Medium
67,Male,20.9,5.9,2.7,9.3,2.79,0.0,3.1,3,0,0,1,0,0,5.3,5.8,1,Low
17,Male,26.3,5.4,7.2,4.5,2.42,0.0,5.0,2,1,0,1,0,0,7.1,4.4,1,High
35,Other,26.0,3.9,4.6,3.0,1.82,359.0,1.7,1,1,0,0,0,0,8.4,6.2,3,Medium
21,Female,20.9,7.9,4.5,6.1,2.24,0.0,0.2,2,0,1,0,1,0,5.7,1.4,2,Low
66,Male,15.0,6.9,4.8,5.1,1.81,324.0,4.5,4,0,0,1,1,0,1.0,10.0,1,High
52,Male,26.4,6.7,6.8,8.2,2.01,202.0,4.9,2,0,0,0,0,1,4.0,2.4,4,Low
56,Female,20.5,5.4,5.6,8.3,1.15,163.0,3.8,1,0,0,0,0,0,10.0,1.0,1,Low
54,Female,27.6,6.6,3.6,4.3,3.2,93.0,0.5,0,0,0,1,0,0,2.5,1.5,0,Low
51,Female,21.1,7.3,3.6,2.0,3.65,398.0,2.7,2,1,0,0,0,0,5.3,10.0,3,Low
57,Male,20.1,6.1,4.8,2.6,1.54,68.0,3.6,2,1,0,1,0,0,6.7,7.2,2,Medium
15,Female,25.2,7.2,5.9,0.0,2.73,71.0,0.6,3,1,0,0,0,0,7.4,1.6,1,Low
62,Male,35.1,5.2,5.1,5.2,3.27,218.0,1.3,3,0,0,1,0,1,3.4,7.4,1,Low
55,Female,27.9,6.7,4.9,6.0,1.33,70.0,2.7,2,0,0,0,0,0,8.5,7.7,4,Medium
55,Female,25.1,8.3,5.3,2.8,0.37,33.0,5.6,2,0,0,1,0,0,7.9,1.1,1,Medium
36,Male,26.1,8.5,5.1,2.5,3.31,138.0,3.5,1,0,0,1,1,0,6.0,7.5,4,High
59,Female,16.6,8.6,3.5,6.0,2.09,220.0,1.7,0,0,1,0,0,0,2.6,3.6,1,Low
36,Male,19.4,7.0,7.6,4.2,1.68,351.0,2.6,2,0,0,0,0,1,3.5,6.3,1,Medium
17,Female,15.0,6.6,4.1,5.4,2.14,373.0,1.5,0,0,1,1,0,0,3.2,6.9,2,Medium
64,Male,32.3,5.8,5.5,5.0,1.8,0.0,2.1,6,0,0,0,0,0,4.3,6.9,4,Low
27,Female,31.4,3.6,1.0,6.7,4.47,259.0,4.6,0,1,0,0,0,1,8.3,4.1,1,Medium
20,Other,26.3,4.3,4.7,4.4,1.68,36.0,0.0,3,1,0,0,1,1,5.6,2.6,1,Medium
49,Male,25.1,6.2,2.8,4.6,2.36,41.0,5.9,1,1,0,0,0,0,6.4,5.9,2,Low
27,Female,17.5,6.3,3.0,0.7,3.13,85.0,7.8,3,1,1,0,0,0,5.3,6.6,0,Low
62,Female,23.5,8.8,10.0,5.9,3.13,78.0,3.4,2,0,1,1,1,1,8.7,5.7,4,High
39,Female,32.6,8.6,5.7,6.2,2.98,27.0,1.2,1,1,1,1,0,0,1.0,4.4,3,Medium
15,Male,25.1,5.4,7.9,5.5,1.76,0.0,5.6,0,0,0,0,0,0,1.0,6.2,3,Low
67,Male,22.0,7.8,7.1,11.4,1.98,303.0,3.6,1,0,0,0,0,0,4.8,1.0,2,Low
43,Female,16.6,5.7,7.4,6.5,0.36,243.0,1.8,1,0,0,0,0,1,4.8,6.4,1,Medium
29,Female,30.7,7.6,4.8,5.6,2.04,143.0,0.9,1,1,0,0,1,0,4.7,4.1,1,Low
52,Male,24.2,7.8,8.7,7.4,2.13,38.0,2.1,3,0,0,1,0,0,3.1,7.3,5,Medium
44,Female,16.6,8.5,7.1,11.9,2.69,280.0,3.4,1,1,0,0,1,0,1.6,5.0,3,Medium
16,Male,20.3,5.7,5.3,6.7,3.54,137.0,5.0,1,0,0,0,0,1,4.6,6.0,1,Low
56,Female,18.8,8.1,5.8,0.0,2.67,81.0,3.6,4,1,1,1,0,1,3.9,6.0,3,Medium
37,Male,23.9,3.5,4.9,7.2,2.96,0.0,4.0,1,0,0,1,0,0,5.4,3.7,4,Medium
53,Other,25.4,8.6,5.3,3.5,2.09,204.0,2.3,4,0,0,0,1,0,6.6,2.8,0,Medium
64,Female,22.2,6.5,5.1,0.6,3.13,108.0,4.9,3,0,0,0,0,1,7.8,6.8,3,Low
48,Female,28.0,6.5,6.0,10.8,2.11,173.0,2.5,1,0,1,1,0,0,6.9,5.4,4,High
51,Female,24.9,3.2,9.0,10.1,3.01,163.0,7.0,1,1,0,1,0,1,4.8,5.3,3,High
29,Male,29.3,5.9,2.5,3.5,2.74,214.0,1.6,1,0,0,0,1,0,6.0,6.8,1,Medium
28,Female,22.9,8.7,7.7,3.5,2.41,168.0,3.9,2,1,0,0,1,0,1.9,6.1,2,Low
37,Male,38.2,5.8,4.4,6.4,0.87,111.0,7.8,2,1,0,1,0,0,2.8,7.9,0,Low
61,Male,22.0,7.6,8.0,3.5,2.97,205.0,5.3,2,0,0,0,0,0,9.1,3.8,1,Low
43,Female,20.4,6.6,4.5,5.6,2.4,249.0,4.6,5,1,0,1,0,0,7.5,5.9,3,High
34,Male,19.9,8.2,6.1,4.0,2.66,315.0,3.7,1,0,0,0,1,0,1.2,7.8,1,Low
57,Female,23.6,6.8,4.9,4.9,2.35,21.0,3.1,3,0,0,0,0,0,3.1,3.1,5,Low
61,Male,16.8,5.0,1.4,2.1,2.49,267.0,2.6,2,0,0,1,0,1,9.5,2.3,1,Low
64,Female,25.8,6.6,9.0,8.3,3.14,0.0,1.8,2,0,0,0,0,0,3.0,4.4,2,Medium
31,Male,15.9,9.1,3.1,9.4,1.72,256.0,0.0,4,0,0,1,0,0,1.0,4.7,2,Medium
54,Male,25.2,7.3,5.4,5.7,2.47,80.0,4.4,5,0,0,0,0,0,3.6,5.1,4,Low
47,Male,18.4,6.3,2.9,5.9,1.48,237.0,0.0,4,0,0,1,0,0,3.7,6.5,4,Medium
39,Male,22.8,10.1,2.3,7.8,2.56,309.0,4.4,1,1,0,0,0,0,7.8,5.9,2,Medium
36,Female,27.2,8.4,4.7,6.0,2.3,170.0,2.3,4,1,1,1,0,1,7.1,10.0,1,High
21,Male,34.9,7.8,3.9,10.8,1.6,145.0,0.9,1,1,0,0,0,0,3.7,7.7,4,Medium
30,Male,19.6,7.0,2.6,2.3,2.17,139.0,6.1,3,1,0,1,0,0,4.8,3.1,1,Low
45,Male,23.8,7.7,5.1,8.4,1.65,98.0,0.0,2,0,0,1,1,1,5.7,6.8,2,High
63,Female,21.2,7.7,1.9,5.7,1.8,274.0,1.5,5,1,1,1,0,0,6.8,4.5,2,Medium
62,Female,20.6,3.0,5.5,2.9,2.38,138.0,1.7,1,0,1,0,1,0,4.1,6.1,5,Medium
25,Male,21.3,7.1,4.9,12.3,2.31,0.0,3.3,3,0,0,0,0,0,5.7,5.4,1,Low
52,Female,28.2,6.2,1.0,12.7,0.56,247.0,1.7,1,1,0,1,0,0,8.6,1.0,5,High
19,Male,22.3,5.7,4.0,5.4,2.4,241.0,6.2,1,1,0,1,0,1,4.6,2.9,3,High
52,Male,34.6,6.2,6.2,7.2,1.86,155.0,0.0,2,0,0,1,0,1,5.3,5.0,1,Medium
33,Male,26.4,4.0,2.9,4.7,1.77,63.0,12.0,3,0,0,1,0,0,6.5,6.4,2,Low
39,Female,20.0,3.6,6.3,5.1,1.2,22.0,0.7,4,1,0,0,0,0,3.6,2.0,6,High
54,Male,22.8,8.5,6.2,2.8,2.06,64.0,9.5,1,0,0,1,0,1,2.8,7.9,1,Low
38,Female,20.9,7.2,3.0,2.4,1.68,172.0,5.4,1,1,1,1,0,1,6.0,6.8,2,Low
59,Female,28.1,2.6,5.2,11.2,3.12,0.0,2.8,2,0,1,1,0,0,6.5,2.2,2,Medium
44,Male,17.1,5.6,7.0,5.9,0.7,197.0,3.5,0,1,0,1,1,1,4.8,4.6,1,High
69,Female,18.5,7.9,3.3,6.1,1.33,158.0,2.2,1,0,1,1,0,0,3.4,6.8,1,High
50,Female,21.8,6.1,4.7,3.7,1.27,292.0,3.8,1,0,0,1,0,0,3.8,7.5,2,Low
31,Female,27.6,8.5,7.7,6.5,2.31,227.0,1.4,2,1,1,1,0,1,5.7,1.4,0,Medium
57,Female,30.0,8.2,3.3,1.8,3.04,70.0,4.6,4,0,0,1,0,0,2.1,3.0,2,Low
37,Male,30.7,4.3,6.2,3.8,2.5,0.0,3.4,2,1,0,1,1,0,7.6,7.1,2,High
44,Female,26.9,6.3,2.8,2.6,1.22,60.0,0.8,3,0,0,0,0,0,8.9,1.9,4,Medium
22,Female,24.1,5.8,4.8,9.6,1.76,302.0,3.9,1,0,1,0,0,0,1.2,6.0,2,Low
21,Male,28.1,4.3,6.2,1.4,1.45,182.0,3.8,2,1,0,0,0,0,6.4,4.6,3,Low
46,Female,19.3,4.2,1.0,2.7,2.51,216.0,1.4,5,0,1,1,0,0,7.0,4.1,2,Low
25,Male,16.2,5.2,4.0,0.3,1.74,81.0,2.1,1,1,0,0,0,0,7.2,1.0,7,Medium
69,Male,26.5,5.5,6.1,3.5,0.97,203.0,4.1,1,0,0,1,0,0,1.0,7.2,0,Low
62,Male,20.0,7.0,5.7,4.7,2.57,0.0,5.4,2,1,0,0,1,0,4.2,2.8,1,Low
53,Male,24.2,8.2,4.1,8.7,3.11,253.0,2.7,3,1,0,1,0,1,3.6,3.2,1,Medium
55,Female,25.0,7.3,2.8,5.4,1.96,23.0,5.0,1,1,1,1,1,0,4.4,5.8,4,Low
47,Male,25.6,7.7,6.6,4.9,2.2,0.0,5.6,0,0,0,1,0,0,1.9,4.6,2,Low
18,Female,28.7,6.1,4.5,6.8,0.89,399.0,5.9,2,0,0,0,0,0,9.3,4.6,0,High
36,Female,28.2,7.5,6.4,4.8,0.45,165.0,3.9,3,0,0,0,0,0,6.1,4.2,1,High
42,Male,25.4,6.3,6.0,12.7,0.62,162.0,1.0,1,0,0,1,0,0,2.5,3.3,2,Medium
65,Female,22.5,5.8,4.2,4.3,2.06,0.0,5.0,0,1,0,1,0,1,3.6,3.1,2,Low
27,Male,25.0,9.5,7.6,7.2,1.85,218.0,2.6,2,1,0,0,0,1,8.5,6.0,3,High
42,Male,21.8,2.8,3.9,8.3,2.54,247.0,4.1,1,0,0,0,0,0,4.7,2.3,2,Low
33,Male,23.6,3.5,7.8,4.3,1.94,128.0,1.6,3,0,0,0,0,1,8.2,3.0,2,High
22,Female,36.3,7.1,8.1,6.5,2.89,248.0,1.7,3,0,0,0,0,0,6.7,4.7,1,High
20,Female,25.3,6.1,7.5,4.6,2.8,279.0,1.5,0,0,0,1,0,1,1.6,6.1,5,Medium
35,Male,26.5,4.2,4.8,6.8,1.84,208.0,0.1,3,0,0,1,0,0,2.5,2.8,1,Low
19,Female,21.3,4.8,10.0,6.3,1.3,0.0,1.7,0,1,0,0,0,0,2.1,2.6,1,Medium
18,Female,29.1,5.0,5.5,5.6,0.57,23.0,0.7,3,0,0,1,0,1,6.2,3.9,2,Medium
34,Male,27.9,7.9,5.7,2.8,3.25,336.0,4.2,2,0,0,1,1,0,9.8,2.4,2,High
26,Other,28.0,8.4,5.2,11.2,1.35,159.0,0.7,1,1,0,0,1,0,5.4,4.3,2,Medium
45,Male,25.5,9.1,2.7,7.6,0.9,160.0,1.5,2,0,0,0,0,1,4.7,1.0,0,Low
15,Female,29.2,4.0,8.0,1.6,2.2,59.0,3.0,1,1,0,0,1,1,6.3,8.2,4,Medium
31,Female,30.2,4.3,3.9,4.8,0.91,80.0,7.0,2,1,1,0,0,0,4.8,4.4,0,Medium
39,Male,25.8,4.2,7.2,1.6,2.2,281.0,1.5,0,1,0,0,0,0,4.2,1.0,1,Low
67,Female,24.0,8.6,7.8,8.1,1.83,315.0,0.0,1,1,0,1,0,1,5.5,3.2,1,Medium
49,Female,28.5,7.2,6.5,5.9,2.84,238.0,0.1,2,0,0,0,0,0,6.9,4.7,1,Low
63,Female,20.4,6.6,3.7,6.0,2.77,211.0,1.1,1,1,0,1,0,0,3.7,4.3,2,High
33,Female,21.3,6.9,4.4,3.6,2.98,219.0,1.6,5,1,0,0,0,0,2.5,1.4,1,Low
39,Female,24.3,6.4,1.0,5.1,2.27,142.0,8.1,1,1,0,0,0,0,7.4,7.5,1,Low
38,Female,16.7,4.7,4.9,8.2,1.41,18.0,5.1,2,0,0,1,1,0,1.0,6.6,5,Medium
63,Male,28.2,7.3,7.0,9.0,1.27,0.0,2.3,1,0,0,1,0,0,1.7,1.4,2,Low
67,Female,20.2,6.2,4.7,8.4,1.68,295.0,7.1,2,0,0,0,1,0,5.0,5.4,4,Medium
67,Male,22.4,4.6,3.9,1.7,3.7,146.0,1.7,5,1,0,0,0,0,7.2,2.4,3,Low
56,Female,23.5,7.4,4.5,5.5,1.9,202.0,2.1,1,0,1,0,0,0,5.5,1.3,0,Low
42,Male,24.7,5.8,7.9,6.7,2.23,173.0,2.0,1,1,0,1,0,0,3.6,2.4,3,Low
44,Female,23.0,6.9,5.1,3.9,3.31,179.0,5.3,2,0,1,0,0,0,7.0,6.3,4,Low
68,Female,24.2,6.3,9.3,1.4,2.3,188.0,2.8,2,1,0,0,0,0,3.0,2.1,2,Low
30,Female,24.2,7.9,3.9,2.4,1.5,227.0,6.3,1,0,0,0,0,0,6.7,5.2,3,Low
34,Female,22.5,6.9,5.7,10.2,2.68,66.0,4.0,0,0,0,0,0,0,3.9,1.1,2,Low
64,Female,21.0,5.1,4.2,2.7,1.76,280.0,5.0,0,1,1,0,1,1,2.0,6.2,3,Medium
36,Male,29.4,7.0,9.8,6.1,2.33,69.0,0.0,3,0,0,1,0,0,6.8,3.8,2,Medium
27,Male,15.0,7.1,5.6,5.6,2.51,176.0,0.0,2,1,0,1,0,0,8.9,5.5,2,High
45,Female,23.6,7.3,9.9,5.6,1.7,20.0,0.0,0,1,0,0,0,0,4.0,1.6,1,Low
32,Female,22.4,8.2,4.3,5.1,2.25,132.0,2.1,1,0,0,0,0,0,7.5,9.7,1,Low
63,Male,26.4,5.5,8.6,8.2,3.38,77.0,0.0,1,0,0,1,0,1,1.0,9.1,1,Medium
64,Male,18.0,7.6,5.5,6.1,1.6,153.0,5.7,3,0,0,0,0,1,1.6,1.0,3,Low
31,Female,22.3,3.7,7.0,4.2,3.15,231.0,2.6,2,0,0,0,0,0,2.5,7.6,3,Medium
44,Male,24.0,6.3,2.5,6.1,1.63,158.0,4.4,2,1,0,1,0,1,4.6,4.9,3,High
69,Female,29.3,6.1,6.0,2.4,3.54,366.0,1.9,1,0,1,0,0,0,6.2,5.7,0,Medium
55,Male,26.0,8.8,2.8,7.3,1.42,238.0,4.8,0,0,0,0,0,1,1.9,5.6,4,Low
26,Female,19.2,6.2,5.8,4.1,1.78,125.0,0.0,3,1,1,0,0,0,2.6,6.7,3,Medium
47,Female,22.3,7.5,1.9,4.3,3.31,141.0,2.9,4,0,0,1,0,0,7.0,3.1,2,Low
49,Female,28.5,3.7,5.0,7.4,3.34,192.0,4.1,0,0,0,0,0,1,2.8,1.0,3,Low
50,Male,19.1,5.9,7.6,4.9,2.75,227.0,4.3,3,1,0,1,0,1,8.4,3.0,0,High
16,Female,24.1,5.1,6.4,5.0,1.23,14.0,2.3,0,0,1,0,0,0,3.1,2.7,3,Medium
31,Male,24.5,10.5,2.5,9.3,2.17,220.0,0.0,0,1,0,0,0,0,7.8,4.6,1,Medium
62,Male,22.8,5.4,1.0,3.3,2.1,17.0,5.2,1,0,0,0,1,0,6.9,4.5,2,Low
28,Male,36.6,6.6,6.3,7.4,1.42,209.0,2.1,0,1,0,1,0,0,5.1,3.3,3,High
31,Female,22.6,6.7,8.7,8.7,2.66,271.0,2.3,3,1,1,1,0,0,5.5,2.9,1,High
32,Female,26.5,4.0,3.1,9.3,1.48,183.0,7.9,1,1,0,0,0,1,5.2,6.2,0,Low
24,Female,21.1,5.7,9.8,12.1,1.07,0.0,3.2,3,1,1,0,0,1,7.7,2.0,1,High
23,Male,26.9,7.1,5.2,4.2,0.8,0.0,1.9,4,0,0,0,0,0,1.0,6.4,4,Low
34,Male,28.4,6.6,1.0,3.6,3.47,212.0,1.7,3,0,0,0,0,0,4.1,4.5,4,Low
63,Female,21.9,2.8,1.8,8.3,1.69,0.0,4.4,2,1,1,0,0,1,5.4,3.2,3,High
15,Male,24.3,5.6,6.9,8.6,1.71,217.0,1.2,1,1,0,1,0,1,7.9,2.2,0,High
30,Female,20.5,8.1,5.5,3.8,1.28,258.0,4.1,1,0,1,1,1,0,3.5,7.9,1,Medium
18,Female,19.4,7.4,8.5,7.4,3.19,275.0,5.4,3,1,0,1,1,0,1.0,1.0,2,Medium
45,Female,29.2,8.4,2.6,13.6,1.0,123.0,2.8,1,1,1,0,1,1,1.0,5.6,4,Medium
28,Male,22.0,4.9,5.5,6.3,1.14,198.0,5.2,0,0,0,0,0,0,5.1,4.3,0,Medium
58,Female,15.0,8.5,5.2,8.6,1.84,173.0,2.8,2,1,1,1,0,0,1.6,4.0,1,High
47,Female,32.4,6.4,4.9,10.4,2.08,0.0,1.5,0,1,1,0,0,0,4.3,1.5,1,Medium
58,Male,20.9,9.0,4.4,13.0,2.63,232.0,0.0,3,0,0,1,0,0,1.7,2.7,2,Medium
49,Female,23.4,6.5,4.4,6.7,1.56,303.0,3.6,2,0,1,0,1,0,4.0,10.0,1,High
39,Female,31.9,3.2,5.6,9.5,3.34,226.0,3.7,1,0,1,0,0,1,9.8,7.2,2,High
62,Female,23.9,7.9,5.9,3.8,1.56,95.0,5.2,4,1,1,0,0,0,8.1,7.0,3,High
41,Female,23.8,5.8,5.8,6.1,1.29,231.0,4.9,2,0,0,1,0,1,4.9,6.3,1,Low
67,Female,19.0,5.9,7.9,4.7,1.22,293.0,7.5,1,0,1,1,0,1,4.2,5.2,5,Medium
69,Female,17.1,4.2,2.6,0.7,1.48,278.0,1.7,3,0,0,0,0,0,2.7,8.1,0,Low
47,Male,23.8,9.1,1.2,1.5,1.17,263.0,3.8,0,0,0,0,0,0,6.3,5.1,4,Low
52,Female,26.1,5.7,7.4,7.2,2.7,0.0,1.5,2,0,1,0,0,1,4.0,10.0,1,Medium
29,Male,25.9,9.0,3.1,7.3,1.3,194.0,5.0,2,0,0,1,1,0,8.3,7.7,0,Medium
59,Female,22.3,5.8,4.4,3.1,1.99,221.0,1.0,4,1,0,0,0,0,5.2,5.5,2,Medium
51,Female,24.6,5.0,3.9,10.4,1.28,264.0,5.0,1,0,0,0,0,1,5.3,6.2,2,High
64,Female,16.2,8.6,3.8,2.9,1.16,207.0,1.4,3,0,0,1,0,0,1.0,4.5,4,Low
29,Female,26.6,6.4,2.0,6.7,2.99,321.0,4.7,2,1,1,0,0,1,3.5,8.8,2,Medium
58,Female,25.2,6.4,3.9,4.8,3.38,0.0,5.7,2,0,0,0,0,1,9.6,3.2,2,Low
40,Female,33.4,4.4,6.6,6.3,3.12,211.0,0.0,0,1,0,1,0,0,1.1,6.2,2,Medium
25,Male,24.5,5.8,5.2,8.5,0.92,203.0,0.0,3,1,0,1,1,0,4.3,4.9,1,High
24,Male,20.3,7.2,6.3,8.1,1.03,249.0,3.5,3,0,0,0,0,0,4.3,2.7,3,Low
45,Female,24.3,4.4,4.1,8.0,3.68,320.0,3.3,1,0,0,1,0,0,5.5,5.7,3,Medium
32,Male,23.0,5.6,7.2,7.6,1.9,52.0,2.4,4,0,0,1,0,0,5.9,1.0,4,High
20,Male,26.5,5.8,4.1,2.4,1.0,316.0,2.0,1,1,0,0,0,0,3.5,6.8,0,Medium
38,Male,24.6,6.6,1.0,9.2,2.97,240.0,1.1,2,0,0,1,0,1,7.1,8.4,2,Medium
50,Female,18.8,8.9,5.9,3.0,2.15,129.0,3.7,3,0,0,0,0,1,3.3,3.4,1,Low
32,Female,17.1,6.0,6.9,5.7,2.56,50.0,0.9,3,1,0,0,0,0,6.3,3.8,2,Medium
67,Female,25.7,5.4,4.0,5.0,0.31,172.0,3.8,1,1,1,0,1,0,1.0,4.2,1,High
57,Female,30.7,10.9,7.8,7.0,1.84,181.0,1.7,5,1,0,0,0,1,2.9,7.1,4,High
43,Female,24.9,5.8,3.3,4.6,2.86,188.0,2.1,7,0,0,1,0,0,1.1,8.3,6,Medium
66,Male,28.2,6.2,6.7,5.6,1.59,81.0,5.7,1,1,0,0,0,1,5.5,7.8,2,Medium
38,Male,29.1,5.9,9.0,10.5,3.09,217.0,5.1,2,0,0,1,0,0,5.6,7.5,3,High
22,Female,25.7,6.1,5.3,2.4,1.05,105.0,0.8,3,1,0,0,0,0,3.8,5.6,5,High
16,Female,20.8,6.6,4.7,6.0,2.01,284.0,1.1,2,1,0,0,0,0,5.5,1.0,0,Medium
66,Female,25.4,8.0,5.0,2.9,3.42,338.0,4.7,2,0,0,0,0,1,1.9,4.2,0,Low
67,Female,29.9,7.1,8.8,7.9,1.18,61.0,0.0,0,0,0,1,0,0,7.9,6.9,2,Medium
55,Male,26.9,8.2,6.1,4.0,2.32,157.0,6.2,2,0,0,1,0,1,7.1,6.8,0,Medium
20,Female,27.9,8.2,9.9,6.1,2.57,257.0,3.3,1,0,0,0,1,0,2.5,4.2,0,Medium
31,Male,22.4,6.8,5.8,2.3,2.17,180.0,1.7,4,1,0,0,1,0,1.9,1.0,3,High
17,Other,23.6,7.1,3.8,9.6,1.9,1.0,3.0,2,1,0,0,0,0,3.6,6.8,1,Medium
17,Male,24.0,8.3,3.9,6.2,1.4,245.0,6.0,2,0,0,0,0,0,5.4,2.5,0,Low
28,Male,24.3,4.7,5.3,6.4,2.26,83.0,0.0,3,0,0,1,0,0,5.2,2.5,1,Low
46,Female,29.8,10.5,1.0,8.3,2.02,172.0,5.3,1,0,1,0,0,1,2.2,7.1,3,Medium
18,Female,15.0,5.7,4.2,2.5,0.95,41.0,5.6,2,1,0,0,0,0,3.8,5.0,0,Low
69,Female,24.6,5.9,4.2,4.3,2.98,237.0,2.3,1,0,0,0,0,0,5.7,6.8,3,Low
40,Male,24.1,4.6,5.7,6.5,1.37,104.0,2.8,2,1,0,0,0,0,3.9,1.3,2,Medium
29,Female,18.3,4.6,9.5,1.1,0.97,249.0,3.3,1,0,0,0,0,0,5.1,4.4,1,High
43,Male,27.5,8.1,5.3,1.4,1.62,126.0,4.6,2,0,0,1,0,0,7.3,1.0,1,Low
58,Female,21.2,10.1,1.0,3.7,1.39,97.0,1.4,2,0,0,1,0,1,3.3,7.1,1,Low
32,Female,22.9,5.6,3.2,2.8,1.89,195.0,3.0,4,0,0,0,0,0,7.1,6.6,2,Medium
17,Female,32.8,7.1,5.8,5.0,1.11,32.0,2.8,3,1,1,1,0,0,4.8,2.3,1,Medium
17,Male,29.0,6.9,5.4,7.5,2.46,348.0,4.5,0,1,0,1,0,0,4.6,4.0,5,High
61,Female,27.1,8.1,8.8,8.1,3.2,170.0,8.9,3,0,0,0,0,0,1.5,6.1,1,Low
21,Female,26.2,10.0,7.3,11.1,2.18,88.0,1.4,1,1,1,1,0,1,6.8,2.2,1,High
49,Female,23.8,8.9,7.2,5.9,0.94,106.0,3.2,0,1,1,1,0,0,9.8,1.0,2,High
36,Male,33.5,6.1,4.7,6.4,1.37,152.0,1.3,2,1,0,1,0,0,2.3,4.5,2,High
57,Other,28.1,7.3,7.6,5.9,2.28,260.0,1.9,4,0,0,0,0,0,2.6,6.5,2,Low
18,Female,21.1,7.5,3.2,6.9,0.53,52.0,0.6,1,0,0,0,0,0,8.8,2.2,3,Medium
64,Male,18.2,6.5,7.3,7.1,1.11,109.0,0.0,1,0,0,0,0,0,6.6,7.8,2,High
53,Female,27.1,4.7,4.6,8.6,0.78,145.0,5.6,0,1,1,1,0,0,3.3,5.6,1,High
39,Male,24.2,5.2,2.0,8.6,2.19,320.0,3.8,3,0,0,1,0,0,9.2,7.7,2,Medium
26,Female,18.1,8.3,6.5,7.5,3.83,260.0,3.2,2,1,0,1,0,0,3.8,2.1,2,Medium
68,Female,26.4,8.5,8.3,10.2,1.09,325.0,1.1,1,1,1,1,0,0,5.1,2.2,3,High
31,Male,23.3,6.2,4.3,6.1,2.75,153.0,2.8,3,0,0,0,0,1,5.8,3.0,1,Low
41,Female,26.9,6.9,8.6,4.3,1.65,308.0,0.5,1,0,0,0,0,0,6.9,8.1,4,High
36,Female,26.5,8.4,1.6,4.7,1.04,289.0,2.9,0,0,0,0,0,0,6.1,4.8,2,Low
27,Male,21.8,3.8,2.6,5.7,3.35,227.0,3.7,1,0,0,0,0,0,10.0,4.1,2,Medium
37,Other,27.3,5.8,4.9,3.0,3.83,235.0,1.8,1,0,0,0,0,0,8.4,7.9,2,Low
23,Female,22.3,9.7,4.4,4.3,2.43,85.0,1.3,2,0,0,0,1,0,8.9,1.7,4,Medium
15,Male,22.6,7.0,3.7,2.8,2.39,351.0,1.9,1,0,0,0,0,0,3.3,5.2,3,Low
30,Male,22.1,4.7,5.5,7.0,2.15,123.0,4.8,3,1,0,0,0,1,5.8,4.4,2,High
21,Female,29.6,6.7,4.0,7.0,1.98,212.0,3.4,0,0,1,1,0,1,9.2,8.5,2,High
37,Male,23.2,8.1,4.4,1.0,2.37,224.0,0.0,1,0,0,0,0,0,4.0,6.9,3,Low
62,Female,30.7,2.4,5.8,4.2,2.64,0.0,4.6,3,1,0,1,1,1,4.0,3.4,1,Medium
23,Male,32.5,6.8,3.7,11.1,3.43,144.0,4.2,3,1,0,1,1,0,7.3,8.7,1,High
15,Female,21.2,5.9,5.0,7.8,1.68,172.0,3.4,1,0,1,1,0,0,6.2,5.0,0,Medium
21,Female,15.0,3.9,3.8,7.3,2.2,138.0,6.6,3,0,0,1,0,0,5.0,6.0,1,Low
42,Female,29.2,6.6,2.5,4.1,2.03,146.0,3.1,4,0,0,0,0,1,5.7,5.6,2,Medium
30,Female,23.0,6.3,6.9,6.8,2.92,314.0,3.9,3,0,0,0,1,0,1.0,8.7,2,Medium
41,Male,20.6,6.5,9.0,6.0,4.02,59.0,4.0,4,1,0,0,0,1,4.2,1.0,3,High
16,Other,21.9,5.9,7.5,3.8,2.95,10.0,4.9,4,0,0,0,0,0,2.9,5.9,1,Low
33,Female,22.6,4.9,5.9,4.6,2.74,85.0,2.5,2,0,0,0,0,0,9.0,10.0,1,Low
37,Female,30.3,4.2,3.8,4.7,2.83,232.0,1.6,3,0,0,1,0,0,4.6,1.6,2,Low
38,Female,25.2,5.4,4.6,1.8,3.11,243.0,5.1,3,1,0,0,0,0,5.2,2.3,3,Medium
45,Female,30.3,7.9,7.5,2.3,4.03,217.0,5.0,1,0,0,0,0,1,7.8,5.2,2,Medium
57,Female,26.7,6.9,1.0,5.4,0.75,250.0,5.8,3,0,1,0,0,0,8.9,7.6,3,Medium
40,Male,23.1,6.4,4.4,3.6,2.58,178.0,3.9,0,0,0,1,0,1,5.7,5.4,4,Medium
61,Male,22.7,4.8,6.8,5.2,0.3,93.0,0.0,1,1,0,0,0,0,2.9,4.1,3,Medium
44,Female,27.0,5.9,2.7,1.5,2.86,46.0,3.4,2,1,1,0,1,0,3.6,4.6,3,Low
29,Female,28.2,7.7,6.1,8.2,2.54,11.0,3.1,2,1,0,1,0,0,5.7,3.7,4,Medium
27,Male,29.0,7.3,6.0,11.8,1.66,125.0,5.7,1,1,0,0,1,1,5.8,3.5,2,Medium
32,Female,23.3,5.7,2.0,8.9,0.3,237.0,5.3,2,1,0,0,0,0,3.0,1.3,1,Medium
47,Female,25.3,2.3,5.4,9.2,2.09,176.0,4.3,2,0,1,0,0,0,1.0,9.7,4,High
28,Female,27.1,5.4,3.8,7.8,2.28,153.0,0.0,2,1,1,0,1,0,1.0,5.0,1,Medium
65,Female,22.8,5.7,6.1,6.7,2.05,34.0,1.2,1,1,1,0,0,0,2.0,2.2,1,Low
41,Female,19.4,5.0,6.7,6.2,1.6,434.0,2.2,2,0,0,1,0,1,4.5,7.3,2,Medium
62,Male,20.9,5.8,6.1,3.4,1.38,59.0,2.2,2,0,0,1,0,0,4.2,1.0,3,Medium
52,Female,23.4,7.8,5.4,7.9,2.06,163.0,3.4,0,0,0,1,0,0,1.0,1.5,1,Low
33,Male,27.5,6.4,5.8,7.8,1.46,260.0,6.3,2,1,0,0,0,1,4.4,5.3,0,Medium
27,Female,30.2,8.1,2.6,4.7,2.75,155.0,4.7,1,1,1,0,0,0,9.2,4.5,5,Medium
55,Male,18.4,4.1,5.1,7.5,2.04,61.0,1.0,3,1,0,1,0,1,5.9,6.0,2,High
33,Female,21.8,6.0,3.4,4.1,0.72,239.0,1.2,2,0,0,0,0,0,10.0,2.4,0,Medium
28,Female,22.9,3.4,7.5,4.2,2.24,3.0,1.0,2,0,1,0,0,1,5.0,3.6,3,High
66,Female,28.1,5.8,6.7,8.2,2.43,342.0,2.7,0,0,0,0,0,1,4.9,4.1,1,High
41,Female,22.1,4.8,6.7,7.2,3.39,181.0,4.8,1,0,0,0,0,1,5.7,2.6,2,Low
17,Female,22.6,8.6,9.0,5.4,2.84,122.0,5.1,1,0,0,1,0,0,9.6,1.9,1,Medium
42,Male,18.1,7.2,4.5,5.0,1.38,0.0,2.2,6,0,0,1,0,0,8.9,8.3,5,High
40,Female,26.7,8.1,4.0,6.5,3.24,23.0,2.9,3,1,0,0,0,0,6.9,2.1,3,Medium
62,Female,23.8,5.8,4.4,0.9,0.99,144.0,6.7,1,1,1,1,0,0,6.1,4.0,2,Medium
54,Female,21.6,4.9,1.7,3.9,2.12,358.0,0.0,0,0,1,1,0,0,2.9,2.3,4,Medium
25,Male,23.3,4.8,1.8,2.5,2.7,176.0,4.4,3,0,0,0,0,0,1.6,3.1,1,Low
23,Male,29.6,6.9,6.6,6.0,3.27,188.0,4.2,1,0,0,0,0,0,3.9,1.1,3,Low
48,Male,20.0,9.4,2.1,9.0,3.61,192.0,2.3,3,0,0,0,0,0,8.8,1.5,2,Low
17,Male,20.7,7.2,2.8,7.3,3.12,410.0,3.0,2,0,0,1,0,1,9.5,3.7,1,Low
32,Male,30.1,5.9,5.0,4.6,1.99,101.0,3.9,2,0,0,0,0,1,1.0,3.8,1,Low
22,Male,24.8,6.2,4.3,4.0,2.56,322.0,2.4,3,1,0,1,0,0,8.4,5.2,3,Medium
16,Female,27.5,6.4,7.1,3.9,2.28,106.0,1.6,1,0,0,1,0,0,9.6,9.6,1,Low
65,Male,26.3,9.7,5.3,11.6,1.53,73.0,1.4,1,1,0,0,0,1,8.1,5.1,3,Medium
19,Male,24.3,8.5,3.4,6.2,2.01,141.0,7.1,2,1,0,1,1,0,3.9,3.4,1,Low
15,Female,22.9,6.9,7.3,6.6,3.54,141.0,2.0,1,0,1,1,1,0,7.1,1.0,1,Low
66,Male,28.2,6.7,6.8,0.1,2.62,212.0,3.4,1,0,0,1,0,0,1.1,1.5,1,Low
25,Female,29.7,7.0,2.1,2.7,3.75,0.0,4.7,1,0,1,0,0,0,1.5,8.8,2,Low
59,Female,29.4,7.3,5.8,5.9,1.23,166.0,2.5,2,1,0,1,0,0,10.0,6.3,1,Medium
16,Female,19.2,5.8,3.6,4.6,1.79,84.0,3.1,1,1,0,1,0,0,3.9,5.3,2,High
23,Male,30.4,5.1,3.6,6.4,2.43,70.0,4.1,2,0,0,0,0,1,2.2,5.9,0,Low
21,Male,22.9,8.2,9.3,6.3,2.69,7.0,1.1,2,1,0,0,0,0,4.1,1.8,1,Low
53,Female,21.1,6.5,5.5,7.7,2.01,110.0,0.0,2,0,1,1,0,0,9.7,5.4,4,High
49,Female,23.7,8.0,4.7,0.8,2.74,93.0,1.4,1,0,0,1,0,1,7.9,4.0,2,Low
41,Female,28.2,9.1,5.4,2.9,2.73,103.0,6.8,0,0,0,0,0,1,3.3,7.3,2,Low
28,Female,26.9,7.3,7.1,5.7,0.99,0.0,1.7,3,0,0,1,1,0,4.8,4.2,3,Medium
19,Other,23.4,7.1,3.7,4.2,2.7,161.0,3.3,0,1,0,0,0,1,6.3,2.6,1,Low
46,Female,28.3,11.0,4.0,5.1,2.96,63.0,0.1,5,0,0,1,0,0,6.7,5.3,2,Medium
27,Female,25.1,6.8,6.6,6.3,2.34,0.0,6.0,1,1,0,0,0,0,6.3,3.5,5,Medium
47,Female,21.9,4.8,1.9,3.9,0.63,90.0,2.3,0,0,1,0,0,0,2.7,6.0,4,Medium
52,Other,21.3,6.1,7.4,6.5,1.88,65.0,2.0,2,0,0,0,0,0,4.5,4.6,4,High
61,Female,26.3,9.0,1.7,7.5,2.45,155.0,2.7,3,0,0,0,0,1,2.3,6.9,1,Low
42,Male,24.1,4.4,4.7,6.2,1.41,88.0,8.5,3,0,0,1,0,0,7.4,2.3,2,Medium
15,Female,18.3,5.3,1.7,8.0,2.83,0.0,4.0,2,0,0,1,0,1,4.8,8.3,1,Low
30,Female,28.3,8.3,2.9,0.0,2.68,52.0,2.7,0,0,0,0,0,1,5.9,5.5,1,Low
61,Male,22.3,6.1,8.1,4.4,2.21,0.0,0.0,3,0,0,1,1,0,3.4,4.7,1,Low
44,Female,31.7,6.3,7.5,8.5,2.11,275.0,6.0,1,0,1,1,1,0,6.6,7.0,2,Medium
49,Male,18.2,8.2,7.7,3.6,2.25,293.0,1.5,1,0,0,0,0,0,6.7,6.3,1,High
40,Female,23.7,5.4,2.0,3.2,2.1,306.0,1.1,2,0,1,0,0,0,1.5,6.2,3,Low
23,Male,21.4,4.2,2.9,5.6,1.07,85.0,1.3,0,0,0,0,0,0,7.0,5.7,1,High
64,Male,20.1,4.3,5.9,6.0,1.76,293.0,6.2,2,1,0,0,1,1,2.2,6.3,4,High
57,Male,22.3,7.4,6.8,4.5,2.16,195.0,2.9,2,1,0,0,0,0,3.3,4.0,1,Low
69,Female,32.5,6.9,3.4,11.2,3.23,60.0,0.0,2,0,0,0,0,0,7.3,6.0,4,Low
62,Male,25.1,5.4,3.9,6.8,2.65,81.0,2.6,0,0,0,1,0,1,3.4,3.3,0,Low
31,Other,20.9,4.6,2.7,3.5,3.28,131.0,1.2,2,0,0,1,0,1,5.3,2.7,2,Low
28,Female,16.3,6.1,8.8,2.0,0.98,161.0,3.8,1,0,1,0,1,1,4.8,3.4,4,High
28,Female,16.8,8.3,4.2,7.1,1.82,190.0,2.1,4,0,0,0,1,0,1.5,1.0,2,Low
65,Male,22.1,5.2,5.3,3.4,3.76,150.0,0.0,2,0,0,1,0,1,8.6,1.6,1,Medium
45,Female,21.6,5.4,5.4,12.0,1.51,112.0,2.8,0,0,0,0,1,0,8.6,3.8,3,Medium
39,Male,23.5,4.6,7.6,7.2,1.49,299.0,2.9,3,0,0,0,0,1,6.2,1.0,1,Medium
68,Male,15.0,5.9,3.1,7.6,1.88,137.0,0.2,2,0,0,0,1,0,4.3,3.7,2,Medium
48,Female,24.1,7.0,7.8,6.7,3.71,131.0,0.0,3,1,1,1,0,0,5.3,6.6,0,High
65,Male,29.1,9.9,2.4,9.1,1.56,126.0,3.6,6,1,0,0,0,0,8.4,3.8,3,High
69,Male,31.8,6.8,7.8,0.0,2.55,138.0,2.4,2,1,0,1,0,0,3.8,3.7,1,Low
19,Female,16.0,6.4,1.4,2.6,2.41,0.0,2.5,3,0,0,0,0,0,4.0,4.2,1,Low
34,Male,20.9,7.9,5.0,8.9,0.56,40.0,4.6,3,1,0,0,0,0,4.5,1.0,4,Low
55,Female,20.7,7.6,8.8,10.2,2.09,419.0,0.0,3,1,0,1,0,0,1.0,4.8,4,High
59,Female,25.2,5.6,6.7,2.5,1.66,0.0,3.1,2,1,1,0,0,0,6.8,6.3,1,Medium
23,Male,19.0,10.2,6.1,0.9,2.64,180.0,4.5,3,0,0,1,0,0,5.6,6.8,1,Low
32,Female,32.1,6.5,2.9,6.5,3.49,188.0,2.6,1,0,0,0,0,1,7.1,3.4,0,Low
45,Male,24.7,6.9,3.6,7.4,1.82,261.0,0.0,1,1,0,1,0,1,3.9,8.1,2,Low
58,Female,23.9,7.4,8.2,6.4,1.82,190.0,1.5,1,0,1,1,0,1,1.5,5.2,1,Medium
21,Female,31.7,7.1,6.2,5.8,4.11,358.0,2.0,2,1,1,0,0,0,5.4,6.9,2,Medium
48,Female,24.4,8.9,7.2,0.8,1.53,176.0,0.0,1,0,0,0,1,0,2.2,3.8,1,Low
31,Male,26.3,5.6,5.4,4.9,1.03,298.0,3.8,3,0,0,0,0,1,6.5,8.1,3,High
26,Male,21.1,7.8,4.6,5.4,3.2,264.0,3.0,1,0,0,1,1,1,6.7,3.4,1,Low
43,Male,18.3,6.8,6.9,4.5,2.06,320.0,1.6,3,1,0,1,0,1,10.0,5.5,1,High
37,Other,21.8,8.1,5.8,0.6,2.33,153.0,5.2,2,0,0,1,0,0,8.6,4.6,1,Low
49,Male,34.3,6.2,4.8,7.6,3.89,194.0,1.9,1,0,0,1,0,0,5.8,1.6,5,High
32,Male,27.3,5.9,2.1,8.4,0.98,109.0,6.3,1,1,0,1,1,0,4.4,8.3,3,High
60,Female,25.7,7.7,7.3,3.8,1.94,168.0,2.4,1,1,1,0,1,0,7.3,3.8,0,Medium
19,Male,20.1,7.1,6.2,5.5,1.11,174.0,0.9,2,1,0,0,0,0,5.8,1.7,5,Medium
62,Male,28.6,5.2,3.9,4.6,2.37,0.0,1.0,2,0,0,0,0,1,3.9,2.6,2,Low
16,Male,18.4,8.7,7.8,4.6,1.66,134.0,3.2,2,0,0,0,1,1,1.0,6.5,0,Low
55,Female,17.4,7.7,5.7,7.4,1.16,248.0,0.6,3,0,1,0,0,0,10.0,8.5,0,High
34,Female,22.0,6.4,5.8,7.4,2.69,1.0,3.3,3,1,1,1,0,0,7.8,2.4,2,Medium
36,Male,33.3,5.8,7.1,9.0,2.11,42.0,2.1,1,0,0,1,1,0,6.7,5.7,3,High
16,Female,33.0,7.1,6.7,9.0,1.1,277.0,2.1,2,1,1,1,0,1,5.2,3.4,1,Medium
53,Female,22.5,7.6,5.8,5.5,1.15,298.0,2.9,0,0,0,1,0,0,9.8,1.0,1,Medium
24,Other,21.5,3.9,4.8,14.0,2.27,82.0,5.2,4,1,0,0,1,1,7.3,6.3,2,High
51,Female,17.1,7.1,9.6,10.3,0.76,169.0,1.8,3,0,0,0,0,0,1.6,2.1,0,Low
54,Female,24.9,7.5,3.6,4.2,2.28,141.0,3.4,6,0,0,1,0,1,4.4,6.3,1,Low
61,Female,25.2,2.7,6.8,6.4,3.17,279.0,4.0,1,1,0,0,0,0,7.0,5.9,1,High
53,Female,28.1,6.8,5.0,0.4,2.63,91.0,0.3,2,0,1,0,0,0,8.1,3.5,1,Low
31,Male,28.6,7.6,6.2,6.1,1.6,108.0,4.2,1,0,0,0,1,1,4.4,5.5,5,Low
55,Male,23.6,7.4,7.9,10.7,2.32,297.0,4.8,2,0,0,0,0,0,8.9,6.6,3,High
60,Other,27.0,7.8,4.5,13.8,1.1,40.0,5.1,1,0,0,0,0,0,1.8,1.0,4,Low
32,Male,21.3,6.0,6.5,5.7,2.21,95.0,0.6,9,1,0,1,1,0,4.4,5.4,0,High
21,Male,26.9,4.8,5.8,6.9,1.84,165.0,0.7,3,1,0,0,0,0,4.5,5.8,2,Medium
63,Female,22.2,3.6,3.8,7.7,1.27,318.0,2.9,2,1,0,0,0,1,7.5,4.1,0,Medium
23,Male,26.6,8.2,8.0,11.5,2.6,19.0,2.8,1,0,0,0,1,0,8.3,8.4,2,Medium
47,Female,26.2,7.6,6.8,3.2,0.52,72.0,3.0,2,0,0,0,0,1,8.3,5.1,1,Medium
27,Female,24.8,8.4,4.2,13.4,1.15,215.0,2.2,4,0,1,1,0,1,1.6,9.9,3,High
21,Other,28.1,5.3,7.6,5.1,1.25,232.0,3.4,0,0,0,1,0,0,5.4,8.1,3,High
57,Male,17.4,7.8,3.4,2.7,1.7,173.0,0.0,2,1,0,0,1,0,1.2,9.0,3,Low
22,Female,19.7,4.1,5.1,5.1,3.14,137.0,4.4,2,0,0,0,0,1,5.2,6.4,0,Low
51,Male,23.3,5.1,4.3,3.7,2.7,164.0,6.2,2,0,0,0,0,0,9.2,7.4,3,Low
53,Female,18.0,6.7,6.9,7.2,2.18,0.0,1.8,2,1,1,1,0,1,10.0,4.0,4,High
18,Female,22.7,7.6,4.1,1.4,2.15,161.0,3.4,2,1,0,1,0,1,6.3,9.7,2,Medium
24,Female,22.8,9.2,6.9,6.4,2.09,313.0,6.7,3,1,0,1,0,0,5.8,2.0,1,High
58,Female,30.4,6.1,6.5,7.9,3.2,5.0,3.1,1,1,1,0,0,0,4.6,9.0,3,High
42,Female,25.1,5.1,4.4,10.2,0.65,64.0,3.7,2,0,0,0,0,0,5.0,4.3,2,Medium
21,Female,29.1,5.0,9.2,7.9,2.72,106.0,7.1,4,1,0,0,0,1,8.7,1.4,1,High
69,Female,25.9,5.4,3.6,10.0,1.69,113.0,7.5,2,1,1,1,1,0,2.9,6.1,1,High
29,Female,22.1,10.1,2.1,4.3,2.5,353.0,0.7,3,0,1,1,0,0,4.4,4.4,1,Low
15,Male,25.1,7.7,7.1,7.1,2.51,47.0,2.1,2,0,0,1,0,0,5.1,6.2,6,Medium
65,Male,27.8,8.3,1.0,0.0,2.69,26.0,5.0,2,0,0,0,0,0,3.3,9.4,0,Low
15,Male,29.9,6.1,8.5,5.7,3.37,235.0,4.1,1,0,0,1,0,1,6.3,1.9,2,Low
45,Female,23.9,6.5,5.4,7.1,1.0,79.0,4.6,1,0,1,1,0,0,8.9,8.4,2,High
69,Male,17.1,7.6,2.1,7.3,2.9,237.0,0.0,3,0,0,0,0,1,6.6,6.5,0,Low
46,Male,16.8,5.7,3.1,1.6,2.05,128.0,0.0,5,0,0,1,0,0,3.3,6.7,0,Low
47,Female,23.0,6.0,1.6,4.9,1.73,200.0,6.9,0,0,0,0,0,1,3.2,1.0,4,Low
36,Female,15.0,5.4,6.0,5.3,3.73,0.0,4.7,1,1,1,0,1,0,1.9,5.9,2,Medium
21,Female,32.6,5.8,2.3,4.8,2.66,200.0,3.8,1,0,1,0,0,0,4.7,7.3,1,Low
46,Female,27.2,6.6,6.3,8.0,1.77,174.0,0.3,0,0,0,0,0,0,2.9,9.5,1,Medium
64,Female,21.6,5.2,4.5,5.4,2.87,122.0,2.1,3,1,1,0,0,0,5.6,1.0,2,Low
20,Female,19.5,7.0,4.2,6.3,2.06,14.0,4.3,3,0,0,1,0,1,3.3,3.9,2,Low
63,Female,29.1,7.0,6.3,4.6,1.75,174.0,0.0,3,1,1,0,1,0,1.5,10.0,1,Medium
37,Male,19.5,6.2,6.6,9.0,1.62,230.0,1.4,3,0,0,1,0,1,1.0,1.0,1,Medium
44,Female,19.9,5.2,7.7,9.2,2.34,92.0,3.8,2,0,0,0,0,0,6.6,7.5,1,Low
24,Female,21.1,6.7,3.8,5.1,1.61,94.0,4.3,3,1,0,0,0,0,1.5,5.4,2,Low
49,Male,25.0,5.7,5.1,14.0,2.22,237.0,1.8,0,1,0,1,1,0,6.2,3.1,1,Low
25,Female,27.3,6.6,3.8,3.9,2.81,338.0,5.2,2,0,0,1,0,1,3.4,3.8,2,Low
30,Female,29.9,8.3,5.6,8.8,2.19,253.0,5.1,4,1,0,0,0,0,5.7,10.0,2,High
54,Female,29.2,4.5,3.5,3.3,3.68,175.0,0.0,1,1,1,0,0,0,4.9,6.8,3,Medium
17,Female,24.5,10.0,4.3,8.2,2.11,123.0,6.6,1,0,0,0,0,0,5.4,4.4,5,Low
39,Female,29.1,6.4,4.3,7.9,3.18,147.0,5.6,1,0,0,0,1,0,7.4,2.9,2,Low
47,Female,21.5,7.2,5.8,3.2,2.88,4.0,3.5,3,1,0,0,1,0,3.2,6.9,1,Low
22,Female,16.3,5.3,5.2,5.6,3.32,133.0,2.7,1,0,0,0,0,0,8.7,4.0,2,Low
31,Other,21.5,8.3,6.3,11.2,3.68,273.0,4.7,5,1,0,0,1,1,6.9,2.6,4,High
33,Male,20.9,6.3,5.0,3.7,0.69,154.0,4.2,2,1,0,0,1,0,4.2,4.2,3,Medium
51,Female,21.7,5.9,3.9,7.1,2.31,81.0,2.4,0,0,1,0,0,0,4.4,5.8,0,Low
68,Female,20.2,5.6,5.6,6.9,2.01,71.0,6.5,2,1,1,0,1,1,5.3,4.3,3,Medium
60,Female,22.4,6.1,3.2,5.9,2.19,147.0,0.0,2,1,0,0,0,1,3.9,9.0,1,Low
25,Male,27.3,7.2,6.5,1.2,1.78,14.0,1.5,2,0,0,0,0,0,1.0,6.7,2,Low
15,Male,32.2,6.8,4.6,8.3,1.67,50.0,4.0,1,0,0,0,0,0,2.5,4.0,0,Low
17,Female,16.7,6.4,5.6,6.0,1.22,319.0,2.9,3,1,1,1,0,0,2.5,6.6,2,High
47,Female,18.7,5.4,5.7,9.1,2.18,36.0,4.5,3,1,1,0,1,0,4.5,4.0,1,High
23,Female,20.9,5.3,8.7,6.6,2.85,62.0,0.0,4,0,1,1,0,0,1.9,4.3,3,Low
27,Male,27.9,5.8,6.0,6.2,1.71,182.0,2.4,4,0,0,1,1,1,7.1,4.7,5,High
61,Male,23.6,7.2,5.4,7.0,1.84,101.0,5.5,3,1,0,1,0,1,5.3,3.5,2,Medium
63,Female,21.2,7.6,3.7,3.2,1.54,160.0,0.0,1,1,0,0,0,1,4.0,7.4,2,Medium
61,Male,27.7,7.8,7.0,10.4,1.3,245.0,2.5,2,0,0,1,0,1,2.9,7.3,1,High
28,Female,28.8,6.5,4.6,4.9,1.91,0.0,1.8,0,0,0,1,0,0,5.0,2.4,1,Low
49,Male,24.4,7.1,1.8,5.0,2.37,233.0,3.8,1,1,0,0,1,0,7.3,8.8,5,Medium
48,Male,20.8,6.2,4.8,9.6,3.11,86.0,3.9,0,0,0,1,0,0,1.0,5.9,1,Low
25,Female,25.7,3.7,5.6,6.7,1.15,119.0,3.2,1,0,1,1,0,1,1.2,1.0,6,High
45,Female,23.5,6.2,3.4,5.3,2.08,361.0,2.4,3,0,0,1,0,0,2.4,5.2,1,Medium
43,Male,23.4,5.9,4.9,7.2,3.04,0.0,3.1,2,0,0,1,0,0,1.7,6.2,4,Medium
36,Female,22.2,4.8,5.0,7.8,1.16,215.0,2.6,0,0,1,1,1,0,1.4,3.0,3,Medium
56,Male,28.7,5.6,5.1,5.7,3.11,274.0,2.9,2,0,0,0,0,0,5.0,10.0,2,Low
52,Female,25.6,6.7,7.9,8.6,1.75,75.0,6.2,0,0,0,1,0,0,4.9,2.5,2,Low
44,Male,29.2,4.7,2.3,2.4,2.67,77.0,0.4,1,0,0,1,0,0,4.0,6.0,1,Low
54,Female,30.5,5.4,9.7,6.7,1.93,109.0,3.8,2,0,0,0,0,0,5.5,3.0,2,High
56,Female,26.6,9.0,5.1,8.2,2.47,74.0,0.9,3,0,0,0,0,0,4.8,3.1,2,Low
46,Female,22.2,3.9,6.5,7.7,3.39,157.0,7.3,0,0,0,0,0,0,3.1,4.9,0,Low
29,Female,29.2,6.2,5.5,0.0,2.0,248.0,3.2,3,1,0,1,0,0,3.9,2.7,1,Medium
56,Female,26.6,4.6,1.4,5.6,2.9,110.0,0.2,0,0,0,1,0,0,5.5,3.8,4,Low
54,Male,36.2,5.3,2.9,2.6,2.32,252.0,2.5,0,0,0,0,0,0,2.0,3.0,1,Low
69,Female,25.9,6.2,4.0,9.6,1.47,304.0,0.0,2,0,1,0,1,0,5.7,1.0,5,High
23,Female,27.6,4.9,7.4,4.9,1.98,197.0,1.6,5,0,1,1,0,0,1.0,3.8,1,Medium
38,Female,25.8,7.4,2.2,9.3,1.93,208.0,4.4,1,0,0,0,0,1,4.9,9.6,2,Medium
65,Female,24.1,8.7,3.3,2.6,0.97,85.0,6.0,3,0,0,1,0,0,5.8,3.2,2,Low
43,Male,23.3,7.8,5.6,7.1,2.47,0.0,5.4,4,0,0,0,0,0,2.6,4.5,1,Low
66,Male,25.8,8.1,6.2,6.0,2.63,214.0,2.8,1,0,0,1,0,0,7.7,4.8,0,Medium
15,Female,26.8,4.3,6.2,13.7,2.75,238.0,4.3,3,1,0,1,0,0,7.9,8.8,1,High
16,Male,29.7,6.1,3.0,9.3,3.24,177.0,4.8,3,1,0,1,1,0,5.5,5.7,5,High
58,Male,25.9,7.2,1.7,9.1,2.86,250.0,7.9,3,1,0,0,0,0,9.0,2.4,3,Low
34,Other,22.4,7.9,6.4,11.7,1.62,90.0,1.7,2,1,0,0,1,0,3.0,1.0,2,Low
43,Female,23.0,9.3,8.4,6.8,1.79,207.0,6.3,3,1,1,1,0,0,7.2,2.4,4,High
38,Female,18.5,8.2,4.4,5.7,2.77,312.0,0.6,1,0,0,1,1,0,8.5,4.9,1,Low
37,Female,32.0,7.9,2.7,5.4,2.41,223.0,5.6,4,0,1,0,0,0,2.1,1.8,2,Low
66,Male,22.1,10.7,4.3,6.9,2.09,298.0,1.6,6,0,0,0,0,0,5.2,7.8,2,Low
20,Male,28.9,6.7,6.1,0.0,1.4,298.0,1.5,2,1,0,1,1,0,1.3,3.8,4,Medium
57,Female,25.7,6.0,4.7,6.0,1.68,16.0,2.4,1,1,0,0,0,0,7.1,7.8,1,Medium
63,Female,25.9,6.8,8.3,6.6,2.57,229.0,1.3,3,0,0,0,0,0,9.2,3.7,2,Medium
51,Male,24.0,5.0,7.2,5.6,0.54,80.0,3.9,2,0,0,0,0,1,3.6,2.6,2,Medium
36,Male,21.0,6.6,5.6,1.7,0.3,28.0,5.7,2,0,0,1,0,0,4.9,2.3,1,Low
23,Female,20.1,3.7,1.0,5.6,2.65,119.0,0.0,4,1,0,0,0,1,3.7,5.8,3,Medium
52,Male,32.3,5.7,3.7,1.7,1.67,343.0,2.6,4,0,0,0,1,0,10.0,7.7,1,Medium
40,Female,25.0,6.3,4.0,11.0,2.47,90.0,0.6,1,1,0,1,0,0,2.7,5.7,0,Low
23,Female,29.6,8.0,3.6,5.3,3.36,0.0,5.0,1,1,0,0,0,0,2.7,1.7,2,Low
34,Female,30.7,8.3,5.6,0.2,1.29,0.0,6.1,0,1,1,1,0,0,6.4,4.8,1,Low
67,Male,22.7,5.0,5.7,5.4,0.76,203.0,2.6,2,0,0,0,1,1,4.8,4.2,2,High
29,Other,26.4,9.8,1.5,8.5,1.88,67.0,1.5,0,0,0,0,1,0,10.0,1.0,2,Low
24,Female,24.7,6.7,7.0,6.5,1.55,0.0,0.0,0,0,1,0,0,0,10.0,4.7,1,High
52,Female,19.3,6.9,5.2,3.4,2.08,0.0,7.3,2,1,0,1,0,1,6.5,6.7,3,Low
25,Female,23.7,3.9,6.0,4.1,2.53,168.0,5.9,2,0,0,1,1,0,7.3,8.5,1,High
65,Female,27.1,5.5,6.8,5.2,2.36,236.0,0.0,1,1,1,1,1,1,6.8,6.6,0,High
62,Female,22.3,8.2,3.5,4.8,2.14,101.0,4.4,4,0,1,0,0,0,7.6,1.0,2,Low
69,Female,23.0,6.8,8.0,2.5,2.95,221.0,0.6,2,0,0,0,0,1,6.3,2.5,3,Medium
65,Female,23.7,6.7,4.9,5.8,2.64,251.0,1.9,3,1,1,0,0,1,2.5,6.9,1,Medium
28,Female,34.0,6.9,8.5,2.3,1.95,64.0,0.3,0,1,0,0,0,0,2.9,1.9,5,Medium
26,Female,16.2,4.2,3.2,8.7,2.61,137.0,0.0,3,0,0,0,1,0,7.4,6.1,3,Medium
33,Male,26.8,6.3,8.4,9.0,0.86,84.0,2.9,1,0,0,1,0,0,3.7,3.4,0,Low
40,Female,23.4,8.8,3.2,3.2,2.95,209.0,7.2,5,0,0,1,0,1,8.4,4.4,1,Low
63,Male,21.6,8.2,10.0,4.0,2.12,83.0,1.0,2,1,0,0,0,0,6.8,1.9,1,Low
55,Male,23.2,6.3,3.1,4.8,1.14,17.0,5.0,0,1,0,0,1,0,2.0,5.4,4,Medium
50,Male,27.5,9.0,7.5,5.9,1.77,156.0,5.3,1,1,0,0,0,0,2.1,3.6,2,Medium
63,Female,27.8,4.5,4.4,6.7,2.93,272.0,4.6,2,0,0,0,0,0,1.7,8.9,4,High
50,Female,25.3,4.9,6.8,7.3,1.49,206.0,7.4,5,0,0,0,0,0,7.0,3.5,2,Medium
35,Male,29.4,9.5,5.1,7.2,2.43,261.0,5.1,2,0,0,0,1,0,7.9,10.0,2,Low
37,Female,30.2,7.4,2.8,10.4,2.8,251.0,7.0,4,1,1,1,0,1,4.0,5.8,4,High
43,Female,28.2,6.0,1.0,6.2,2.12,155.0,0.5,1,0,1,0,0,1,5.0,4.1,3,Medium
19,Female,22.0,6.4,10.0,2.4,1.41,84.0,4.6,3,1,1,0,1,0,5.8,2.9,2,High
55,Female,26.7,5.2,5.4,1.5,2.05,54.0,6.3,1,1,1,0,0,0,7.2,4.2,0,Medium
50,Female,26.7,6.9,1.0,10.6,0.97,0.0,1.3,2,0,1,0,0,0,4.1,3.5,1,Low
55,Male,20.8,6.8,5.9,7.4,1.71,281.0,0.0,3,0,0,0,0,0,6.1,4.6,1,Medium
44,Female,17.4,6.5,6.7,6.6,1.21,114.0,0.2,0,0,0,0,0,1,4.8,4.0,3,Medium
58,Female,15.4,4.6,3.6,7.3,2.06,0.0,1.4,1,0,1,0,0,1,1.1,8.4,6,High
67,Male,24.8,6.9,3.6,6.4,1.08,286.0,4.2,2,1,0,1,0,0,8.4,6.4,0,High
46,Female,25.8,5.7,5.2,7.2,2.17,160.0,1.8,1,1,0,1,0,1,5.8,7.0,1,High
39,Male,19.2,4.9,7.8,5.0,3.01,256.0,3.0,3,0,0,0,0,0,4.5,7.4,1,Medium
20,Female,29.2,8.5,5.4,9.0,3.06,121.0,1.7,4,0,0,1,0,1,3.1,3.6,2,Medium
57,Female,25.2,10.0,8.4,4.5,1.1,63.0,2.7,3,0,0,0,0,0,3.2,1.6,3,Low
64,Male,30.6,9.6,7.7,3.5,1.57,199.0,2.9,2,0,0,0,1,0,1.4,5.6,0,Low
53,Female,26.2,7.5,4.7,1.3,2.78,208.0,1.6,1,0,1,0,0,1,2.2,4.6,4,Low
62,Female,19.7,6.1,1.7,5.3,2.66,119.0,4.8,3,0,1,0,1,1,2.7,4.3,1,Low
62,Male,26.6,6.4,4.7,9.5,1.61,294.0,6.0,1,0,0,1,1,1,3.6,10.0,2,High
58,Male,27.5,7.1,6.4,4.7,1.71,254.0,0.5,0,0,0,1,0,1,8.3,6.0,2,High
42,Male,22.0,5.8,5.3,2.1,2.17,212.0,3.5,4,0,0,0,0,1,6.5,2.1,1,Medium
20,Female,18.0,8.6,6.6,6.8,0.63,28.0,0.0,3,0,1,1,1,0,2.7,5.3,0,High
15,Female,25.0,3.2,7.1,4.2,2.52,12.0,0.0,4,0,0,0,0,1,1.0,5.7,2,Low
26,Male,20.0,6.0,6.4,10.3,2.97,282.0,5.3,2,0,0,0,0,0,2.7,2.9,0,Low
38,Female,29.5,7.8,4.6,9.0,1.79,0.0,7.4,1,0,0,0,0,0,8.6,6.5,0,Low
55,Female,22.7,5.1,6.3,2.4,0.96,140.0,2.3,1,1,0,1,1,1,6.7,1.9,3,High
40,Male,32.3,6.1,10.0,5.5,3.23,166.0,7.0,1,0,0,0,0,0,4.5,2.7,1,Low
16,Female,15.0,7.4,1.9,3.9,2.28,96.0,1.6,2,1,0,1,0,0,5.0,3.9,0,Low
26,Female,25.1,8.9,6.3,2.8,2.67,146.0,2.5,0,0,1,0,0,0,7.9,3.6,2,Medium
68,Female,30.9,4.4,9.2,5.8,1.04,196.0,6.7,1,0,0,1,0,0,4.9,4.9,3,High
69,Female,20.5,4.3,2.6,8.3,1.05,85.0,1.0,3,0,0,0,1,0,10.0,2.8,3,High
35,Male,23.8,5.0,7.4,5.8,2.43,247.0,5.0,3,0,0,1,0,0,5.2,5.6,2,High
59,Male,22.7,4.0,7.7,4.6,2.92,214.0,2.2,5,0,0,0,0,0,2.7,5.4,2,Low
54,Female,21.4,4.2,2.0,0.0,1.2,130.0,1.4,1,0,0,0,0,1,1.0,1.0,1,Low
66,Female,25.6,4.9,6.8,4.1,2.02,59.0,1.9,2,0,0,0,0,1,6.1,7.8,3,Medium
63,Female,18.7,8.5,4.6,7.5,0.83,140.0,0.0,1,0,1,0,0,0,4.5,5.8,2,High
49,Female,24.0,6.0,5.1,2.2,1.54,382.0,5.8,3,0,0,1,0,0,2.7,4.2,0,Low
36,Female,26.8,6.6,4.5,9.6,1.89,67.0,3.5,3,0,1,1,0,0,6.7,2.6,1,Medium
49,Male,23.5,5.0,8.1,4.4,2.49,318.0,2.7,1,1,0,0,0,0,5.7,6.3,2,High
32,Female,20.0,7.5,5.0,6.5,0.42,0.0,1.5,6,0,0,0,0,0,3.9,3.1,3,Medium
34,Female,29.1,9.5,4.2,4.9,3.16,55.0,3.7,2,0,1,0,1,0,5.8,3.6,4,Medium
48,Other,27.8,5.1,4.2,2.7,1.96,90.0,4.9,2,1,0,1,0,0,4.7,3.9,2,Low
46,Female,19.8,9.3,4.4,7.2,3.14,254.0,2.4,2,0,1,0,1,0,7.3,3.7,1,Low
46,Male,18.7,7.1,2.8,4.3,2.66,156.0,5.1,1,1,0,0,0,0,5.2,4.0,2,Low
36,Female,20.2,6.5,4.2,3.7,2.78,294.0,3.6,3,1,1,0,1,0,4.0,1.0,0,Low
37,Female,27.0,7.1,5.5,0.0,3.72,113.0,2.8,2,0,0,0,0,1,8.1,5.6,3,Medium
15,Male,25.7,7.1,6.1,9.6,1.47,144.0,5.0,3,1,0,0,0,0,2.3,2.6,1,Medium
48,Female,28.1,9.5,7.8,6.0,2.21,114.0,1.9,3,1,1,1,0,0,1.5,4.2,3,Medium
46,Female,23.0,7.3,5.7,9.1,1.31,373.0,0.2,4,1,0,0,0,0,3.5,3.4,1,High
66,Female,20.3,7.4,4.2,7.7,2.02,27.0,2.9,2,0,1,1,0,1,1.0,4.6,2,Medium
42,Male,28.6,5.8,3.0,9.1,2.68,94.0,3.1,2,0,0,1,0,1,1.2,4.2,0,Low
40,Male,22.0,7.8,5.8,4.4,3.0,42.0,2.5,3,0,0,0,0,1,4.4,3.6,2,Low
18,Female,25.3,5.0,4.9,2.2,1.79,213.0,5.6,2,0,0,0,0,1,5.1,4.9,1,Medium
25,Male,17.5,6.7,5.0,8.1,1.14,24.0,4.1,1,0,0,0,0,1,4.3,6.7,3,Low
33,Male,21.9,11.0,5.8,6.4,2.16,350.0,2.7,1,0,0,0,0,0,6.3,5.3,1,Medium
35,Female,29.0,2.5,6.3,4.7,1.42,159.0,3.0,1,0,0,1,0,0,3.8,7.1,1,Medium
34,Female,21.3,6.9,5.8,8.1,1.64,195.0,3.2,1,1,0,0,0,1,1.0,7.6,1,High
36,Female,28.2,6.9,4.8,6.9,2.64,201.0,4.2,2,1,1,0,0,0,6.9,3.5,2,High
57,Female,15.0,6.1,3.4,7.8,2.49,148.0,3.1,1,0,0,1,0,1,4.8,8.5,3,High
22,Female,22.0,6.2,3.9,3.1,2.77,163.0,2.7,0,0,0,0,0,0,6.7,3.6,2,Low
33,Female,23.7,6.6,7.1,8.7,1.83,159.0,0.1,2,0,0,0,0,0,6.6,1.5,4,High
23,Female,32.3,6.1,4.3,6.0,2.91,207.0,1.4,1,0,1,0,0,0,7.7,5.1,1,Low
31,Female,19.2,6.9,2.2,9.0,2.11,60.0,3.6,2,0,1,1,1,0,2.8,6.0,3,Low
52,Male,27.5,5.7,7.8,8.7,1.87,41.0,3.4,3,1,0,0,0,1,2.0,9.3,1,High
17,Female,29.3,9.7,3.1,7.9,1.22,240.0,0.0,1,0,1,1,1,0,4.8,6.7,4,High
33,Other,21.3,6.1,5.3,5.7,0.43,150.0,1.8,1,1,0,0,0,1,4.6,7.7,2,High
16,Male,22.8,7.4,6.3,8.0,0.85,0.0,1.0,1,1,0,0,0,0,8.1,7.6,1,Medium
67,Male,25.1,5.4,5.2,9.1,2.27,98.0,6.0,0,0,0,0,0,1,6.3,3.2,1,Low
54,Male,17.8,8.0,1.0,7.7,1.37,318.0,3.6,1,0,0,0,0,1,5.4,5.9,0,Low
28,Male,22.5,7.7,6.1,6.6,0.78,132.0,3.9,0,0,0,0,0,1,2.0,3.1,3,Low
25,Female,30.2,7.2,8.1,8.0,1.76,92.0,2.9,2,0,1,1,1,0,3.2,4.9,2,High
20,Male,26.9,4.9,6.9,4.5,2.32,0.0,1.6,2,0,0,1,0,0,1.0,4.8,4,Low
41,Female,23.8,5.3,1.0,10.2,2.43,88.0,2.0,2,0,0,1,0,0,3.0,5.4,1,Low
56,Male,25.0,9.2,9.9,1.3,2.08,22.0,4.1,2,0,0,1,0,0,5.5,8.5,1,Medium
47,Female,27.1,5.3,2.3,6.1,2.05,197.0,2.4,4,1,0,1,0,1,6.1,7.8,2,High
63,Female,28.0,7.5,2.8,4.9,1.67,155.0,4.1,1,0,0,1,0,0,6.6,4.6,0,Low
33,Female,22.0,5.0,6.9,4.2,2.61,110.0,3.3,4,0,1,1,1,0,6.9,3.7,1,High
30,Male,31.4,8.1,6.2,6.9,1.96,66.0,3.7,1,0,0,0,0,1,6.4,7.5,6,Medium
41,Female,30.4,5.4,5.4,2.8,2.04,318.0,3.8,2,0,0,0,0,0,3.5,5.2,2,Medium
26,Female,27.5,5.0,3.9,12.0,2.93,72.0,1.8,3,0,1,0,1,1,3.1,7.8,3,Medium
68,Female,20.7,5.4,8.1,2.2,2.73,73.0,2.3,0,1,0,1,0,1,8.3,1.0,2,Low
25,Female,19.9,5.6,5.1,3.3,1.95,123.0,5.0,3,0,1,0,0,0,4.0,4.7,1,Medium
41,Male,23.0,7.1,1.8,3.1,1.84,139.0,7.0,2,1,0,0,0,0,4.1,7.7,1,Low
43,Male,24.8,6.6,7.9,6.6,1.83,203.0,5.0,2,0,0,0,0,0,4.7,1.7,2,Low
18,Female,16.5,4.7,5.7,8.8,0.48,252.0,0.0,1,0,1,0,0,0,1.3,1.1,2,Medium
40,Female,26.7,6.5,7.7,7.5,2.98,244.0,1.3,3,1,1,1,0,0,4.5,1.2,1,Medium
40,Female,30.3,4.7,6.5,10.1,1.55,417.0,3.3,4,1,0,1,1,1,1.1,4.9,1,High
29,Female,27.1,7.5,10.0,3.7,2.78,0.0,0.6,0,0,0,0,0,0,6.6,3.0,2,Medium
22,Male,21.5,7.8,4.5,7.8,2.13,175.0,0.5,3,0,0,1,0,0,3.9,5.6,2,Low
17,Male,20.9,6.5,5.2,5.2,3.21,93.0,2.1,3,0,0,0,0,0,3.5,6.9,3,Low
15,Female,25.8,6.9,6.8,6.6,2.52,371.0,3.8,0,1,1,0,0,0,1.0,3.0,0,Medium
41,Male,23.8,9.3,4.5,9.1,2.83,169.0,4.4,3,0,0,0,0,0,5.8,5.9,4,Low
19,Female,26.5,6.2,7.0,1.3,1.63,0.0,2.2,3,0,1,0,0,1,10.0,4.8,1,Medium
67,Male,27.2,5.0,1.0,11.6,1.07,198.0,2.0,1,0,0,0,0,1,3.6,1.0,2,Low
28,Female,29.4,7.4,5.0,5.6,2.22,179.0,1.1,1,0,0,1,0,1,4.9,2.3,0,Low
50,Male,19.4,4.7,5.0,1.5,0.57,233.0,4.1,1,1,0,0,1,0,8.9,5.9,2,Medium
52,Female,25.5,6.2,4.9,4.1,1.73,70.0,4.0,2,1,1,1,0,1,10.0,6.1,2,High
42,Male,22.9,5.5,3.3,6.3,1.15,186.0,5.0,4,1,0,1,0,0,2.0,1.2,2,Medium
63,Female,24.1,5.4,7.2,4.1,1.43,120.0,3.3,4,0,0,0,0,0,8.0,4.3,5,Medium
21,Female,28.4,6.1,4.1,0.3,2.58,76.0,0.1,0,0,1,0,0,0,1.0,1.0,4,Low
27,Female,28.9,7.9,5.6,6.3,2.52,188.0,2.2,3,1,1,0,0,0,1.0,4.5,1,Medium
28,Female,30.8,8.3,5.1,4.0,1.97,167.0,4.9,0,0,1,1,0,0,1.0,6.0,3,Medium
22,Female,26.4,8.0,6.3,7.8,2.36,266.0,0.0,6,0,0,0,0,0,4.1,1.0,3,Low
31,Male,24.0,7.0,8.3,3.0,1.67,153.0,2.8,1,1,0,1,0,0,1.0,2.2,1,Low
32,Male,23.4,6.1,5.6,12.3,4.04,216.0,3.6,1,0,0,1,0,0,8.3,1.4,1,Medium
57,Female,16.7,2.7,7.1,7.4,2.34,17.0,7.4,0,0,0,1,0,0,5.1,5.0,4,High
31,Male,30.5,7.1,5.5,6.6,1.63,303.0,1.7,0,0,0,1,0,1,6.5,6.4,3,High
63,Male,23.1,2.9,4.1,7.7,2.8,65.0,2.7,0,0,0,1,0,0,4.1,8.6,2,High
57,Female,26.8,3.4,4.9,0.9,3.09,249.0,6.7,3,1,1,0,0,0,3.5,1.0,1,Low
64,Female,27.6,6.2,4.6,4.6,1.48,179.0,1.7,3,0,1,0,0,0,4.8,4.5,0,Low
20,Female,18.9,6.9,6.4,11.0,0.97,165.0,5.4,4,0,0,0,0,1,9.9,7.0,3,High
69,Female,20.3,5.8,5.4,5.1,1.12,234.0,3.9,2,0,0,1,0,1,5.5,5.3,1,Low
48,Male,31.5,9.0,3.5,5.8,1.56,0.0,2.5,0,0,0,0,0,0,5.4,1.3,3,Low
69,Male,25.8,7.2,4.7,4.7,2.06,87.0,4.0,1,1,0,0,0,0,2.4,4.2,4,Low
34,Male,21.9,6.1,1.8,10.1,0.8,232.0,2.7,0,0,0,0,0,1,2.5,7.0,0,Low
67,Female,23.9,8.7,4.8,5.3,1.77,361.0,8.0,0,0,1,0,0,0,3.3,4.6,2,Medium
47,Male,29.4,9.0,5.2,2.5,1.93,147.0,0.0,2,1,0,0,0,0,6.5,6.2,3,Medium
18,Male,28.7,7.3,9.2,13.2,2.36,0.0,2.4,5,0,0,1,0,0,5.8,6.9,2,High
37,Female,17.9,5.3,8.2,2.1,2.59,115.0,2.4,3,1,0,1,0,0,1.0,1.2,0,Low
22,Male,31.9,5.6,2.9,5.7,2.42,143.0,2.7,0,0,0,0,0,1,6.1,2.6,2,Low
66,Female,28.8,4.2,5.6,3.6,3.53,272.0,5.4,2,0,0,0,0,0,6.8,2.9,3,Low
31,Female,23.8,6.4,5.7,4.0,2.98,155.0,2.0,2,0,0,0,0,0,6.5,4.3,0,Low
27,Female,19.1,4.8,4.7,3.0,2.28,10.0,4.1,2,0,1,0,0,0,6.4,4.4,3,Low
45,Female,29.2,6.0,4.8,4.5,1.32,256.0,3.5,0,0,1,1,1,1,6.5,6.7,0,Medium
38,Male,26.6,6.9,4.4,8.8,1.56,213.0,4.8,1,0,0,0,1,0,5.9,2.7,1,Low
20,Female,17.9,3.3,9.3,0.7,0.96,73.0,2.7,2,1,1,0,0,0,1.7,8.2,1,High
59,Female,23.5,4.5,4.3,9.5,2.22,229.0,3.7,5,1,1,0,0,1,7.4,8.0,0,High
61,Female,38.6,5.7,6.0,9.0,2.37,90.0,2.7,4,0,1,1,1,1,9.3,6.7,1,High
55,Female,24.6,6.4,1.0,7.4,2.81,117.0,0.8,0,1,1,1,0,0,8.2,8.7,2,Medium
48,Female,21.2,5.7,7.0,6.4,2.31,92.0,6.5,3,0,0,0,0,1,5.7,4.2,2,Low
37,Female,20.0,6.1,7.8,6.8,2.94,116.0,1.3,1,0,0,0,0,0,4.8,1.0,1,Low
44,Male,32.5,5.4,2.9,10.0,2.96,250.0,1.9,0,1,0,1,0,1,3.4,1.5,3,Medium
43,Female,28.3,4.2,4.1,1.1,1.28,0.0,1.1,1,0,1,0,0,0,1.0,5.1,1,Low
24,Male,30.8,5.6,6.2,8.0,1.69,271.0,3.9,1,1,0,0,0,0,7.4,3.7,1,High
19,Female,25.6,6.2,5.2,3.9,2.09,169.0,1.9,1,0,1,0,0,0,1.3,2.8,4,Medium
28,Male,30.1,6.0,6.2,8.3,1.54,107.0,6.3,2,0,0,0,0,0,4.1,6.5,5,Low
39,Male,20.7,6.7,4.6,4.3,1.91,152.0,4.2,2,0,0,0,0,0,4.0,4.3,0,Medium
23,Female,25.2,7.2,9.3,8.0,2.34,50.0,2.4,3,0,0,0,0,0,8.1,1.4,2,Medium
20,Female,25.8,7.6,3.7,1.7,2.0,0.0,1.0,3,0,0,0,0,0,6.7,1.8,5,Low
61,Male,30.7,5.5,10.0,1.3,2.1,53.0,2.8,1,1,0,1,0,0,3.5,7.0,0,Medium
35,Female,25.9,4.0,7.9,5.7,1.35,0.0,4.1,1,0,1,1,0,0,4.7,1.1,3,High
47,Male,21.7,8.5,7.0,10.0,2.51,1.0,2.9,3,0,0,1,0,0,4.5,1.4,1,Low
43,Female,24.8,7.1,2.9,7.5,2.45,0.0,2.7,2,1,0,1,0,0,6.6,7.4,2,Low
55,Female,17.0,5.0,7.2,7.5,1.49,285.0,0.8,0,0,1,0,0,0,2.5,6.4,2,Medium
55,Female,15.0,6.9,6.5,8.4,1.07,9.0,7.9,7,0,0,0,0,1,5.7,8.1,6,High
31,Male,28.2,8.2,1.0,4.9,3.08,145.0,2.6,0,0,0,0,0,0,4.5,6.6,2,Low
61,Female,22.8,9.3,2.1,7.7,3.5,273.0,0.0,1,1,1,1,0,0,10.0,6.0,1,Medium
35,Male,23.3,6.9,6.0,4.4,2.29,244.0,0.6,4,0,0,0,1,0,3.0,5.2,3,High
60,Male,28.2,8.2,4.9,5.1,1.81,118.0,2.2,1,1,0,1,0,1,8.1,5.2,1,Medium
37,Female,30.8,4.6,4.1,5.5,2.94,118.0,7.3,1,0,0,0,0,0,3.9,7.2,1,Low
21,Female,26.9,6.4,7.6,4.5,2.48,170.0,2.6,1,0,1,1,0,0,4.8,2.5,3,Medium
56,Female,33.2,6.0,3.3,5.8,1.93,382.0,2.2,4,0,1,0,1,0,8.4,4.0,3,High
16,Female,26.8,7.0,4.2,5.3,2.87,195.0,4.9,1,1,0,1,0,1,6.4,2.0,3,Medium
57,Male,25.9,9.1,3.8,4.0,1.45,224.0,5.0,1,0,0,1,1,0,4.7,5.1,4,Medium
17,Female,25.6,6.9,6.3,5.6,1.55,399.0,4.4,3,1,0,0,0,0,4.1,6.2,0,Medium
26,Female,18.7,5.0,1.4,6.4,2.39,181.0,3.4,3,0,1,0,1,0,8.5,5.8,1,Medium
48,Male,28.8,4.5,4.1,2.9,2.19,276.0,0.6,5,1,0,1,0,0,4.1,2.2,2,Medium
66,Male,15.0,9.1,1.4,7.2,2.61,203.0,1.3,1,1,0,0,0,0,4.1,7.3,0,Low
37,Female,21.9,7.3,4.5,4.6,3.05,201.0,0.0,2,0,0,0,0,0,3.3,3.1,3,Low
21,Male,24.6,7.2,6.8,6.6,0.86,44.0,2.5,2,0,0,1,0,0,9.5,4.0,1,Medium
27,Female,20.9,6.0,6.8,4.1,2.13,26.0,2.1,2,0,1,0,0,0,1.9,6.9,2,Medium
64,Male,22.5,6.9,3.6,8.9,3.62,94.0,1.8,1,1,0,1,0,0,5.7,4.8,4,High
54,Female,32.8,4.9,6.4,8.7,1.62,247.0,3.6,1,0,1,1,0,0,5.8,4.1,3,High
20,Female,29.5,7.1,4.8,3.1,1.53,242.0,1.6,3,1,0,0,0,1,2.0,10.0,2,Medium
36,Female,21.4,4.6,8.2,7.5,0.31,297.0,2.3,3,0,0,0,1,0,4.3,5.4,1,Medium
29,Male,22.4,5.9,4.9,10.0,2.18,149.0,1.9,4,1,0,0,0,0,4.1,4.7,2,High
24,Male,18.8,5.5,1.0,3.3,2.56,209.0,2.9,1,1,0,0,0,1,3.5,4.0,0,Low
61,Female,27.7,2.0,7.2,3.6,2.56,210.0,3.8,2,0,1,0,0,0,5.3,3.7,2,Medium
48,Male,23.4,5.9,4.2,8.1,1.27,138.0,0.0,2,0,0,1,0,0,5.8,4.8,2,Medium
24,Male,15.7,5.1,4.6,2.3,2.09,115.0,4.0,0,0,0,1,0,0,4.3,2.7,4,Low
50,Female,25.0,6.2,5.9,3.8,2.28,0.0,3.6,2,0,1,0,0,0,10.0,2.6,2,Medium
37,Male,26.5,6.5,2.1,3.2,2.14,133.0,3.9,4,1,0,0,1,1,3.4,3.6,0,Low
18,Female,28.8,9.3,5.4,8.1,1.22,139.0,3.3,1,1,1,0,1,0,5.7,6.3,2,High
39,Other,24.2,7.0,6.4,4.1,2.16,275.0,3.8,2,1,0,1,0,0,5.3,7.0,0,High
25,Female,22.8,7.0,6.0,5.2,1.45,286.0,2.1,1,0,1,0,0,1,6.5,1.0,0,Medium
28,Female,33.4,7.3,3.9,3.9,0.6,166.0,4.0,6,1,0,0,0,0,5.5,5.3,1,Medium
63,Female,24.5,7.9,7.4,9.2,2.65,377.0,5.5,5,1,0,0,0,0,2.9,4.2,3,Medium
54,Female,27.7,7.2,3.0,3.6,2.21,171.0,1.9,2,0,1,0,0,0,6.6,10.0,1,Medium
22,Male,22.1,7.0,3.8,2.1,2.57,264.0,2.0,2,1,0,1,1,1,5.1,4.0,3,Medium
61,Female,27.6,7.6,4.9,1.9,1.67,139.0,4.4,3,0,1,1,0,1,7.5,1.9,1,Low
46,Female,17.9,2.6,5.9,7.9,2.6,25.0,1.8,1,0,0,0,0,1,7.0,6.5,0,High
63,Female,22.4,9.8,4.5,8.1,2.92,103.0,1.4,3,1,1,0,1,1,6.5,6.4,0,Medium
56,Male,19.1,9.0,7.9,9.5,3.5,312.0,3.9,3,0,0,0,0,0,7.3,4.1,3,Medium
33,Male,21.8,6.8,5.8,2.5,2.75,121.0,2.1,1,1,0,0,0,0,3.6,5.7,0,Low
44,Female,30.1,4.2,5.4,5.4,2.41,99.0,5.7,0,0,1,1,0,0,5.2,7.3,1,Medium
44,Female,21.7,8.4,5.8,12.8,1.0,150.0,2.0,1,0,1,0,0,1,7.8,7.7,1,Medium
54,Female,27.7,5.4,6.8,5.2,2.01,107.0,1.2,3,0,0,1,0,1,5.6,5.9,4,High
28,Male,31.3,7.4,5.7,4.4,0.96,281.0,3.0,2,0,0,0,1,0,3.1,3.1,1,Low
33,Male,24.4,4.4,1.2,5.9,1.44,357.0,4.0,2,0,0,0,0,1,2.4,1.5,0,Low
28,Male,29.0,10.1,7.6,7.5,3.66,151.0,3.7,2,0,0,0,0,0,6.9,3.0,3,Medium
31,Male,26.9,4.2,5.5,7.4,1.28,209.0,4.2,0,0,0,1,0,0,3.6,6.9,3,High
23,Female,25.0,6.6,6.7,4.3,0.3,257.0,1.8,1,0,0,0,0,0,4.9,5.9,1,High
17,Male,27.9,3.1,4.3,4.4,2.75,162.0,5.5,3,0,0,0,0,1,8.5,1.0,2,Medium
66,Female,32.8,6.4,1.2,5.2,1.56,53.0,0.0,2,0,1,1,0,1,2.9,1.0,1,Low
19,Female,21.6,5.8,1.0,4.0,2.71,105.0,1.3,0,1,0,0,0,0,8.0,1.0,3,Low
63,Female,20.2,8.3,3.1,2.5,1.16,195.0,3.1,3,1,1,0,1,0,2.5,5.7,2,Medium
15,Female,19.9,5.8,6.3,11.1,1.76,193.0,1.5,2,0,1,1,0,0,8.0,3.7,0,High
57,Male,29.0,8.3,8.1,4.9,3.06,0.0,2.3,2,0,0,0,0,1,5.4,3.7,1,Low
33,Female,29.6,4.9,5.9,5.0,1.04,102.0,0.8,0,0,0,0,1,0,1.0,4.5,3,Medium
43,Male,22.1,6.0,2.9,5.1,1.96,69.0,2.5,2,1,0,0,0,0,2.0,3.6,1,Low
30,Male,15.0,6.1,3.5,5.8,2.33,247.0,4.0,3,0,0,0,0,0,2.9,3.3,3,Low
41,Male,21.5,7.3,8.2,7.2,1.52,73.0,1.8,0,0,0,0,0,0,5.3,8.0,0,Low
39,Male,27.0,7.1,2.3,4.7,2.29,99.0,1.1,2,1,0,1,0,0,7.8,6.6,4,Medium
44,Female,24.2,7.7,9.8,9.2,2.11,95.0,2.0,2,0,0,0,0,1,6.0,6.9,1,Medium
36,Female,25.3,6.9,9.3,7.7,2.53,237.0,5.4,3,0,1,1,0,0,2.8,8.3,3,High
44,Female,22.1,7.6,9.9,5.5,3.57,257.0,5.4,3,0,1,0,1,0,8.6,7.3,0,High
60,Female,29.1,5.1,6.0,4.1,4.24,204.0,1.9,2,0,1,0,0,1,4.8,2.2,1,Medium
38,Male,26.0,7.1,4.4,9.0,2.47,272.0,4.1,1,1,0,0,0,0,2.7,6.0,2,Medium
34,Female,27.1,9.1,6.0,5.5,2.01,286.0,3.0,3,1,1,1,0,0,4.7,1.0,2,Medium
22,Female,25.2,3.8,7.2,2.5,2.45,0.0,5.8,1,0,0,1,0,0,5.0,2.7,3,Low
34,Female,26.9,7.3,3.8,8.9,1.91,215.0,3.4,2,1,0,0,0,0,2.9,6.9,0,Medium
21,Female,26.6,7.6,2.8,4.0,0.83,109.0,2.6,3,1,1,1,0,0,7.4,3.1,1,Medium
25,Male,20.3,8.8,4.6,8.4,2.06,12.0,6.5,1,0,0,0,0,0,4.1,5.7,2,Low
67,Female,26.2,7.7,3.5,0.0,2.97,115.0,1.0,3,1,1,1,0,1,2.9,8.5,2,Medium
19,Male,28.1,6.7,7.9,5.0,0.93,230.0,3.7,3,0,0,0,0,1,6.5,4.4,1,High
41,Male,29.7,7.2,3.8,9.2,1.31,310.0,6.0,1,0,0,0,1,1,6.0,4.0,5,Medium
60,Male,26.4,5.3,5.4,6.0,1.63,2.0,4.5,1,1,0,0,1,0,7.0,3.9,0,Medium
67,Female,20.2,5.9,7.4,7.7,2.4,218.0,1.3,4,0,0,0,0,1,6.9,3.7,1,Medium
23,Male,20.8,4.4,8.0,3.5,4.0,366.0,1.2,3,1,0,0,1,0,3.3,3.5,0,High
23,Female,22.5,8.9,5.7,7.0,1.45,351.0,0.0,2,0,1,1,1,1,4.7,4.3,2,Medium
35,Female,25.4,7.2,6.0,6.0,2.17,0.0,6.3,2,0,0,0,0,0,1.0,5.4,0,Low
45,Male,23.9,5.0,3.0,6.7,2.1,390.0,0.5,1,1,0,0,0,0,5.3,4.0,2,High
67,Male,19.4,6.9,7.5,11.7,1.86,256.0,4.6,1,1,0,0,0,0,5.6,4.0,1,Medium
26,Female,19.4,8.4,8.0,9.7,2.06,0.0,0.0,1,0,1,0,0,0,4.5,4.8,3,Medium
24,Male,15.1,8.1,1.1,8.2,1.73,66.0,8.6,0,0,0,1,0,1,2.6,1.9,2,Low
28,Female,15.0,5.0,9.1,8.3,4.29,288.0,0.0,3,1,0,0,0,0,7.6,4.1,1,Medium
63,Male,23.9,2.0,3.7,3.5,2.7,190.0,3.1,1,0,0,1,0,1,2.0,6.2,3,Medium
16,Other,34.9,7.1,6.5,4.7,1.74,87.0,5.7,1,0,0,0,0,1,8.8,1.8,3,Medium
35,Female,32.6,5.1,5.4,1.7,3.05,157.0,1.5,1,0,0,0,0,1,1.2,5.8,1,Low
21,Male,20.1,7.5,5.1,2.4,2.31,210.0,4.2,1,1,0,1,1,0,4.3,6.3,0,Low
23,Male,25.2,8.0,4.7,3.5,2.15,86.0,2.4,0,0,0,0,0,0,1.0,8.9,4,Medium
65,Male,17.9,8.3,3.0,5.9,1.95,136.0,3.9,0,1,0,1,0,0,3.1,5.4,1,Low
15,Male,18.6,9.3,6.4,2.6,1.9,249.0,5.4,5,1,0,1,0,1,5.6,2.8,1,High
32,Male,19.1,8.5,4.6,5.9,1.12,73.0,2.1,3,0,0,0,0,0,5.8,4.5,6,Medium
65,Female,23.5,9.3,2.3,5.6,0.76,1.0,6.3,4,0,1,0,0,0,4.4,3.4,3,Medium
48,Male,23.7,8.7,2.9,2.8,2.4,80.0,3.8,1,0,0,0,1,1,3.7,4.2,2,Low
18,Female,25.6,8.8,2.4,10.3,1.95,52.0,7.3,1,0,1,1,0,0,10.0,1.5,1,Medium
40,Other,27.5,6.4,4.0,2.3,2.8,83.0,1.2,2,0,0,0,0,0,4.8,4.4,1,Low
68,Female,23.0,4.4,6.3,9.1,1.39,0.0,1.6,4,0,1,0,0,0,10.0,7.7,2,High
37,Female,24.7,10.5,3.6,0.0,1.22,176.0,2.5,3,0,1,1,1,1,8.8,7.8,3,High
44,Male,19.6,6.6,7.3,5.6,2.72,245.0,0.3,0,1,0,1,0,0,3.3,6.2,2,Medium
44,Female,18.4,8.5,4.9,2.6,1.86,61.0,5.0,2,1,0,0,1,0,3.8,2.7,3,Low
51,Female,17.8,5.6,4.6,4.2,2.78,78.0,2.8,1,0,0,1,0,1,9.0,5.9,2,Medium
25,Male,27.4,8.0,5.2,11.1,2.13,129.0,0.5,3,1,0,0,0,1,1.5,4.2,1,Low
61,Female,23.0,2.6,8.3,5.0,3.6,50.0,1.2,4,0,0,0,0,0,8.5,3.9,1,High
69,Female,16.1,5.8,2.2,2.9,2.7,258.0,1.1,1,0,0,0,0,0,4.7,7.5,0,Low
22,Female,24.2,6.3,8.8,7.4,2.43,52.0,5.0,0,0,0,0,0,0,1.0,3.9,4,Medium
60,Female,18.9,7.2,7.3,5.0,2.74,92.0,4.0,1,1,0,1,0,0,2.2,3.8,2,Medium
59,Female,32.0,8.2,5.2,6.4,1.88,66.0,2.7,3,0,0,1,0,0,4.4,5.8,4,Low
55,Female,21.9,4.7,7.8,3.4,0.79,261.0,2.2,3,0,0,0,0,0,3.7,1.4,4,High
35,Female,27.6,7.6,4.5,3.6,2.39,125.0,2.5,0,0,0,1,0,0,3.2,4.2,2,Low
40,Female,29.4,8.5,5.8,3.8,3.65,369.0,6.9,2,1,1,0,0,0,1.3,7.7,1,High
61,Female,20.2,10.3,4.0,8.2,0.3,189.0,2.5,2,1,0,0,1,1,4.9,8.2,3,High
23,Male,24.8,7.6,7.3,5.4,2.48,277.0,4.9,1,0,0,1,0,0,8.8,2.5,1,Medium
60,Male,27.0,5.8,3.6,3.1,0.87,114.0,2.3,2,1,0,0,0,0,8.8,2.3,3,Medium
65,Female,25.0,4.5,5.1,6.5,2.08,46.0,6.7,2,0,0,0,0,0,8.0,3.2,3,Low
52,Female,26.1,9.4,6.7,6.2,2.16,146.0,0.3,0,0,0,0,0,1,4.6,1.0,2,Low
33,Male,18.5,7.7,7.5,7.6,2.7,75.0,4.8,3,1,0,0,1,0,8.0,8.7,3,High
45,Male,27.0,6.5,3.4,4.7,2.27,0.0,1.3,3,0,0,0,0,1,1.1,6.3,3,Low
17,Female,22.3,3.9,6.9,5.8,3.2,261.0,7.9,0,0,0,0,1,0,6.5,2.0,4,Low
66,Female,26.1,5.0,3.0,7.2,3.03,154.0,4.5,1,0,0,1,0,0,9.0,1.3,1,Low
33,Female,28.6,7.5,1.0,3.2,1.94,73.0,0.0,2,1,1,1,0,0,6.9,4.7,0,Low
18,Male,27.5,7.1,3.6,8.5,2.98,191.0,1.0,2,0,0,1,0,0,1.0,5.5,3,Low
58,Male,26.1,3.4,7.0,6.0,1.85,155.0,4.5,1,0,0,0,1,1,2.8,9.6,0,High
51,Male,27.4,7.5,5.2,2.9,1.71,305.0,4.4,2,1,0,0,0,0,3.4,3.5,2,Low
49,Female,27.6,4.0,4.0,2.9,1.14,198.0,4.3,0,0,1,0,0,0,2.3,5.2,4,Low
17,Female,31.2,8.7,5.3,5.7,3.15,133.0,3.3,0,1,0,1,1,0,4.2,3.5,2,Low
56,Female,24.3,6.8,5.2,4.5,1.86,226.0,2.3,5,1,1,1,1,0,4.7,4.2,4,High
50,Female,25.2,5.8,6.6,8.1,0.3,146.0,5.4,4,1,0,0,0,1,4.4,9.1,1,High
58,Female,28.7,8.1,1.7,5.2,2.53,170.0,1.1,4,0,1,1,0,0,2.7,10.0,4,Low
60,Male,22.3,7.1,5.0,6.8,1.75,285.0,3.1,2,0,0,0,1,0,7.8,6.3,0,Low
26,Female,18.5,8.6,5.5,3.6,1.86,21.0,1.6,2,1,0,0,0,0,4.5,1.5,2,Low
26,Male,26.7,6.6,2.2,5.9,1.91,55.0,1.5,4,0,0,1,1,1,1.4,6.9,3,Low
65,Female,23.6,6.7,2.2,9.7,1.83,104.0,2.0,0,1,0,0,0,0,3.9,4.7,1,Low
44,Female,19.1,6.0,4.4,5.6,4.28,120.0,1.4,4,0,0,1,0,0,3.6,5.3,3,Medium
39,Male,26.8,6.9,5.2,4.5,3.43,277.0,4.2,0,1,0,0,0,0,1.0,4.3,2,Low
30,Male,30.9,9.2,5.2,3.6,2.66,0.0,0.0,2,0,0,0,0,0,4.0,3.3,3,Low
50,Female,17.2,5.7,4.0,5.9,2.29,147.0,3.9,1,1,1,0,0,0,8.2,5.9,3,Low
56,Male,29.1,7.5,3.9,9.9,3.0,89.0,1.6,1,0,0,1,0,0,4.4,3.3,3,Low
15,Female,15.0,5.1,4.3,2.2,2.29,337.0,3.1,2,0,1,1,0,0,4.5,4.0,3,Medium
45,Female,22.7,3.2,5.9,5.9,2.75,247.0,2.6,1,0,0,0,0,1,6.4,4.7,2,Medium
69,Female,32.8,6.8,7.9,1.2,2.55,176.0,1.9,5,0,0,0,0,0,3.5,5.4,0,Low
30,Female,23.0,7.1,1.0,4.9,2.2,257.0,5.7,2,0,1,0,0,0,2.3,1.1,4,Low
30,Male,24.9,6.3,6.6,6.7,2.85,5.0,2.2,0,0,0,0,0,0,6.8,5.5,4,Low
63,Female,27.9,4.1,5.0,1.6,1.76,373.0,4.5,2,1,1,0,0,1,4.9,3.5,1,Medium
18,Male,16.8,7.0,6.4,4.8,2.15,57.0,4.6,1,1,0,1,0,0,1.0,5.9,2,Low
36,Male,24.8,6.9,7.8,6.8,1.32,288.0,2.4,4,1,0,0,0,0,6.0,9.9,1,High
40,Female,24.8,5.1,3.5,6.4,1.41,211.0,0.2,3,0,0,0,0,1,5.8,2.6,2,Low
58,Female,32.9,4.3,7.3,6.9,0.3,179.0,1.1,4,0,0,0,0,1,1.0,4.5,2,Medium
22,Female,18.9,6.1,2.4,3.3,2.47,284.0,5.8,2,0,0,1,0,1,1.0,3.7,1,Low
38,Male,22.8,7.5,5.5,6.8,2.69,260.0,4.1,2,0,0,0,0,0,3.3,3.3,3,Medium
23,Male,20.3,7.2,4.7,4.3,2.97,162.0,3.3,2,1,0,0,0,0,10.0,1.8,1,Low
58,Male,19.8,5.1,5.3,8.0,1.22,104.0,1.8,3,0,0,0,0,0,10.0,5.0,1,High
49,Female,29.6,6.7,3.0,0.0,2.45,164.0,6.8,0,0,0,0,0,0,8.8,2.4,1,Low
42,Female,24.6,7.9,6.2,5.2,2.1,139.0,1.1,1,1,1,0,0,0,3.1,8.6,0,Medium
36,Female,22.0,4.6,8.7,6.3,2.69,189.0,3.3,3,1,1,1,0,0,2.9,5.4,2,Medium
23,Female,22.2,6.6,3.1,9.8,1.58,262.0,4.1,1,0,1,0,0,0,1.8,1.6,1,Low
65,Male,22.0,8.6,5.6,6.2,1.83,202.0,0.1,2,0,0,0,1,0,1.9,5.5,3,Medium
50,Female,22.4,4.5,7.1,6.5,0.86,170.0,1.3,2,0,0,1,0,0,6.5,4.9,3,High
32,Female,18.8,8.3,4.5,7.1,1.53,78.0,2.0,2,0,0,0,0,1,9.3,1.9,2,Medium
37,Female,23.3,9.1,8.2,9.5,2.1,186.0,4.9,1,1,1,1,0,0,4.4,4.5,0,Low
54,Female,22.9,6.1,4.3,4.9,2.24,0.0,2.0,5,0,1,0,0,1,3.6,5.1,2,Medium
54,Male,21.1,6.0,4.9,2.1,0.75,62.0,0.0,2,1,0,0,0,1,2.7,9.8,5,High
40,Female,25.2,8.2,3.0,1.5,1.69,217.0,0.0,3,0,0,0,0,0,4.5,2.0,2,Low
31,Male,25.6,6.2,5.5,7.9,2.23,247.0,1.3,0,1,0,1,0,0,2.8,5.5,2,Low
51,Male,22.0,2.7,5.2,6.6,3.23,148.0,0.0,0,0,0,0,0,0,1.5,1.8,3,Low
51,Male,23.9,6.3,6.6,5.3,1.42,172.0,4.7,3,1,0,1,0,0,5.5,3.8,2,High
47,Male,34.2,7.3,3.8,4.4,2.49,191.0,4.8,4,1,0,1,0,0,3.0,2.2,1,Low
19,Male,34.0,7.7,3.7,6.5,1.65,225.0,3.0,2,0,0,1,0,0,3.7,8.1,1,Medium
41,Male,19.8,5.1,6.2,6.6,1.74,128.0,2.4,1,0,0,0,0,0,5.0,7.7,1,High
48,Female,20.4,6.1,8.3,7.3,1.4,42.0,4.6,4,1,0,0,0,0,1.0,7.3,0,High
67,Female,19.7,8.1,6.6,2.9,1.26,193.0,4.5,2,0,0,0,0,1,1.2,3.1,5,Medium
43,Male,29.3,6.4,9.3,1.1,1.72,365.0,0.8,1,0,0,0,0,0,5.3,2.6,5,High
33,Female,22.7,4.1,6.4,3.4,2.94,49.0,1.1,2,1,1,0,0,0,2.1,4.7,4,High
45,Female,25.6,8.5,6.3,2.2,1.5,136.0,4.6,0,0,1,0,0,0,5.1,9.1,3,Medium
24,Male,33.5,6.2,6.7,2.1,1.37,108.0,3.6,1,0,0,1,0,0,3.2,7.0,0,Low
19,Female,24.5,8.2,8.5,10.4,2.27,415.0,4.3,1,0,1,0,0,1,5.7,10.0,3,High
52,Female,27.7,4.3,7.9,0.0,2.1,44.0,1.0,2,0,1,1,0,1,1.0,3.9,1,Low
69,Male,26.8,6.3,2.8,7.3,2.05,132.0,1.3,0,0,0,1,0,0,2.9,4.6,1,Low
61,Female,21.9,7.3,7.0,8.5,2.3,110.0,4.0,4,0,0,0,0,0,9.0,6.3,2,Low
47,Male,29.3,6.4,5.8,8.8,1.29,12.0,1.5,1,0,0,1,0,0,5.9,4.5,3,Low
17,Female,20.7,4.6,4.8,6.8,1.38,6.0,0.0,2,0,1,0,1,1,7.3,4.5,4,High
69,Male,30.5,2.7,1.3,9.7,2.89,213.0,1.5,0,0,0,1,0,0,5.0,2.2,1,Medium
39,Male,21.9,8.9,1.8,11.0,1.98,228.0,2.5,3,1,0,0,0,1,1.8,2.5,3,Medium
30,Female,22.3,6.9,4.4,5.2,2.58,88.0,6.7,1,1,1,0,0,1,3.2,10.0,2,Medium
64,Female,19.6,8.4,2.0,7.3,3.08,305.0,1.2,2,1,1,1,0,1,3.4,3.3,0,Medium
56,Female,20.3,8.0,4.4,9.6,2.78,0.0,2.9,4,0,0,0,0,0,3.4,7.3,4,Low
56,Female,22.6,7.5,6.8,3.6,1.0,12.0,7.5,1,0,1,0,0,0,8.3,1.0,0,Low
30,Female,15.0,6.0,3.9,5.3,2.01,59.0,0.6,1,1,0,1,0,1,4.4,4.7,2,Low
69,Other,23.5,7.3,5.4,4.2,2.93,149.0,4.5,0,0,0,0,1,0,1.5,2.1,3,Low
39,Female,22.2,8.8,2.8,7.3,2.52,100.0,1.4,2,1,1,0,0,0,3.3,4.1,1,Low
44,Male,28.1,6.6,5.9,0.7,2.25,128.0,3.9,1,0,0,1,1,0,6.0,6.8,3,Low
56,Female,26.4,9.5,6.3,10.0,0.79,203.0,8.1,2,0,0,0,0,0,1.2,3.9,1,Low
51,Other,21.3,4.1,2.1,7.5,1.61,310.0,4.7,4,0,0,0,0,0,7.7,9.2,2,High
24,Female,22.4,3.9,3.5,7.7,2.16,238.0,3.3,4,0,1,0,0,0,8.6,5.4,1,High
31,Female,23.4,8.1,2.4,0.0,0.96,156.0,0.9,4,1,0,1,0,1,2.9,5.1,1,Medium
34,Male,31.2,5.2,6.3,3.1,2.73,141.0,2.6,1,0,0,0,0,0,6.3,3.7,5,Low
67,Female,20.8,9.8,5.6,10.2,2.01,271.0,1.8,2,0,0,1,1,0,7.4,2.5,3,High
54,Male,21.3,8.6,5.1,5.5,0.52,357.0,0.0,3,0,0,0,0,0,2.4,2.9,3,Low
35,Female,19.4,9.0,4.9,1.2,1.65,220.0,0.0,1,1,0,0,0,0,3.9,5.8,0,Low
55,Female,17.8,7.9,5.9,6.6,1.87,96.0,1.2,2,0,0,1,0,0,4.3,2.8,2,Low
55,Female,25.9,5.0,6.0,7.9,2.0,179.0,2.9,3,1,0,0,0,0,5.9,4.0,3,High
36,Male,25.4,3.8,4.1,7.5,3.24,214.0,5.5,2,0,0,0,1,0,8.6,3.8,2,Medium
37,Female,30.3,8.9,3.8,5.6,2.56,89.0,1.4,3,0,0,1,0,0,4.3,8.6,4,Medium
64,Female,29.2,4.1,5.1,9.2,1.01,245.0,3.4,1,1,1,0,0,0,1.2,5.0,2,Medium
45,Female,35.3,9.0,4.8,4.0,0.91,179.0,0.0,2,0,1,0,0,0,1.0,5.3,0,Medium
23,Female,24.2,7.6,9.7,7.5,1.89,278.0,1.2,4,0,1,0,0,1,3.0,2.5,5,High
54,Female,23.3,6.4,4.4,6.4,2.2,43.0,0.0,1,1,1,1,0,1,4.2,2.6,1,Medium
47,Male,18.6,7.2,5.8,5.6,2.89,0.0,7.9,2,0,0,0,0,0,8.0,2.1,2,Low
42,Female,27.6,7.2,6.2,4.9,3.48,107.0,3.4,6,0,0,0,0,1,1.0,4.3,2,Medium
54,Male,25.0,6.2,8.3,5.0,3.53,153.0,3.4,2,0,0,1,0,1,4.5,1.0,5,High
64,Female,27.4,8.8,3.4,6.1,1.75,0.0,4.2,3,1,0,0,0,0,8.7,6.4,3,Low
33,Female,19.4,8.7,8.1,5.2,2.85,83.0,8.6,2,0,1,0,0,0,5.9,5.7,1,Low
38,Female,26.1,6.7,4.9,8.1,2.44,291.0,2.0,2,0,0,1,0,1,1.8,1.7,4,Medium
25,Female,25.4,5.5,10.0,4.5,1.23,209.0,0.8,3,0,0,0,1,1,5.4,4.0,1,High
50,Female,25.1,8.6,6.0,10.4,0.59,165.0,7.4,2,0,1,1,1,0,4.8,7.4,1,High
37,Female,21.4,3.3,2.5,4.4,2.22,34.0,0.3,2,0,0,1,0,0,8.0,4.5,1,Medium
33,Female,29.9,7.2,4.8,8.6,0.9,288.0,5.9,2,1,1,0,0,0,6.7,1.6,3,High
53,Other,33.7,7.7,8.1,8.7,1.42,104.0,2.8,1,0,0,0,0,0,5.6,7.5,2,Medium
37,Female,19.5,5.2,5.4,6.5,1.55,160.0,4.0,2,0,1,0,0,0,6.3,7.0,3,High
40,Female,27.7,8.1,5.1,6.2,2.28,195.0,0.0,3,0,0,1,0,0,5.0,7.5,4,Medium
39,Female,15.0,6.5,6.8,4.0,3.12,169.0,8.7,2,0,0,1,0,0,3.0,2.2,3,Medium
29,Female,27.5,5.6,4.4,4.6,2.11,314.0,2.2,3,0,1,1,0,0,6.7,10.0,1,High
21,Male,16.1,8.0,4.7,6.6,1.67,213.0,1.5,4,0,0,1,0,1,3.2,5.4,2,Low
60,Female,22.1,4.8,3.1,5.9,0.45,187.0,4.2,2,0,1,0,0,0,5.8,4.4,2,High
20,Male,18.6,7.9,9.0,9.3,2.47,140.0,1.6,1,1,0,0,0,1,6.6,5.3,1,High
32,Female,23.5,3.3,2.5,4.7,2.12,198.0,3.9,3,0,0,1,0,1,1.7,6.6,0,Low
51,Female,28.3,7.0,5.6,4.9,1.66,127.0,0.2,0,0,1,0,0,0,4.3,8.3,2,Medium
22,Male,16.1,6.6,6.3,1.3,3.03,171.0,3.3,0,1,0,1,0,0,8.7,2.6,2,Medium
51,Female,22.9,5.6,5.2,7.8,1.15,112.0,1.7,1,0,0,0,0,1,8.2,3.8,1,Medium
55,Male,22.2,7.1,2.4,7.5,1.55,95.0,1.3,0,0,0,1,0,0,5.9,2.7,2,Low
51,Female,31.6,6.4,3.0,8.7,1.9,49.0,0.9,4,0,0,0,0,0,4.4,1.0,1,Medium
31,Male,26.4,8.2,6.3,8.9,1.65,120.0,4.9,2,0,0,1,1,0,4.2,5.2,3,Low
16,Female,19.2,7.4,3.5,8.2,2.54,113.0,2.2,3,0,1,0,1,0,3.2,6.9,1,Low
63,Female,22.4,7.2,1.0,8.3,2.47,351.0,2.6,2,1,1,0,0,1,4.7,2.7,1,Low
32,Male,31.5,7.0,6.1,7.7,2.94,259.0,3.9,0,1,0,0,0,0,8.1,3.0,0,Medium
59,Female,27.7,5.7,3.3,8.1,2.5,135.0,5.5,0,0,1,1,0,1,3.3,3.0,4,Medium
25,Female,20.4,6.0,6.6,0.8,2.01,103.0,1.0,4,0,1,0,0,0,1.7,7.0,4,High
23,Other,23.3,6.9,4.8,2.9,1.83,218.0,3.5,0,0,0,1,0,0,7.3,3.3,1,Low
57,Male,23.4,6.2,4.7,2.5,2.46,364.0,1.0,1,0,0,1,0,0,3.9,1.0,3,Low
66,Male,22.1,8.3,5.3,9.6,1.95,238.0,2.5,3,0,0,0,0,0,2.4,4.8,2,Low
62,Male,16.8,6.6,2.7,3.8,2.14,0.0,5.3,1,0,0,1,0,0,4.9,3.6,3,Low
56,Male,21.5,7.1,3.4,4.3,2.51,245.0,0.0,4,0,0,1,0,0,4.0,2.0,4,Low
28,Male,30.8,4.3,4.6,6.0,2.21,264.0,1.0,2,0,0,0,1,1,5.0,4.6,1,Low
65,Male,22.8,8.0,2.7,2.5,2.35,392.0,2.5,2,0,0,1,0,1,6.1,5.0,1,Medium
51,Female,24.0,5.6,6.8,7.1,1.47,123.0,3.8,1,0,0,0,0,1,5.7,3.9,1,Low
24,Female,25.1,4.8,4.5,0.0,3.18,165.0,5.7,1,0,1,1,0,0,5.9,4.2,2,Low
22,Male,34.5,9.1,2.0,2.7,1.21,200.0,0.0,2,1,0,1,0,1,5.1,1.0,3,Low
62,Male,24.5,7.6,4.0,6.6,2.45,66.0,6.1,2,0,0,0,0,0,1.0,2.3,2,Low
30,Female,29.4,8.1,5.4,2.5,1.71,56.0,4.1,4,0,1,1,0,0,5.0,5.3,5,Medium
57,Female,21.8,7.2,4.2,9.6,2.97,194.0,2.5,4,0,0,1,0,0,1.6,6.3,3,Medium
22,Female,23.3,6.4,6.1,6.1,2.81,0.0,0.0,2,0,1,1,1,1,3.0,2.7,2,High
30,Female,24.6,6.1,6.5,9.2,2.1,5.0,1.7,4,0,1,1,0,0,3.0,9.0,2,Medium
30,Male,21.0,7.7,10.0,7.0,3.34,240.0,5.3,1,0,0,1,0,1,6.2,4.1,2,High
30,Female,23.6,8.3,7.7,6.0,1.95,205.0,3.1,2,0,0,0,0,0,1.0,2.9,3,Low
52,Male,28.5,6.4,1.6,3.2,2.81,287.0,2.6,3,0,0,0,0,0,4.3,5.0,0,Low
65,Male,20.9,9.8,4.4,8.6,1.52,201.0,0.9,2,0,0,1,1,1,4.5,5.4,3,Medium
65,Male,24.5,6.2,4.6,7.2,2.42,151.0,4.6,2,1,0,1,0,0,6.7,4.7,2,Medium
55,Female,27.7,4.3,6.5,11.8,1.35,292.0,2.7,0,0,0,1,1,0,5.0,4.5,3,High
26,Male,20.8,3.7,3.1,8.3,2.12,103.0,2.5,5,0,0,0,0,0,6.1,5.9,2,High
67,Male,29.4,3.8,4.0,4.9,2.06,113.0,2.8,3,1,0,0,1,0,5.1,7.8,4,High
44,Male,24.8,5.8,2.5,6.8,2.8,143.0,1.6,1,0,0,0,0,0,9.1,2.2,0,Low
45,Female,23.8,6.1,3.9,7.2,1.56,200.0,1.2,3,0,1,1,1,1,3.7,2.6,1,Medium
53,Female,15.5,7.6,4.0,9.3,4.56,143.0,0.0,4,0,1,0,0,0,10.0,4.8,1,High
57,Male,22.8,6.5,4.5,9.7,0.99,0.0,1.6,6,0,0,1,1,0,3.4,6.6,1,Medium
67,Female,26.2,7.8,2.6,5.5,2.29,121.0,0.0,1,0,0,1,0,1,6.7,1.0,3,Low
47,Female,32.4,6.6,7.4,2.6,2.33,147.0,4.1,1,0,0,1,0,1,8.6,4.9,0,High
48,Male,27.1,6.5,6.2,0.8,2.53,163.0,1.5,4,0,0,0,0,0,4.3,8.6,1,Low
56,Male,29.6,5.6,2.0,2.8,1.69,101.0,2.1,3,0,0,1,0,0,4.6,5.2,0,Low
29,Female,19.1,8.8,5.3,4.3,2.29,206.0,2.9,3,1,0,0,1,0,1.4,6.0,0,Medium
31,Female,23.9,4.0,1.8,10.2,1.65,0.0,1.2,3,0,0,0,0,0,10.0,4.8,4,High
49,Female,30.0,7.0,8.2,10.3,3.6,196.0,0.4,0,0,0,1,1,0,4.3,5.3,4,High
18,Male,20.5,6.2,8.8,8.7,1.59,347.0,3.5,4,0,0,1,0,0,8.4,6.2,0,Medium
32,Other,28.8,7.8,5.1,9.4,1.98,83.0,7.2,1,0,0,1,0,0,3.1,2.7,0,Low
54,Female,27.8,6.5,3.3,4.0,1.57,156.0,5.0,1,0,0,1,0,1,1.4,1.4,0,Low
68,Female,25.7,6.5,3.7,1.8,1.46,123.0,5.8,3,1,1,1,0,0,3.3,6.0,0,Medium
43,Female,23.0,6.1,4.2,3.2,0.98,125.0,0.1,3,1,0,1,0,1,5.3,4.7,2,High
36,Female,20.1,8.7,5.0,0.3,2.64,37.0,2.6,0,0,0,1,0,1,5.2,9.1,2,Medium
39,Male,32.5,6.5,8.2,2.9,1.56,369.0,2.6,1,0,0,1,0,1,3.3,1.2,2,Medium
52,Female,27.3,9.7,7.3,4.6,1.46,192.0,6.1,4,1,0,0,0,0,3.8,6.8,1,High
44,Female,26.0,6.9,7.3,6.5,1.33,76.0,5.0,0,0,0,0,0,1,5.3,2.2,0,Low
16,Female,22.6,6.5,5.6,6.4,2.34,64.0,2.6,3,1,0,0,0,1,2.9,5.1,2,Low
44,Female,24.7,6.3,2.7,4.1,2.12,157.0,0.0,3,0,0,0,0,0,3.7,6.2,0,Low
37,Male,25.2,7.4,3.5,7.6,2.12,0.0,0.5,3,0,0,1,0,1,2.2,4.6,1,Low
53,Male,26.3,5.6,5.3,4.1,1.49,266.0,4.4,0,0,0,1,0,1,6.9,4.8,5,Medium
63,Male,27.8,6.7,2.6,6.0,2.45,93.0,2.3,4,0,0,0,0,1,1.6,4.3,0,Low
67,Female,21.0,6.5,5.9,2.9,1.57,193.0,2.8,2,0,0,1,1,0,4.2,4.7,1,Medium
48,Male,17.9,7.0,7.0,9.0,2.16,198.0,4.3,6,0,0,1,0,1,6.3,1.7,4,Low
34,Female,24.9,7.1,6.4,6.1,1.99,256.0,5.5,2,0,0,1,0,0,6.5,2.4,5,Medium
39,Male,16.6,7.1,6.3,7.9,0.75,204.0,1.3,2,0,0,0,1,1,2.1,4.5,0,Low
24,Male,23.0,6.7,1.1,2.6,3.72,232.0,4.3,3,0,0,1,0,1,6.9,4.7,3,Low
66,Female,22.2,9.0,8.1,6.5,2.56,262.0,6.5,1,1,1,1,0,0,6.1,4.4,2,Medium
61,Male,26.7,7.2,1.8,7.6,2.24,114.0,6.1,0,0,0,1,0,0,6.6,2.0,2,Low
61,Female,33.4,10.7,4.9,0.3,2.37,387.0,1.8,2,1,1,1,1,1,4.7,6.9,1,Medium
33,Male,15.7,6.6,6.6,9.3,3.74,189.0,3.6,1,0,0,0,0,0,6.1,5.3,3,Low
32,Female,34.7,8.0,6.0,2.5,3.01,147.0,4.7,2,0,1,0,1,1,6.5,5.3,4,Medium
62,Female,23.5,5.3,2.4,6.6,2.38,57.0,3.0,0,1,0,1,1,0,10.0,4.7,3,Medium
44,Female,26.1,8.7,2.8,11.0,1.53,127.0,2.5,2,0,0,0,0,0,1.0,2.1,4,Low
53,Female,18.1,5.4,5.8,8.7,1.66,194.0,0.0,2,0,1,0,0,1,6.0,1.0,1,Medium
41,Female,29.0,7.2,6.3,1.8,0.66,160.0,1.1,0,0,1,0,0,0,6.8,4.7,3,Medium
39,Female,24.7,6.1,2.8,5.5,1.81,351.0,1.5,5,0,1,1,1,0,5.7,3.0,3,High
49,Male,24.2,7.2,6.1,9.5,2.63,107.0,0.2,2,0,0,0,0,0,7.5,3.2,4,Low
59,Female,15.8,6.1,1.9,3.7,2.61,225.0,3.2,2,0,0,0,0,0,7.4,6.2,3,Low
33,Female,24.8,5.2,6.6,5.0,2.59,26.0,4.9,3,1,0,1,0,1,5.9,4.1,3,High
59,Other,28.3,6.1,3.3,4.9,1.69,390.0,2.1,0,1,0,0,0,1,4.7,6.2,1,Low
28,Male,23.4,9.0,5.4,7.6,2.54,19.0,0.0,2,0,0,0,0,1,1.0,3.0,3,Low
37,Female,29.8,7.2,5.0,1.7,2.76,378.0,2.7,2,1,1,1,0,0,10.0,3.8,2,High
65,Female,29.6,4.4,7.8,7.8,0.32,135.0,3.6,2,1,1,0,1,1,1.0,4.3,2,High
67,Male,21.6,8.3,5.7,4.3,2.34,0.0,3.5,1,0,0,1,0,0,6.7,1.0,2,Low
65,Male,31.7,5.1,3.9,6.0,3.76,299.0,1.4,0,1,0,1,0,0,6.0,2.7,2,Low
32,Female,24.7,7.7,6.0,5.4,1.87,159.0,0.3,1,0,1,0,1,0,1.8,7.8,2,Low
61,Male,24.7,7.4,9.9,7.7,0.3,100.0,5.0,1,0,0,1,0,0,10.0,3.0,5,Medium
66,Female,24.9,7.5,6.8,5.9,1.45,221.0,3.8,3,0,1,0,0,0,7.4,5.0,2,High
68,Female,24.8,9.5,5.1,10.0,0.65,223.0,1.5,2,0,0,0,1,0,5.9,2.8,4,Medium
16,Male,15.0,5.2,3.4,8.8,1.59,196.0,0.0,0,1,0,0,0,0,1.9,2.8,3,Low
55,Male,23.7,7.5,3.8,3.8,1.12,275.0,3.5,1,0,0,0,0,0,9.0,5.1,2,Low
69,Male,18.4,8.5,6.7,9.8,2.84,178.0,1.0,1,0,0,1,0,0,9.2,1.7,1,Medium
57,Female,31.8,5.5,3.3,6.9,2.72,221.0,3.8,0,1,0,1,0,1,5.6,6.5,3,High
27,Female,31.6,5.3,5.2,6.5,2.37,93.0,3.3,2,0,0,1,0,0,9.8,6.3,1,Medium
56,Female,28.3,6.0,8.4,8.4,3.08,234.0,7.6,0,0,1,1,0,0,5.7,6.0,4,Medium
20,Female,23.4,7.0,5.5,3.1,1.65,93.0,2.8,3,1,1,0,0,0,6.2,1.0,1,Medium
41,Female,20.0,4.2,2.8,2.1,2.16,26.0,7.4,2,0,1,0,1,1,5.0,4.7,2,Low
49,Female,21.5,7.4,10.0,6.1,3.86,127.0,3.2,1,1,0,1,0,0,7.0,9.1,1,High
40,Female,33.2,4.2,9.1,4.3,2.57,120.0,1.5,1,0,1,1,0,0,6.5,1.0,4,High
53,Male,21.4,8.6,6.3,11.8,2.57,252.0,0.7,1,0,0,1,0,0,3.8,8.4,1,Medium
28,Female,15.0,7.3,8.0,3.9,1.49,0.0,1.1,2,0,0,1,0,0,2.3,1.0,2,Low
48,Female,29.1,9.6,4.6,6.1,1.77,270.0,3.9,1,1,0,1,0,0,4.6,6.0,1,Medium
50,Male,31.3,7.6,6.8,6.5,1.3,81.0,3.3,0,0,0,0,1,0,6.9,1.0,2,Medium
49,Female,32.0,6.0,4.3,9.4,3.44,0.0,0.0,4,0,1,0,0,1,4.6,5.0,1,High
30,Male,29.2,5.2,2.2,3.2,0.85,17.0,5.2,4,0,0,1,0,0,2.7,7.3,0,Low
31,Female,29.9,6.9,10.0,1.5,2.83,116.0,6.2,3,0,1,1,0,0,4.9,1.5,4,High
29,Female,24.7,6.5,2.1,9.9,2.56,199.0,0.0,1,0,0,0,0,0,2.1,9.7,3,Low
40,Male,15.2,8.4,5.9,6.2,0.82,135.0,5.2,3,0,0,0,0,0,3.7,1.9,3,Low
47,Male,24.6,5.0,5.8,8.3,3.01,17.0,6.7,0,0,0,1,0,0,1.0,5.4,1,Low
34,Male,27.3,9.7,6.3,8.4,1.89,64.0,0.0,3,0,0,0,1,1,5.4,2.1,1,Low
37,Male,23.9,8.5,5.0,8.9,1.04,19.0,2.0,3,0,0,0,1,0,7.0,7.6,2,High
30,Female,23.7,6.2,5.0,4.9,2.39,178.0,1.1,2,1,1,0,0,0,5.1,8.7,2,Medium
27,Male,20.2,9.4,5.5,4.2,1.44,140.0,5.1,0,0,0,1,0,1,6.0,3.7,2,Medium
51,Male,20.0,5.2,6.3,0.4,1.94,218.0,2.1,4,1,0,0,0,0,5.4,8.3,1,High
59,Other,32.8,6.8,5.2,3.2,1.7,0.0,2.0,1,0,0,1,1,0,6.2,5.2,2,Low
30,Female,32.9,4.5,5.0,6.2,1.4,91.0,3.9,3,0,1,0,0,0,6.5,3.9,2,Low
62,Female,24.5,9.5,2.3,4.0,1.15,373.0,6.4,3,1,0,0,0,0,6.6,2.0,3,Low
46,Male,25.8,3.9,9.6,2.8,2.74,221.0,2.9,5,0,0,0,0,0,7.9,2.8,1,High
24,Female,20.1,4.2,6.4,6.1,2.36,117.0,2.0,2,1,0,1,0,0,1.0,6.8,3,High
35,Female,27.4,5.5,5.7,9.8,2.31,41.0,2.4,2,1,0,0,0,0,7.0,2.7,0,Low
15,Female,32.4,8.6,3.8,5.8,1.81,272.0,4.4,1,1,1,0,0,0,4.5,6.2,1,Medium
17,Female,17.6,8.0,3.0,2.8,2.14,319.0,0.1,1,1,0,1,0,0,3.8,3.8,2,Low
33,Female,26.6,6.7,7.1,9.6,1.51,24.0,3.0,3,1,1,1,0,0,1.0,8.4,3,High
39,Female,26.9,8.1,4.8,3.8,1.5,34.0,0.9,2,0,0,0,0,0,1.0,3.0,4,Low
58,Female,26.9,6.3,6.6,10.1,3.47,181.0,0.4,2,1,1,1,1,0,3.7,1.0,3,High
22,Female,31.9,7.2,2.2,5.3,2.81,191.0,0.0,0,1,1,1,0,0,2.9,1.5,1,Low
61,Male,33.7,9.1,8.6,6.3,1.65,203.0,1.9,1,0,0,0,0,0,7.5,5.7,1,Medium
27,Female,23.4,6.1,7.2,10.4,0.9,353.0,5.4,1,0,0,0,0,0,6.8,4.5,1,Low
22,Female,27.5,5.3,5.0,2.2,0.74,43.0,0.0,0,0,0,0,0,0,8.8,4.6,4,Medium
53,Female,24.9,7.3,6.2,3.1,1.59,154.0,4.2,0,0,0,1,0,0,4.6,6.2,2,Low
57,Female,21.7,7.7,6.8,5.1,2.19,229.0,1.6,4,0,1,0,1,1,6.6,1.7,2,High
48,Male,25.7,6.7,2.3,5.6,2.19,228.0,0.7,5,0,0,1,0,0,1.1,3.0,5,Low
21,Male,27.5,8.1,8.9,13.4,2.22,79.0,3.8,2,1,0,1,0,0,10.0,3.6,4,High
21,Female,25.5,6.2,6.3,3.5,2.37,83.0,5.9,2,1,0,0,1,1,9.5,5.0,1,High
36,Female,20.5,6.7,3.7,2.3,1.27,99.0,6.3,1,1,0,0,0,1,2.9,2.5,0,Low
39,Female,22.4,7.1,2.8,3.4,3.31,337.0,3.6,2,1,0,0,0,1,9.0,3.5,0,Low
69,Female,22.4,7.0,7.4,6.6,1.94,42.0,2.8,1,1,0,1,1,0,2.1,3.3,8,High
30,Female,20.7,9.1,5.7,7.4,2.34,114.0,3.9,2,1,1,1,1,0,3.3,1.0,1,Medium
25,Female,25.9,7.1,6.3,4.0,1.58,235.0,8.4,2,0,1,0,0,1,5.0,3.4,4,High
67,Female,26.4,6.0,5.3,6.1,2.35,30.0,2.4,2,0,1,1,0,0,2.8,5.6,1,Medium
23,Male,28.9,7.3,3.0,11.4,3.76,178.0,5.5,4,1,0,0,0,0,6.5,1.8,1,Low
16,Female,20.6,8.1,6.3,6.1,1.31,0.0,1.7,3,0,1,0,0,1,7.8,1.1,3,Medium
38,Female,21.9,7.7,4.8,6.9,1.21,171.0,1.2,2,1,1,0,0,1,1.5,3.7,3,Medium
37,Female,31.5,7.7,5.2,11.3,1.41,156.0,6.9,2,1,0,1,0,0,5.3,2.9,2,Medium
49,Female,23.8,4.1,10.0,4.0,1.83,168.0,3.0,5,1,1,0,1,1,2.5,1.0,1,High
63,Female,24.6,2.5,7.1,3.9,1.68,54.0,3.5,2,1,0,1,1,0,5.7,1.0,3,Medium
66,Female,23.7,8.5,7.2,4.7,1.27,175.0,4.2,2,1,1,0,1,1,5.7,6.9,3,High
30,Female,29.6,7.2,10.0,4.5,2.06,146.0,1.0,2,1,0,0,0,0,3.4,2.7,1,Medium
68,Female,29.8,6.5,6.0,0.9,3.35,293.0,2.0,3,1,0,0,0,1,4.6,6.6,0,Medium
49,Male,29.5,7.6,5.5,6.4,1.98,220.0,1.6,2,0,0,0,0,0,5.3,6.0,2,Low
18,Male,24.6,9.6,3.7,6.6,2.02,0.0,3.7,4,0,0,1,0,0,3.3,8.5,0,Low
66,Female,20.6,8.8,4.2,5.5,2.37,58.0,3.8,2,1,0,0,0,0,1.0,5.2,1,Low
22,Female,33.2,8.0,1.0,6.7,2.62,82.0,1.7,1,1,1,0,0,0,6.9,3.0,2,Low
47,Male,28.4,5.1,6.9,6.7,3.2,170.0,7.5,5,0,0,1,0,0,6.9,6.1,3,Medium
58,Male,22.4,5.3,2.4,2.3,2.29,131.0,2.9,1,1,0,0,0,1,6.8,1.0,3,Low
28,Female,30.9,2.7,7.2,6.8,2.1,131.0,3.2,5,0,1,0,0,0,2.5,6.8,2,High
29,Female,22.1,7.5,5.1,7.6,1.31,460.0,6.0,2,1,0,0,0,0,4.4,8.9,2,High
41,Female,30.8,8.3,5.5,1.5,2.69,94.0,1.1,3,0,0,0,1,0,1.0,1.7,1,Low
63,Male,31.2,8.4,5.1,10.1,1.42,303.0,1.9,1,0,0,1,0,0,10.0,4.0,5,High
27,Female,20.4,7.6,8.2,2.5,1.4,134.0,3.6,0,0,0,1,0,0,1.7,4.8,3,Low
51,Female,27.1,6.3,7.9,2.8,2.25,0.0,0.0,0,0,1,0,0,1,8.1,3.7,5,High
39,Female,28.0,5.6,5.1,6.6,3.33,171.0,2.5,4,1,1,0,0,0,3.1,4.3,3,High
21,Female,36.3,5.2,3.2,7.5,2.68,273.0,7.5,2,0,1,1,0,0,5.8,2.6,3,Low
54,Female,21.2,6.2,7.2,8.2,2.07,220.0,7.0,0,0,1,0,0,1,4.4,3.1,3,Medium
60,Male,30.9,4.9,3.1,7.6,1.31,178.0,5.0,3,0,0,0,0,0,4.0,10.0,2,Medium
46,Female,24.6,9.3,1.8,4.5,3.32,153.0,5.6,3,0,0,0,0,0,6.0,4.9,1,Low
24,Female,18.9,4.4,6.3,6.3,2.05,96.0,4.1,2,1,0,0,0,0,3.6,1.0,3,Medium
23,Female,24.0,6.2,7.9,5.1,1.87,249.0,2.1,2,0,0,0,0,0,1.0,3.2,2,Low
38,Male,24.5,3.4,4.3,6.5,2.54,102.0,6.6,0,1,0,0,0,0,4.6,3.5,2,Medium
42,Female,19.7,7.0,6.1,6.2,1.74,80.0,0.9,4,0,0,1,0,0,7.8,8.5,1,Medium
45,Female,25.9,6.5,4.3,4.6,1.5,195.0,5.1,1,0,0,0,0,0,5.0,8.1,4,Low
28,Female,28.8,5.9,6.8,5.0,1.57,117.0,1.9,4,1,1,1,0,0,2.6,4.8,1,High
42,Male,25.6,5.0,7.6,0.8,1.57,291.0,2.0,0,0,0,0,0,1,10.0,1.8,2,Medium
31,Male,22.1,6.5,4.6,8.3,1.2,201.0,4.2,3,0,0,0,0,0,5.0,5.1,0,Low
52,Male,23.8,5.6,2.9,6.8,1.11,64.0,7.5,1,0,0,0,0,1,2.9,2.5,3,Low
58,Male,24.5,6.3,2.0,0.0,2.88,24.0,6.1,1,1,0,1,1,1,10.0,5.3,4,Medium
50,Female,25.5,9.6,7.2,8.2,2.64,87.0,3.7,3,1,1,0,0,1,1.0,6.9,3,Medium
15,Female,29.5,6.8,2.7,5.9,1.44,407.0,3.1,0,0,1,0,0,1,2.7,3.2,3,Low
69,Female,25.7,7.4,6.0,3.4,2.81,124.0,4.7,1,1,0,1,0,1,7.6,5.0,4,High
16,Male,18.2,5.8,6.9,3.1,2.35,233.0,6.0,2,0,0,1,0,1,2.6,6.4,4,Medium
69,Male,22.0,5.2,4.1,4.1,1.84,6.0,0.0,5,1,0,0,0,0,6.8,5.8,5,High
16,Female,25.2,6.5,4.8,3.4,1.12,31.0,2.7,0,0,1,0,0,1,7.1,1.0,2,Low
43,Male,29.6,10.5,7.4,3.8,2.37,129.0,0.7,2,0,0,1,0,1,10.0,4.4,1,Medium
20,Female,30.3,6.0,3.4,10.8,3.59,337.0,2.5,4,0,1,0,0,1,7.7,1.0,3,High
20,Female,32.5,7.1,3.2,7.0,2.11,8.0,0.2,1,0,1,1,0,0,3.9,5.3,2,Medium
52,Female,25.1,5.2,4.7,11.7,2.9,81.0,0.0,3,0,1,1,0,1,3.2,6.6,4,High
55,Male,27.9,2.1,8.0,6.6,1.93,249.0,0.1,5,1,0,1,0,0,2.4,5.6,3,High
21,Male,18.0,5.2,8.7,7.6,2.84,325.0,1.8,1,0,0,0,0,0,2.2,5.4,3,Medium
68,Female,26.4,10.3,5.0,3.5,1.98,198.0,4.3,1,0,1,1,0,0,6.0,5.3,2,Medium
32,Male,19.7,7.5,3.6,5.5,0.3,224.0,1.2,2,1,0,1,1,0,1.0,6.0,3,High
32,Male,24.2,9.1,7.5,5.8,1.52,51.0,1.1,1,1,0,0,0,0,5.4,2.4,1,Medium
31,Male,38.1,5.9,1.5,7.7,2.21,4.0,3.9,1,0,0,1,0,0,1.0,3.0,2,Low
40,Male,25.9,2.7,5.7,5.9,2.97,24.0,3.6,1,0,0,1,0,0,5.6,4.9,3,Low
24,Female,20.6,4.7,5.1,7.0,1.98,54.0,6.7,1,0,1,0,0,0,3.6,7.6,4,Low
38,Male,26.3,7.1,8.0,6.9,2.12,175.0,5.1,1,0,0,1,0,1,6.6,5.9,1,Low
26,Male,22.2,6.9,8.3,5.2,1.63,16.0,0.7,1,0,0,0,0,0,1.0,6.3,4,Medium
17,Male,20.2,6.5,3.1,4.9,3.35,178.0,1.5,5,1,0,1,0,1,7.4,3.9,1,Low
35,Female,34.0,5.7,5.6,4.1,3.3,115.0,4.6,1,1,0,0,1,0,5.0,4.8,2,Low
51,Male,29.3,8.0,3.9,9.0,1.56,88.0,1.0,2,1,0,0,1,0,3.8,4.4,2,Medium
56,Male,26.1,5.7,4.6,5.2,0.89,247.0,2.3,2,1,0,0,0,1,6.3,1.6,2,High
34,Female,22.7,7.0,6.6,6.9,0.65,45.0,0.0,1,0,1,1,1,1,6.1,5.3,2,High
32,Other,23.1,6.8,4.5,5.6,2.58,308.0,0.1,2,1,0,0,0,0,1.6,4.2,4,Low
58,Female,31.4,5.9,5.6,9.0,2.21,241.0,5.8,1,0,0,0,0,0,5.4,6.7,1,High
52,Female,25.9,5.1,7.3,0.4,1.47,41.0,3.4,2,1,1,1,1,0,6.8,1.0,2,High
60,Female,15.0,5.8,8.5,6.8,2.32,282.0,1.6,2,0,0,1,1,0,1.0,3.4,2,Medium
64,Male,35.4,9.5,5.8,2.5,1.12,28.0,1.9,2,0,0,1,0,1,5.5,1.0,1,Low
60,Male,25.3,8.3,5.5,7.1,2.74,292.0,6.8,4,1,0,0,1,0,8.0,5.5,1,Medium
66,Female,26.0,8.1,2.8,5.6,1.79,187.0,1.6,0,1,0,0,0,1,5.4,6.5,3,Low
37,Male,29.4,5.2,8.7,1.9,1.23,0.0,4.0,4,0,0,0,0,0,3.8,5.5,2,Low
36,Female,26.6,4.2,6.3,6.9,1.81,8.0,4.9,2,0,1,1,0,1,1.6,9.3,3,High
32,Female,27.9,8.3,5.5,6.6,1.78,105.0,6.2,3,1,1,1,0,1,2.3,5.9,1,Medium
27,Male,22.6,7.9,5.4,5.4,2.39,245.0,1.1,1,0,0,0,0,0,4.0,2.5,3,Low
56,Male,19.0,6.7,6.0,5.7,3.03,131.0,0.0,2,0,0,1,0,0,6.9,7.5,4,High
54,Male,25.8,5.9,6.9,6.5,2.99,128.0,0.6,3,0,0,0,0,0,6.5,9.5,1,Low
59,Male,30.9,4.2,7.2,9.3,2.23,154.0,4.6,4,0,0,0,0,0,4.0,6.2,2,Medium
24,Other,21.6,7.9,8.7,5.1,1.95,0.0,7.4,0,1,0,0,0,0,2.9,2.8,1,Low
42,Female,21.2,8.4,5.7,8.8,1.65,241.0,4.7,2,0,1,0,0,1,3.5,3.0,1,High
27,Female,30.0,5.4,9.1,5.9,0.69,297.0,1.5,3,0,1,1,1,0,7.9,5.5,3,High
64,Female,22.4,5.3,7.5,9.6,2.08,237.0,5.6,1,0,0,0,0,0,1.2,3.6,3,Low
29,Male,22.7,8.5,5.1,5.3,1.42,103.0,2.0,1,1,0,0,0,1,5.0,7.2,1,Medium
22,Male,22.8,5.5,1.5,4.1,3.07,53.0,1.2,1,1,0,1,0,0,3.6,4.0,2,Low
46,Male,24.2,9.3,5.4,2.9,1.94,31.0,2.3,1,0,0,0,0,0,6.6,6.6,5,Medium
63,Female,17.4,6.3,8.6,5.9,2.7,25.0,1.7,0,1,0,1,0,0,4.4,6.3,3,Medium
65,Female,22.1,5.9,3.5,3.8,1.71,399.0,1.5,1,1,0,0,0,1,1.8,1.3,1,Low
20,Male,25.5,6.6,5.4,9.9,1.56,141.0,5.7,1,0,0,1,0,1,8.8,4.4,3,Medium
32,Other,25.5,5.9,5.6,3.6,2.58,250.0,1.9,3,0,0,1,0,1,5.4,7.1,0,High
23,Female,29.7,8.3,7.3,4.1,2.32,243.0,0.0,4,0,1,0,0,0,5.3,4.3,0,Medium
31,Female,32.8,7.9,4.3,7.6,2.36,166.0,4.3,3,1,1,1,0,1,1.4,5.4,1,Low
44,Female,31.3,8.2,3.3,9.3,2.02,48.0,0.9,3,0,0,0,0,1,4.1,5.0,2,Low
30,Female,28.6,6.8,6.5,8.0,2.73,207.0,1.0,2,0,0,1,0,0,3.0,2.6,2,Medium
18,Female,23.8,5.8,3.6,9.0,2.62,31.0,4.5,0,0,0,1,0,0,4.6,8.7,2,Low
43,Female,21.7,6.5,1.2,5.8,0.36,216.0,1.4,1,0,1,0,0,0,1.0,2.8,3,Low
17,Male,24.6,5.8,9.2,5.8,1.89,36.0,2.0,3,1,0,1,0,1,5.2,2.4,1,High
27,Female,27.1,8.8,7.2,11.6,2.91,102.0,3.1,0,1,0,0,0,0,7.0,7.1,3,High
15,Female,28.2,8.1,9.3,10.7,1.28,102.0,2.4,1,0,1,0,0,0,3.5,3.3,1,Low
19,Female,27.3,6.4,7.1,8.0,0.75,304.0,2.1,5,1,0,0,1,0,5.6,4.8,2,High
38,Male,24.0,5.0,6.7,9.1,1.99,0.0,0.0,1,1,0,0,0,1,2.3,5.6,2,High
61,Female,28.0,9.0,6.0,8.4,2.52,406.0,2.6,2,0,0,0,0,1,9.1,7.0,1,Medium
57,Female,30.2,6.7,4.8,2.6,1.73,61.0,6.5,2,1,0,0,0,0,2.3,1.0,1,Low
20,Female,28.5,6.3,6.3,5.9,3.13,136.0,4.4,1,1,1,0,0,0,4.4,4.3,0,Medium
16,Male,24.4,9.0,4.0,10.2,3.57,195.0,2.2,2,1,0,1,0,1,2.9,3.9,0,Low
33,Male,20.7,5.7,2.8,8.0,0.56,186.0,4.0,5,0,0,1,0,0,2.5,4.5,2,Medium
50,Female,20.6,6.0,4.5,5.8,1.79,243.0,4.4,3,0,0,1,0,1,8.8,6.5,2,Medium
56,Female,21.4,6.1,8.0,10.2,0.3,217.0,1.1,1,1,1,0,0,0,8.6,8.1,0,High
60,Female,25.7,4.4,2.5,7.0,2.63,374.0,5.8,2,1,0,0,0,0,3.7,5.1,2,Medium
33,Male,26.8,7.0,2.5,8.1,1.56,230.0,3.4,1,1,0,0,0,0,10.0,2.7,1,Low
24,Male,18.1,5.3,6.5,7.0,1.72,137.0,2.3,2,1,0,1,0,0,7.7,5.2,1,High
16,Female,22.2,5.6,4.3,7.5,3.02,89.0,6.5,3,0,1,1,1,0,7.5,6.0,1,Medium
23,Female,25.6,5.4,6.3,7.7,1.04,86.0,0.0,5,1,1,0,0,0,5.0,5.3,4,High
18,Male,20.5,5.6,7.4,9.6,0.84,292.0,0.4,2,0,0,0,0,0,7.9,7.1,4,High
62,Male,26.5,5.2,6.2,10.0,0.3,343.0,4.4,6,1,0,1,1,1,5.3,3.0,2,High
29,Female,23.1,6.9,3.8,4.7,3.12,260.0,4.5,0,0,1,1,1,0,2.5,3.1,1,Low
60,Female,21.2,6.3,8.0,7.0,2.93,0.0,6.6,0,0,0,0,0,1,4.9,5.0,5,Medium
45,Female,24.7,6.6,6.8,9.6,1.86,0.0,0.0,1,0,0,0,0,1,3.8,7.4,3,Medium
44,Male,26.3,10.3,5.3,5.6,1.08,149.0,4.9,3,1,0,0,0,0,1.9,8.7,1,Medium
40,Male,20.7,6.3,5.2,2.3,2.77,132.0,0.3,3,1,0,0,1,1,7.5,5.9,1,Medium
60,Male,23.4,7.5,6.0,3.5,4.3,152.0,3.9,1,0,0,0,0,0,5.4,5.4,1,Medium
17,Male,26.6,7.6,4.5,3.6,1.91,288.0,2.9,2,0,0,0,0,0,4.8,2.3,4,Low
20,Female,21.1,6.4,1.6,4.7,1.14,282.0,4.9,1,0,1,1,0,0,9.3,6.3,0,Low
38,Female,17.0,6.9,6.9,3.9,3.09,169.0,2.5,0,0,1,0,0,1,5.4,1.9,2,Low
36,Female,17.6,6.5,6.7,8.9,1.19,0.0,5.2,1,0,0,0,0,0,8.1,7.2,1,Low
45,Male,22.6,6.8,1.0,5.2,1.81,15.0,1.2,1,0,0,0,0,0,2.4,5.0,3,Low
55,Male,18.6,5.6,6.3,9.5,0.3,157.0,2.8,2,0,0,1,0,1,3.0,4.9,2,Medium
47,Female,22.9,5.7,9.1,2.8,1.86,196.0,3.4,1,0,1,0,0,0,5.0,7.7,3,High
29,Female,32.0,6.5,2.7,5.0,1.08,16.0,6.7,1,0,0,1,0,0,5.2,4.9,3,Low
33,Male,18.3,3.3,5.0,6.3,3.11,223.0,4.8,7,1,0,0,0,1,5.7,3.7,0,Medium
56,Male,23.2,8.9,4.8,8.3,1.32,0.0,3.4,3,1,0,0,0,1,7.5,5.3,5,Medium
26,Male,34.1,10.0,8.9,9.2,2.72,0.0,4.4,1,0,0,0,1,0,10.0,2.6,5,High
42,Female,26.3,6.8,7.7,4.5,2.02,54.0,5.4,3,0,0,1,1,0,1.0,5.2,1,Low
44,Male,22.8,7.6,3.3,8.8,2.2,301.0,3.8,0,0,0,0,1,1,3.5,4.2,0,Low
56,Male,23.8,8.2,6.0,1.3,2.52,317.0,0.7,3,0,0,1,0,0,6.0,3.0,2,Medium
54,Male,26.4,4.4,10.0,8.4,2.06,0.0,4.4,0,0,0,0,0,0,9.9,10.0,2,High
40,Male,32.1,8.0,3.8,2.2,1.58,0.0,2.9,1,1,0,0,0,0,4.4,4.2,0,Low
32,Male,22.1,5.8,5.2,7.3,1.45,234.0,2.2,4,1,0,0,1,0,4.9,3.2,2,Medium
35,Male,21.1,10.2,6.3,9.2,2.51,102.0,1.3,2,0,0,1,1,0,4.0,1.0,2,High
37,Male,18.3,6.2,3.9,8.5,0.58,300.0,4.3,4,0,0,1,0,0,6.3,2.8,1,Medium
27,Female,25.0,8.0,9.1,1.4,3.44,232.0,4.1,2,0,1,1,0,1,4.9,6.4,0,Low
49,Female,18.2,6.2,4.2,4.7,2.21,251.0,0.9,0,0,0,0,0,0,7.0,1.0,2,Low
26,Male,22.4,10.0,2.1,8.0,1.83,60.0,0.6,2,0,0,1,0,0,8.1,1.8,2,Low
50,Male,20.4,5.7,4.0,7.9,2.31,199.0,7.2,2,1,0,1,0,0,4.0,6.9,2,Medium
56,Female,29.3,8.4,6.6,6.8,1.62,372.0,4.9,3,1,1,1,0,0,7.4,3.7,1,High
67,Female,22.2,7.5,3.4,0.0,1.96,166.0,3.2,2,0,0,0,0,0,3.1,3.5,1,Low
21,Male,26.3,7.1,5.9,9.4,1.19,145.0,4.3,1,0,0,1,0,0,5.5,4.8,2,Medium
56,Male,17.3,6.9,6.4,9.9,2.4,102.0,2.0,2,0,0,0,0,0,3.3,7.5,1,Low
19,Male,25.1,5.4,2.5,6.5,2.04,0.0,2.6,2,0,0,0,0,1,1.0,2.3,2,Low
33,Female,19.1,2.4,4.0,6.6,2.25,29.0,3.0,1,0,1,0,0,0,7.3,9.3,3,High
24,Male,22.6,8.2,6.0,7.4,3.29,52.0,5.1,2,0,0,1,0,1,2.4,4.8,3,Low
23,Male,34.5,5.7,6.7,10.1,1.46,0.0,0.0,2,1,0,1,0,1,3.1,4.5,2,High
24,Female,28.7,8.4,4.0,6.7,2.0,0.0,0.8,3,0,0,1,0,1,4.1,6.1,2,Medium
17,Female,23.9,7.1,5.5,5.5,0.78,0.0,0.3,2,0,1,0,1,0,9.7,1.0,1,Medium
60,Other,38.9,8.4,4.6,7.1,2.54,64.0,4.9,0,0,0,0,0,0,9.1,5.3,3,High
18,Female,20.4,7.8,6.8,6.0,2.09,224.0,2.8,2,0,0,0,1,1,1.0,5.1,1,Low
36,Male,29.7,2.6,6.3,6.0,2.11,115.0,1.0,1,0,0,0,0,0,1.9,9.0,0,Medium
53,Male,17.6,7.5,4.4,1.1,1.97,116.0,2.5,2,1,0,0,0,0,9.7,10.0,4,Medium
69,Male,23.4,6.0,6.3,7.5,1.64,234.0,1.6,3,0,0,0,0,0,10.0,5.0,3,High
61,Female,18.4,8.4,4.3,9.3,4.1,336.0,0.0,2,1,0,1,0,1,6.2,4.9,1,High
22,Male,25.7,7.4,6.2,8.9,2.13,400.0,5.8,4,0,0,0,0,0,5.3,4.2,0,Low
69,Female,24.8,7.5,6.2,8.7,2.34,166.0,2.7,3,1,1,0,0,1,4.8,4.5,1,High
50,Male,23.1,6.1,10.0,5.9,1.19,119.0,5.8,1,0,0,0,1,0,4.5,3.7,3,High
24,Female,29.4,5.0,4.5,6.4,2.81,105.0,0.0,4,1,1,0,0,1,1.9,7.0,1,Medium
39,Male,21.9,5.8,4.9,9.3,2.0,215.0,4.1,2,1,0,1,0,1,7.1,7.9,3,Low
65,Male,26.0,3.6,3.8,8.4,2.46,133.0,0.0,5,1,0,0,0,0,2.6,7.5,1,High
36,Female,28.2,5.6,2.9,10.2,2.82,133.0,8.4,1,1,1,1,0,0,6.6,7.7,3,High
25,Female,17.8,4.2,4.2,4.1,2.02,140.0,0.0,2,0,1,0,0,0,5.1,5.8,5,High
63,Male,21.1,4.2,6.7,4.1,1.56,46.0,7.0,4,1,0,1,0,0,7.7,6.5,2,High
67,Female,24.7,6.7,6.8,5.1,0.3,0.0,3.0,1,0,1,1,1,0,3.3,6.3,3,High
68,Female,27.3,7.4,5.9,3.4,1.79,76.0,2.6,3,1,0,1,0,0,1.8,1.1,1,Low
67,Female,30.9,6.4,4.5,2.3,1.55,310.0,4.3,1,0,1,0,0,0,2.5,3.9,1,Low
63,Male,23.5,5.7,4.1,7.3,1.19,305.0,0.9,2,1,0,0,0,0,4.9,3.2,0,Medium
39,Male,23.1,5.0,3.2,7.1,3.26,253.0,4.7,6,0,0,0,1,0,4.6,4.3,0,Low
25,Female,20.6,6.0,4.0,6.7,2.89,96.0,4.9,1,0,1,0,0,0,1.8,4.2,2,Low
48,Other,26.0,5.2,2.4,7.0,0.64,63.0,3.0,4,0,0,0,1,1,3.7,6.1,1,Medium
27,Female,23.2,6.4,8.2,1.9,2.22,329.0,3.6,1,1,0,0,1,0,5.2,3.6,2,Medium
41,Female,23.3,4.1,9.2,4.7,1.45,31.0,7.2,2,1,0,0,0,0,6.8,1.0,1,High
51,Female,24.1,7.6,1.0,5.2,2.39,154.0,4.4,3,0,1,0,0,0,4.9,5.4,6,High
67,Female,27.0,5.6,5.8,6.1,1.46,336.0,1.3,1,0,0,1,0,0,6.8,4.0,3,Medium
30,Female,22.0,7.1,5.8,1.9,1.67,164.0,4.7,2,0,1,0,0,0,5.1,5.7,0,Medium
28,Male,21.0,7.9,5.7,3.4,2.87,118.0,1.8,5,1,0,0,1,0,5.1,1.8,3,Medium
55,Female,26.4,7.0,3.9,4.8,2.76,278.0,1.4,0,0,0,0,0,0,6.3,5.7,2,Low
15,Male,15.0,7.8,7.4,9.0,3.31,158.0,4.1,5,0,0,1,0,0,2.0,2.6,2,High
46,Female,21.8,3.2,6.1,6.7,1.93,172.0,0.8,3,1,1,1,0,0,9.7,1.0,2,High
56,Female,19.3,5.7,7.5,8.9,0.94,317.0,3.1,4,0,1,0,0,0,5.2,3.8,4,High
45,Female,29.9,8.3,3.6,5.7,2.84,0.0,4.5,4,1,0,0,0,0,4.8,1.0,2,Low
36,Male,22.5,7.3,2.2,6.0,2.84,189.0,7.2,3,0,0,0,1,0,5.6,3.0,3,Low
60,Male,22.0,9.5,6.2,7.4,2.6,66.0,4.4,2,0,0,1,0,1,7.8,4.9,1,Low
35,Female,24.3,9.2,3.1,5.5,1.5,127.0,0.0,6,0,0,0,0,0,6.0,1.3,2,Low
54,Female,21.8,7.0,7.5,4.3,1.24,162.0,0.1,2,0,0,1,0,0,6.6,5.3,0,Medium
40,Female,22.7,6.1,1.0,1.8,2.53,76.0,6.8,2,1,1,0,0,0,5.2,1.3,3,Low
16,Male,24.9,5.0,4.2,4.3,1.39,175.0,1.6,1,0,0,0,0,0,2.3,2.3,2,Low
44,Female,22.6,5.7,3.8,8.3,1.85,192.0,0.0,6,0,1,1,0,0,1.0,2.0,1,Medium
17,Male,22.6,5.8,4.5,9.5,4.43,172.0,0.8,0,1,0,0,0,0,7.1,6.0,2,Medium
66,Female,20.0,5.6,5.8,3.8,3.8,162.0,4.7,2,0,1,0,1,0,7.5,5.0,1,High
48,Female,19.3,5.0,6.1,1.1,2.73,137.0,3.2,3,0,1,0,0,0,2.0,3.4,0,Low
35,Male,24.8,7.1,6.6,8.6,1.57,139.0,4.4,2,1,0,0,0,0,1.7,1.0,2,Low
41,Female,25.9,9.2,6.9,6.2,1.52,159.0,2.9,2,1,0,0,0,1,2.1,4.4,4,Medium
49,Female,18.1,8.0,4.8,2.2,2.67,46.0,0.6,1,0,0,0,0,1,3.4,1.7,2,Low
29,Male,27.9,6.0,9.8,0.0,3.3,290.0,0.0,2,1,0,0,1,0,2.6,1.5,2,High
30,Female,27.9,8.1,8.3,3.3,1.69,140.0,1.2,4,0,1,0,0,0,5.2,6.0,1,Medium
38,Female,28.9,7.1,4.5,4.7,1.73,106.0,3.3,3,0,1,1,0,0,5.3,2.5,3,Medium
29,Female,25.8,6.4,4.9,2.8,2.17,194.0,0.4,1,0,1,0,0,0,5.0,4.7,1,Low
56,Female,27.4,6.3,4.5,7.9,0.99,137.0,5.2,4,1,0,1,0,1,3.5,2.4,1,High
20,Male,34.3,6.2,6.0,3.7,1.01,287.0,0.8,0,1,0,0,0,1,2.6,6.7,0,Low
60,Female,23.1,7.5,3.1,6.0,1.16,248.0,0.0,5,1,1,0,0,1,1.1,5.8,2,High
34,Male,19.8,6.7,3.5,12.6,2.54,160.0,3.0,4,0,0,1,0,1,3.4,7.0,0,Low
45,Male,17.6,5.3,1.0,6.3,2.32,253.0,4.7,2,0,0,0,0,1,6.4,7.4,3,Medium
23,Male,32.4,5.3,4.3,5.7,3.01,176.0,6.3,4,0,0,1,0,0,1.0,1.0,3,Low
36,Male,32.5,7.0,7.5,5.7,0.71,23.0,0.0,3,0,0,0,0,0,4.6,9.3,2,Medium
56,Male,20.3,7.2,4.9,7.9,0.89,248.0,6.1,2,0,0,1,0,1,2.2,1.0,3,Low
29,Male,21.2,6.0,5.0,7.5,2.46,0.0,3.4,3,0,0,1,0,1,1.5,3.2,0,Low
22,Female,23.0,4.7,5.8,3.2,1.4,0.0,1.6,1,0,1,0,1,0,7.2,3.5,0,Medium
43,Female,30.0,8.5,3.0,4.8,1.46,227.0,4.5,1,1,0,0,0,0,7.9,1.0,2,Medium
23,Male,18.7,8.2,5.3,4.1,2.91,199.0,6.0,3,1,0,1,1,0,6.1,3.3,1,Medium
32,Female,15.7,3.3,7.2,5.2,1.66,191.0,0.0,0,1,0,0,0,1,1.8,6.8,4,Medium
39,Male,34.3,8.6,5.9,11.1,1.75,303.0,2.1,3,1,0,0,0,0,6.9,4.9,4,High
46,Female,25.9,6.2,7.4,7.7,1.9,147.0,1.8,4,0,0,0,0,0,6.7,1.0,0,Low
50,Male,26.5,6.8,8.0,5.8,1.95,108.0,4.4,2,1,0,0,0,0,9.8,3.8,3,Low
52,Female,23.6,8.3,6.7,9.5,2.65,238.0,6.2,0,1,1,0,0,0,3.5,6.8,4,High
61,Male,26.6,9.1,3.6,6.5,1.13,71.0,3.2,5,1,0,0,0,0,5.8,2.6,3,Low
18,Female,17.7,8.1,4.4,1.4,1.95,124.0,2.4,3,1,0,1,0,0,2.6,3.6,4,Low
34,Female,20.7,6.9,9.4,10.7,3.03,178.0,4.0,1,1,1,0,0,0,1.0,5.7,5,High
15,Male,25.0,4.3,5.9,5.6,3.81,187.0,2.5,2,0,0,1,1,0,1.0,6.4,3,High
15,Male,15.0,3.3,5.6,0.0,1.01,113.0,0.0,3,0,0,0,0,0,5.0,6.1,0,Medium
26,Male,23.1,7.9,3.3,1.5,2.36,96.0,4.1,1,0,0,1,0,0,3.0,3.7,3,Low
47,Male,22.9,8.6,5.0,9.2,1.95,27.0,5.2,1,1,0,0,0,0,6.1,1.0,0,Low
64,Female,23.1,5.2,6.8,1.6,2.02,63.0,5.4,1,0,0,1,0,1,6.4,5.2,2,Low
57,Male,22.0,6.1,5.2,9.8,1.47,350.0,0.5,3,0,0,1,0,0,4.9,1.0,5,Medium
50,Female,20.0,5.6,4.1,6.2,2.7,121.0,4.3,1,0,1,0,0,0,1.0,4.2,0,Medium
57,Female,16.3,5.6,4.6,8.0,2.66,171.0,6.4,2,0,0,0,0,0,2.4,2.5,5,Low
24,Female,25.2,8.2,7.8,5.3,4.12,0.0,8.6,2,0,0,0,0,0,5.4,4.1,1,Low
61,Female,23.1,6.8,6.7,7.5,1.04,432.0,4.1,1,1,0,0,0,1,5.7,7.5,1,High
63,Male,18.3,6.1,6.4,6.9,0.7,55.0,5.2,5,0,0,1,1,1,5.7,5.2,0,High
20,Male,24.8,10.8,6.2,5.9,3.74,21.0,0.8,2,0,0,1,0,1,7.0,7.2,5,Medium
40,Female,23.2,4.2,2.6,3.0,2.06,143.0,0.5,3,0,1,0,0,1,4.2,2.8,1,Low
60,Male,22.4,7.4,5.8,7.0,1.73,52.0,5.2,2,1,0,1,0,0,5.4,5.3,0,Medium
41,Female,15.0,4.8,7.5,0.9,2.25,190.0,0.0,0,0,0,0,1,0,6.2,2.0,3,High
61,Female,27.6,6.2,4.6,8.6,0.98,0.0,3.3,3,0,1,0,0,0,7.3,4.0,1,Medium
66,Male,19.0,6.7,7.4,6.6,2.4,275.0,6.1,3,0,0,0,1,0,4.8,5.8,4,High
41,Female,24.8,7.9,6.4,7.3,2.04,253.0,4.6,3,0,1,0,0,0,4.7,1.0,3,Medium
18,Female,20.9,6.1,7.0,0.0,2.96,137.0,4.6,6,0,0,1,0,0,5.6,4.2,1,High
33,Male,22.8,5.9,5.3,2.8,2.79,0.0,2.9,2,1,0,0,0,0,5.0,5.8,3,Low
26,Female,29.7,6.1,7.2,4.6,2.85,61.0,2.1,1,1,1,1,0,1,4.2,3.5,0,Medium
41,Female,26.9,4.8,2.0,7.9,2.25,157.0,7.7,4,0,1,0,0,1,3.3,6.5,3,Medium
47,Male,29.6,7.5,5.3,3.4,3.38,17.0,5.7,0,0,0,1,0,0,1.0,4.3,0,Low
40,Female,26.0,7.0,6.8,13.1,2.56,35.0,4.9,0,1,1,1,0,0,6.2,1.2,4,Medium
25,Male,26.3,7.2,5.9,5.3,1.67,265.0,3.1,1,1,0,0,0,1,6.0,5.3,6,High
31,Male,16.5,6.4,7.6,3.2,1.45,167.0,1.7,1,1,0,1,0,0,5.5,4.7,3,High
52,Female,23.1,6.2,4.9,5.5,1.54,164.0,5.4,2,0,0,1,1,0,5.9,4.2,2,Low
16,Female,23.5,8.4,4.0,3.3,2.57,208.0,2.3,0,0,1,1,0,0,4.4,4.4,1,Low
26,Female,30.0,8.1,1.6,2.7,1.03,132.0,3.2,2,1,1,1,0,0,9.5,6.3,0,High
64,Male,22.2,8.8,4.6,8.8,2.22,143.0,4.4,1,0,0,0,0,0,7.1,4.5,2,Low
20,Female,25.7,7.1,6.3,7.4,1.43,200.0,3.5,1,0,1,0,1,0,9.7,6.0,3,Medium
37,Male,25.5,8.7,6.9,7.4,1.1,239.0,6.4,4,0,0,0,1,0,3.2,8.1,3,High
26,Female,29.7,5.8,2.1,9.6,1.23,205.0,0.1,2,0,1,1,0,1,4.7,6.3,0,Medium
20,Male,23.9,6.2,7.8,7.4,2.08,311.0,3.1,4,0,0,0,1,1,4.7,4.6,5,High
38,Female,28.2,8.4,3.1,3.0,2.71,153.0,7.7,2,0,1,0,1,0,8.5,4.5,4,Low
43,Female,16.8,7.8,4.9,8.0,1.56,2.0,5.0,2,0,1,0,0,0,1.0,3.9,1,Low
24,Female,17.2,6.0,3.9,2.8,0.44,270.0,2.6,0,0,0,0,0,0,6.4,4.7,4,Low
19,Male,15.0,4.8,6.1,4.7,4.62,123.0,4.8,2,0,0,0,0,1,5.4,4.9,1,Low
22,Other,28.0,6.2,5.4,5.9,2.99,65.0,2.9,2,1,0,1,0,1,7.6,2.9,3,High
50,Female,27.5,5.4,6.7,5.6,2.85,228.0,6.2,2,1,0,0,0,0,3.6,3.4,3,Medium
62,Female,28.5,9.3,9.3,1.0,3.4,191.0,4.8,0,0,0,0,0,0,1.0,2.5,4,Low
24,Female,21.5,7.7,6.1,3.3,2.17,9.0,1.1,0,0,1,0,0,1,9.7,6.3,3,Low
32,Female,22.0,5.3,3.9,5.9,1.99,224.0,3.5,1,1,1,0,0,1,5.0,5.1,4,Medium
33,Male,24.0,4.8,6.2,4.3,3.18,356.0,3.9,4,0,0,0,0,0,7.4,4.5,0,Low
34,Male,31.0,5.3,9.5,9.2,3.18,186.0,4.0,1,0,0,0,1,0,4.2,3.0,2,High
28,Male,32.1,5.6,6.6,9.6,2.59,122.0,3.7,3,0,0,0,0,0,7.8,6.0,2,High
18,Female,28.1,6.2,7.3,2.9,2.81,0.0,4.2,0,0,1,1,0,0,6.9,3.0,1,Medium
43,Female,26.0,8.3,1.7,6.2,1.11,376.0,3.9,0,1,0,0,1,0,8.1,2.9,1,Medium
34,Male,30.5,5.0,6.1,10.4,1.89,93.0,1.4,3,0,0,0,1,0,4.2,6.3,3,High
33,Female,23.3,10.2,4.6,5.6,3.46,0.0,2.0,0,0,0,0,0,0,8.4,3.6,2,Low
29,Male,22.7,5.0,3.7,4.9,2.74,162.0,2.4,1,0,0,0,1,0,6.3,5.2,3,Low
66,Female,23.9,4.2,5.2,8.4,0.93,261.0,3.2,3,0,0,0,1,0,1.0,3.3,2,Medium
48,Female,20.1,9.2,5.4,5.2,1.68,286.0,2.4,0,1,1,0,0,0,8.4,4.0,4,High
38,Male,23.7,8.6,3.8,9.6,3.33,76.0,5.4,1,0,0,1,1,1,6.5,4.5,0,Low
26,Female,19.5,6.2,5.6,4.3,2.46,139.0,0.9,3,0,0,1,0,0,4.3,7.1,1,Low
59,Male,29.1,7.1,4.8,4.7,2.25,150.0,0.0,1,1,0,0,0,0,4.7,5.5,1,Medium
63,Female,26.9,7.2,6.7,8.2,2.27,257.0,7.3,2,0,1,1,0,1,2.5,5.8,2,Low
16,Female,30.9,6.7,5.7,6.3,2.03,215.0,1.2,0,0,1,0,0,0,5.4,5.8,1,Medium
66,Female,17.2,4.4,6.0,6.3,1.68,180.0,5.4,2,1,1,0,0,0,6.4,7.0,1,Medium
53,Female,33.1,2.5,7.4,0.7,1.43,251.0,4.3,2,0,0,1,0,1,5.3,8.5,2,High
20,Female,17.4,5.1,6.4,5.0,2.91,0.0,1.3,0,0,0,0,0,0,5.6,5.9,4,Low
56,Female,19.1,9.4,5.2,8.4,2.29,196.0,2.7,3,0,0,0,0,0,3.6,2.4,1,Low
20,Male,21.7,9.5,1.0,3.8,2.67,174.0,2.4,3,0,0,0,0,1,2.7,5.3,2,Low
17,Male,30.4,6.1,6.3,8.0,2.54,144.0,3.8,6,1,0,1,0,0,5.1,7.7,1,High
21,Female,25.5,5.0,3.2,6.8,3.23,123.0,1.3,2,0,0,0,0,0,5.7,1.5,0,Low
40,Female,23.4,6.9,5.0,5.4,2.46,165.0,2.6,2,0,1,0,0,1,4.0,8.6,2,Low
49,Female,20.9,7.2,6.0,9.8,2.76,87.0,2.9,1,1,1,0,0,0,6.2,6.3,2,Medium
37,Male,18.3,7.5,8.1,5.0,2.23,450.0,5.4,4,1,0,1,0,1,7.2,5.4,0,Medium
21,Male,29.6,2.5,9.3,5.2,1.34,299.0,2.1,1,0,0,1,0,0,7.4,3.9,3,High
25,Female,28.1,11.0,3.2,5.4,1.92,270.0,0.9,3,0,0,1,0,1,3.8,3.3,3,Medium
61,Female,30.6,8.3,2.3,6.2,2.57,92.0,1.8,4,1,1,0,0,0,1.0,7.0,3,High
67,Female,26.3,6.2,5.9,8.1,2.64,45.0,3.8,2,1,1,0,1,1,6.1,1.5,2,High
56,Female,15.0,5.4,5.7,1.9,3.26,127.0,0.0,3,0,1,0,0,0,4.3,9.9,4,Medium
20,Female,18.9,8.1,2.6,8.4,1.73,163.0,5.6,0,0,1,0,0,1,5.1,6.8,1,Low
60,Other,26.6,7.3,5.2,6.2,2.28,0.0,3.0,1,0,0,1,1,0,3.8,5.9,5,Medium
53,Female,22.8,6.6,6.5,7.6,2.0,203.0,4.0,2,1,0,1,0,0,9.1,5.5,1,Low
43,Female,22.0,7.2,2.5,12.7,3.4,269.0,3.5,2,1,0,0,0,0,4.0,3.0,1,Low
22,Female,19.5,6.3,3.0,4.6,2.4,0.0,1.5,5,0,1,1,1,1,9.7,5.1,2,High
69,Male,28.8,7.1,3.8,2.6,2.42,51.0,0.6,2,1,0,1,0,0,7.0,1.1,1,High
39,Female,26.6,7.7,4.7,6.5,2.07,285.0,1.5,0,1,0,1,0,0,7.6,2.1,1,Medium
17,Female,26.8,7.0,6.7,7.0,1.92,191.0,0.0,3,1,1,1,0,0,4.7,1.0,0,High
26,Female,21.6,7.0,4.5,8.4,0.94,55.0,3.8,1,1,0,0,0,0,2.9,4.8,5,Medium
37,Male,25.3,8.7,5.3,4.5,1.09,231.0,2.6,2,0,0,0,0,0,6.8,3.5,2,Medium
18,Female,18.5,3.9,10.0,3.7,2.24,85.0,0.0,4,0,0,1,1,0,5.9,4.1,6,High
32,Male,23.9,5.2,3.1,1.7,2.14,124.0,1.6,4,0,0,0,0,0,3.7,5.1,2,Medium
40,Female,15.0,6.5,3.8,2.2,2.25,25.0,4.4,7,1,0,0,0,1,6.8,7.6,1,High
67,Female,17.4,5.3,6.7,4.8,2.85,152.0,5.8,2,1,0,1,0,0,6.5,1.0,0,Low
19,Male,23.0,5.9,7.4,5.7,2.17,262.0,0.2,1,0,0,0,1,0,1.0,8.0,1,Low
46,Male,35.2,8.6,6.1,11.8,1.82,97.0,7.8,2,0,0,0,1,0,6.6,4.9,3,High
65,Female,16.4,6.3,9.2,1.3,1.93,221.0,0.9,1,0,0,0,0,0,7.4,3.5,1,High
59,Male,18.9,3.6,5.9,6.9,2.3,145.0,0.0,1,0,0,1,0,0,1.2,5.2,1,Low
65,Female,25.5,5.8,1.0,4.0,1.8,269.0,6.9,2,1,0,1,0,1,9.9,5.6,0,High
24,Female,32.5,6.6,5.4,6.6,2.95,99.0,0.7,3,0,0,1,0,0,8.5,7.4,2,Medium
59,Male,25.4,6.6,3.9,4.5,2.09,321.0,6.4,2,1,0,1,0,0,1.0,4.2,3,Medium
68,Male,27.7,7.4,8.2,8.9,2.3,225.0,1.5,2,0,0,1,0,1,4.1,1.5,3,Medium
32,Female,23.0,7.3,7.3,8.9,1.45,177.0,2.4,2,0,1,1,0,0,2.8,1.3,3,High
42,Male,22.2,6.3,1.7,5.7,2.95,181.0,0.1,0,0,0,0,0,0,2.0,6.3,3,Low
44,Female,24.9,4.6,8.2,10.0,3.25,99.0,5.8,4,0,0,1,0,0,5.8,5.8,3,High
42,Female,21.5,5.8,7.3,8.1,1.01,92.0,5.5,0,0,0,1,0,0,5.4,8.9,3,Medium
30,Male,27.8,5.5,4.5,9.9,2.42,179.0,1.5,0,1,0,0,0,1,2.7,1.2,1,Low
68,Female,17.3,6.0,5.0,5.9,2.01,18.0,2.8,1,0,1,1,1,0,3.0,5.7,3,High
67,Male,28.5,7.6,8.3,8.7,2.33,84.0,4.5,2,0,0,0,0,1,5.0,6.7,1,Medium
35,Male,24.7,7.1,1.0,3.8,2.46,47.0,2.0,0,0,0,1,0,0,6.0,5.3,1,Low
59,Male,23.5,7.8,6.2,3.6,0.31,213.0,6.0,2,1,0,0,0,0,2.9,4.2,0,Medium
36,Female,17.1,5.9,7.6,12.1,2.71,215.0,2.8,2,0,0,1,0,0,5.2,3.9,2,Medium
58,Other,20.1,8.9,5.0,3.0,2.99,289.0,1.9,2,0,0,1,1,0,6.4,3.9,1,Low
47,Male,29.9,7.6,6.6,4.8,3.08,113.0,0.0,0,0,0,1,0,1,7.3,5.2,1,Medium
40,Male,23.6,6.7,5.4,0.7,1.34,61.0,0.2,3,0,0,0,0,0,5.7,7.5,2,Medium
22,Female,25.8,7.5,3.5,3.6,2.08,0.0,4.3,1,0,0,0,0,1,5.4,1.6,1,Low
51,Female,20.5,5.4,3.4,3.2,1.67,180.0,3.5,3,0,1,0,1,0,4.4,3.7,0,Medium
32,Female,24.4,3.1,6.8,4.1,0.57,304.0,4.8,1,0,0,1,1,0,4.0,8.2,3,High
26,Female,18.3,5.5,3.8,6.8,1.6,142.0,1.8,1,0,0,0,0,0,5.4,1.5,2,Medium
25,Female,24.9,7.7,1.8,7.5,1.23,153.0,0.0,3,1,0,0,0,1,5.2,5.7,2,Low
69,Male,26.2,6.6,5.5,3.2,2.37,149.0,1.9,6,0,0,0,0,0,6.0,1.0,1,Low
20,Male,25.9,6.3,4.1,3.8,0.79,178.0,7.5,3,0,0,1,0,0,3.1,3.4,4,Medium
58,Female,20.4,5.1,2.6,9.0,1.32,260.0,0.9,2,0,1,1,1,0,6.6,2.4,1,High
62,Female,23.0,3.4,5.4,10.8,1.68,361.0,2.9,1,1,1,1,0,0,1.2,7.3,6,High
16,Male,26.9,8.8,6.9,9.5,2.72,205.0,0.0,1,0,0,0,0,0,6.7,1.8,4,Medium
47,Female,23.5,6.2,5.2,1.4,4.32,212.0,1.9,2,0,1,1,0,0,4.5,1.9,0,Low
46,Male,23.2,5.8,2.9,9.3,2.34,124.0,2.1,4,0,0,1,0,0,2.2,2.5,1,Low
34,Female,33.1,5.4,6.3,11.2,1.27,138.0,3.7,1,0,1,1,1,1,2.2,3.3,0,Medium
51,Female,20.2,8.5,7.5,1.3,1.56,137.0,2.3,3,0,0,0,0,1,6.4,3.6,0,Low
37,Female,29.4,7.9,10.0,9.0,2.63,110.0,0.0,3,0,0,0,0,0,5.3,3.2,2,High
39,Male,19.3,5.0,8.4,6.6,1.02,164.0,1.5,1,0,0,1,0,1,5.5,5.3,2,Medium
38,Female,27.4,8.4,3.0,5.1,2.98,219.0,2.6,2,0,0,0,0,1,4.5,2.0,1,Low
59,Male,27.7,6.3,7.1,6.3,2.32,157.0,0.8,3,1,0,0,0,1,4.0,5.7,2,Medium
49,Female,22.2,5.5,5.8,7.2,2.0,119.0,1.1,3,0,1,0,1,0,5.3,2.8,2,High
35,Female,19.0,6.0,2.7,9.2,0.75,164.0,5.2,2,1,1,1,0,1,4.9,1.0,1,High
65,Male,15.6,5.2,5.8,9.1,2.84,44.0,1.6,1,0,0,0,0,0,3.1,4.2,1,Low
59,Female,21.7,4.4,9.4,1.8,1.49,238.0,4.0,1,0,0,0,0,0,1.0,5.7,2,Medium
66,Female,26.9,7.7,7.8,4.2,2.22,105.0,2.6,1,0,1,0,1,0,3.2,2.3,2,Low
55,Female,19.7,6.1,3.0,6.3,1.97,23.0,0.3,3,0,0,0,0,0,5.4,4.8,1,Low
36,Male,24.9,7.5,5.2,10.4,0.83,201.0,2.3,2,0,0,0,0,0,7.1,3.4,4,Medium
57,Female,17.9,7.0,6.3,0.0,1.92,206.0,3.6,1,0,1,0,0,1,1.0,3.2,2,Medium
33,Female,23.4,7.4,1.4,4.3,1.13,55.0,6.8,0,1,1,0,1,0,3.7,6.0,1,Low
29,Other,19.3,3.2,1.5,1.7,1.58,219.0,1.3,2,0,0,0,0,1,5.5,6.1,4,Medium
39,Male,24.1,5.1,5.5,2.2,2.45,220.0,2.8,0,0,0,1,1,1,5.3,1.8,1,Medium
68,Male,22.2,7.4,5.6,8.8,2.66,367.0,5.0,2,0,0,1,0,0,5.1,2.2,3,Low
46,Male,19.1,4.5,1.2,4.5,2.09,124.0,5.8,4,1,0,0,0,0,3.7,6.3,0,Medium
36,Male,21.5,7.1,6.1,0.0,1.39,144.0,1.6,2,1,0,0,0,0,3.0,2.0,3,Medium
40,Female,20.3,4.3,7.6,5.6,1.58,83.0,2.7,5,0,0,0,0,0,6.1,2.4,3,High
31,Female,18.6,6.5,4.7,11.7,1.57,204.0,5.4,1,1,0,0,0,0,5.6,3.9,0,Low
51,Male,29.4,9.1,5.3,0.9,0.39,149.0,4.1,4,0,0,0,0,0,4.8,3.1,2,Medium
34,Male,22.9,7.7,6.5,7.5,2.16,259.0,5.3,1,1,0,0,0,0,10.0,3.3,2,Medium
45,Male,15.0,3.5,6.2,10.4,0.77,102.0,5.6,1,1,0,0,1,0,8.0,3.9,0,High
35,Male,21.7,7.9,1.5,5.9,2.16,202.0,4.2,0,1,0,0,1,0,6.2,4.0,4,Medium
32,Female,28.6,9.4,3.2,11.4,0.93,124.0,3.3,2,0,1,0,0,1,7.3,5.1,1,Medium
68,Female,21.1,11.0,4.3,4.2,1.13,0.0,1.5,3,1,0,1,1,1,6.6,4.8,2,High
34,Male,31.2,7.3,3.3,10.0,2.63,219.0,2.5,1,1,0,1,1,0,4.3,8.7,0,High
18,Female,20.6,4.3,8.4,9.4,2.12,0.0,2.6,2,0,0,0,0,0,2.2,6.1,2,High
35,Male,26.8,7.2,6.6,5.9,0.59,132.0,5.6,1,1,0,0,0,0,7.4,4.4,3,Medium
44,Male,29.2,9.1,2.8,1.8,1.65,134.0,3.4,0,1,0,1,1,0,5.0,8.5,2,Medium
20,Female,26.5,6.2,4.7,3.2,2.31,149.0,3.4,4,0,1,1,0,0,7.2,2.5,5,Medium
31,Male,18.3,8.2,7.7,0.0,1.6,155.0,0.8,1,1,0,0,0,0,7.0,9.2,0,High
24,Male,20.3,5.2,3.8,7.7,1.83,154.0,5.6,2,0,0,1,0,1,1.2,10.0,1,Low
42,Male,29.8,7.1,7.1,7.3,2.3,190.0,1.3,4,1,0,1,0,0,6.6,6.7,2,High
54,Female,20.9,2.5,8.2,6.2,2.14,138.0,2.4,3,0,0,0,0,0,9.3,4.2,4,High
68,Male,28.9,5.0,7.9,5.7,1.31,438.0,5.9,2,1,0,1,0,1,4.6,6.9,2,High
36,Female,22.6,6.5,5.6,9.8,2.12,112.0,5.0,1,0,1,0,0,0,5.9,7.5,3,Low
62,Female,25.1,5.9,8.0,6.8,1.87,16.0,1.1,2,0,1,0,0,0,7.6,2.3,3,Medium
26,Female,18.3,4.4,4.1,4.4,3.48,0.0,0.6,2,0,0,1,0,0,1.3,6.5,0,Low
57,Male,21.8,5.7,10.0,6.4,2.02,222.0,2.6,0,1,0,0,0,0,1.0,4.0,1,Low
45,Male,20.6,7.0,5.7,11.7,2.21,0.0,1.7,3,0,0,0,0,0,4.6,2.6,3,Low
56,Female,25.5,6.4,7.7,7.7,2.31,17.0,0.0,2,0,0,1,0,0,1.1,5.4,3,High
56,Male,24.9,6.6,4.4,4.9,1.84,1.0,1.3,2,0,0,1,0,0,8.4,4.8,1,Medium
44,Female,26.6,7.7,6.3,5.9,1.52,200.0,0.0,0,1,1,1,0,0,7.2,1.4,4,Medium
29,Male,22.3,6.0,6.4,7.3,2.47,296.0,5.0,1,1,0,0,0,0,8.3,8.0,1,Medium
43,Female,20.3,8.7,3.2,4.8,2.47,46.0,4.9,2,0,0,1,1,0,4.9,5.1,0,Low
60,Male,25.3,4.9,3.1,4.6,3.77,196.0,6.1,5,1,0,1,0,0,7.8,6.6,2,Low
68,Female,19.9,9.6,4.8,6.0,2.69,0.0,3.8,3,1,0,0,0,1,5.2,6.8,0,Low
66,Male,29.4,8.3,7.6,10.3,2.71,68.0,2.0,1,0,0,1,0,1,6.0,2.9,0,Low
24,Female,24.0,5.9,1.2,8.2,2.67,216.0,5.3,1,0,0,0,0,1,10.0,9.8,2,Low
47,Male,23.0,6.0,4.4,4.9,1.55,116.0,1.5,3,0,0,0,0,0,1.9,9.7,1,Low
20,Male,26.6,6.8,8.1,8.4,1.09,259.0,0.1,1,0,0,0,1,0,9.3,2.3,2,Medium
51,Female,24.2,7.5,2.5,6.0,1.3,0.0,2.7,0,0,0,1,1,0,1.0,4.7,3,Low
69,Female,17.0,8.3,8.0,7.0,2.65,69.0,3.9,4,0,0,1,0,0,5.0,5.1,1,Low
17,Male,19.7,4.4,2.7,6.7,3.24,200.0,1.2,3,1,0,0,1,0,6.4,3.1,1,Medium
51,Male,29.3,7.2,3.2,0.1,2.69,198.0,0.7,5,0,0,1,0,0,3.8,3.7,1,Low
67,Female,24.9,3.1,4.9,0.0,1.97,207.0,2.1,3,0,0,1,0,0,5.7,10.0,6,High
61,Female,16.9,6.2,9.3,6.6,3.44,173.0,3.9,1,0,1,1,0,0,5.9,3.5,2,High
36,Female,26.1,8.8,3.8,3.6,1.75,24.0,2.7,1,0,0,1,0,0,6.6,9.3,1,Low
20,Male,22.0,4.2,1.4,1.4,1.18,64.0,8.8,2,0,0,1,0,1,4.5,7.6,3,Low
65,Male,20.6,3.9,2.1,3.7,2.3,405.0,2.7,3,0,0,0,1,0,3.3,5.8,1,Medium
65,Female,19.3,6.9,7.3,8.6,3.13,11.0,4.7,2,0,1,1,0,0,5.5,7.9,1,High
46,Male,29.0,8.7,2.2,7.0,1.42,0.0,0.0,4,0,0,1,1,1,4.2,6.9,1,Low
68,Male,15.7,7.0,7.8,8.2,0.74,225.0,4.3,1,1,0,1,0,0,5.1,6.1,2,High
15,Male,20.7,3.5,5.4,7.3,2.13,33.0,2.0,3,1,0,0,0,0,4.2,7.2,1,Medium
48,Female,25.0,3.8,5.1,3.4,2.72,347.0,3.0,2,0,1,0,0,0,5.5,3.5,4,High
17,Female,31.6,6.7,5.9,8.2,0.3,451.0,6.7,2,0,0,0,1,0,3.5,4.2,2,Medium
66,Female,27.0,4.6,3.4,7.6,2.88,123.0,2.2,1,0,0,0,0,0,3.8,1.4,3,Low
52,Female,20.7,6.7,5.5,5.7,1.01,184.0,0.1,0,0,0,0,0,1,2.2,6.5,3,Medium
65,Female,31.4,6.8,2.6,6.2,2.68,0.0,0.5,1,0,1,1,1,0,5.4,3.2,1,Low
45,Female,18.4,5.7,8.2,8.2,0.5,263.0,3.4,1,0,0,0,0,0,2.8,1.1,1,Low
19,Female,25.7,9.4,2.9,3.9,0.92,0.0,3.3,0,1,1,0,0,0,5.8,6.1,4,High
16,Male,26.7,7.4,6.2,9.0,2.59,3.0,3.2,4,0,0,0,0,0,7.5,4.1,1,Low
33,Female,20.5,8.4,2.9,7.6,3.07,163.0,0.2,2,1,0,0,0,0,8.9,8.7,1,Medium
55,Male,27.6,8.0,4.0,6.0,2.09,210.0,7.5,0,0,0,0,0,0,4.7,6.8,0,Low
23,Female,22.2,6.3,4.4,10.3,4.02,0.0,6.2,2,1,0,1,1,1,10.0,8.0,3,Medium
61,Male,27.6,6.2,10.0,2.4,1.28,90.0,3.3,1,0,0,1,0,0,6.5,4.5,1,Medium
28,Female,16.2,6.0,5.2,4.7,1.27,0.0,0.0,3,0,0,1,1,0,5.3,5.5,4,High
42,Male,26.0,7.6,3.4,4.1,1.86,115.0,6.5,4,0,0,0,0,0,9.9,7.0,0,Low
26,Male,22.6,5.5,4.2,7.0,1.82,62.0,5.5,0,1,0,1,0,0,2.8,1.0,2,Low
40,Female,29.7,9.3,1.9,9.3,2.33,80.0,3.2,3,1,0,0,0,1,5.0,1.0,6,Medium
39,Male,24.3,5.3,4.8,3.2,1.51,222.0,5.6,4,0,0,0,0,0,4.3,4.5,4,Low
15,Female,30.1,6.8,9.3,15.3,2.55,181.0,1.9,4,1,0,0,0,0,1.8,1.0,3,Medium
46,Male,26.8,6.1,5.9,4.1,2.53,212.0,0.9,1,0,0,0,0,0,7.5,2.8,5,Medium
58,Female,23.9,5.8,7.2,7.0,3.39,136.0,3.3,1,0,0,0,0,0,5.7,6.1,3,Low
66,Female,28.0,10.0,3.2,6.0,1.71,229.0,0.0,2,0,0,1,0,0,6.7,5.6,4,Medium
33,Female,28.1,5.8,4.8,6.1,2.37,146.0,0.6,2,0,0,1,0,0,6.6,6.4,2,Low
63,Male,26.6,6.0,5.6,3.8,2.58,96.0,4.2,2,0,0,0,0,0,1.0,2.1,1,Low
63,Female,15.0,5.4,3.6,9.0,2.09,213.0,3.5,2,1,1,0,0,0,8.0,6.9,6,High
69,Male,20.1,6.6,6.1,3.6,1.93,103.0,0.0,3,1,0,1,0,0,3.1,2.8,3,High
35,Female,30.7,6.3,6.6,1.0,0.45,114.0,2.1,2,1,0,1,0,0,7.4,6.1,2,Medium
61,Female,18.8,4.7,6.4,2.9,2.17,268.0,0.1,3,0,0,0,0,0,1.9,6.4,0,Medium
46,Female,28.5,5.8,4.9,10.0,2.58,257.0,1.9,3,0,1,1,0,1,5.9,9.8,1,High
18,Male,27.7,7.5,7.6,9.5,2.05,117.0,1.7,1,0,0,1,0,0,3.4,8.9,1,Medium
29,Male,21.2,8.1,4.6,0.4,1.47,246.0,5.2,1,0,0,0,1,1,5.6,6.4,6,Medium
51,Female,15.5,6.5,4.4,8.3,0.76,9.0,2.7,1,0,1,0,1,0,4.6,3.9,1,Medium
23,Male,21.9,6.6,8.4,0.5,2.46,118.0,2.5,3,0,0,0,0,0,5.7,5.1,2,Medium
38,Female,33.9,5.9,2.8,5.9,2.13,67.0,2.1,5,0,1,1,0,1,4.4,5.6,1,Medium
57,Female,20.6,5.7,1.5,2.6,3.21,150.0,0.0,0,0,1,0,0,0,3.8,3.3,3,Low
23,Female,20.9,5.0,3.3,8.5,0.94,231.0,2.8,2,1,0,1,0,1,8.1,6.3,3,High
42,Female,20.0,4.0,6.1,7.6,1.72,211.0,4.1,1,0,0,0,1,0,8.1,6.6,2,Medium
26,Female,30.0,5.4,8.0,8.7,1.04,196.0,3.5,1,0,1,0,0,0,9.8,6.6,0,High
44,Male,23.4,7.9,3.7,5.2,2.92,165.0,4.5,5,0,0,0,0,1,5.1,2.1,2,Low
28,Female,21.7,5.8,9.2,5.5,3.09,132.0,4.6,1,0,0,0,0,1,4.8,4.6,2,Medium
68,Male,30.9,5.9,5.3,1.8,3.64,282.0,7.8,2,1,0,0,0,1,5.3,7.0,1,High
19,Male,27.1,5.9,4.9,3.1,2.52,0.0,0.5,2,0,0,1,0,0,3.4,6.5,3,Low
67,Male,20.4,8.5,3.3,8.7,2.73,77.0,3.5,1,0,0,1,0,0,2.0,4.3,1,Low
58,Male,19.0,5.0,9.5,7.0,2.45,195.0,3.8,2,0,0,0,0,0,3.8,4.6,2,High
62,Male,29.7,6.9,4.9,6.3,2.56,318.0,2.3,3,0,0,0,0,1,3.3,3.7,1,Low
61,Female,24.6,6.4,2.3,9.5,2.14,112.0,1.6,3,0,0,1,0,0,6.5,6.1,3,Low
25,Female,17.5,6.6,10.0,2.4,2.6,121.0,4.1,1,1,1,1,0,0,7.1,1.0,4,High
66,Female,16.5,6.9,6.1,8.0,3.81,8.0,3.9,1,1,1,0,0,0,1.0,2.4,3,Low
47,Male,19.5,6.6,7.0,2.7,2.27,90.0,0.7,1,0,0,0,1,0,3.1,3.3,1,Low
67,Female,18.9,7.8,8.9,10.1,2.12,228.0,0.0,0,0,1,1,0,1,6.1,6.0,3,High
63,Male,15.3,6.5,6.6,7.5,2.26,324.0,1.9,0,0,0,0,0,1,5.5,8.1,3,Low
46,Male,19.6,9.3,7.3,8.7,1.98,118.0,1.5,1,0,0,1,0,0,4.6,5.5,1,High
35,Female,20.4,6.6,5.3,4.0,2.3,62.0,4.3,2,0,0,0,0,0,4.5,1.8,2,Low
21,Male,22.4,3.8,6.8,12.1,1.95,158.0,1.0,1,0,0,1,0,0,6.0,4.1,1,High
20,Female,32.1,7.5,5.1,11.6,3.02,0.0,2.6,1,0,0,0,0,0,6.1,2.4,3,Low
36,Female,23.3,7.1,5.2,7.2,2.94,286.0,0.0,2,0,1,1,0,0,1.9,4.0,3,Low
59,Male,23.7,6.6,5.5,9.3,3.83,15.0,0.0,3,0,0,0,0,0,1.0,2.4,0,Low
42,Female,26.8,6.1,4.3,5.2,2.08,185.0,1.3,2,1,1,1,0,0,4.9,3.7,2,High
41,Female,23.4,3.1,6.3,2.4,2.33,183.0,2.4,1,1,0,0,0,0,6.9,2.6,4,High
28,Female,26.3,3.4,6.3,8.2,2.3,219.0,1.2,1,0,0,1,0,0,4.0,9.5,0,High
46,Female,25.8,9.1,7.0,3.4,2.26,178.0,3.3,0,0,1,0,0,0,10.0,5.6,1,Low
50,Male,25.1,5.6,6.6,9.7,3.0,150.0,0.0,1,0,0,0,0,0,7.2,2.5,1,High
69,Male,36.9,8.0,9.6,8.9,0.8,197.0,2.5,3,0,0,0,0,0,3.9,4.5,1,High
55,Female,28.6,3.9,7.5,6.7,2.47,242.0,2.6,0,0,1,1,1,1,1.0,8.8,0,High
48,Female,19.6,4.8,4.7,6.5,3.7,348.0,0.0,3,0,0,1,0,0,6.9,6.7,2,Medium
65,Female,26.2,7.6,6.2,8.8,3.19,29.0,3.5,3,0,0,0,0,1,3.0,4.2,0,Low
38,Male,20.9,6.3,8.3,6.8,3.1,0.0,0.0,0,0,0,1,0,1,3.7,3.3,0,Low
66,Male,26.5,7.4,3.1,4.9,2.77,0.0,1.5,1,0,0,1,0,0,3.2,5.4,2,Low
35,Female,18.3,6.5,9.6,1.8,1.62,0.0,4.7,1,0,1,0,0,1,1.9,3.4,1,Low
22,Female,19.5,6.2,3.5,8.7,1.5,18.0,0.0,6,0,1,1,1,0,3.8,7.4,0,Medium
37,Male,26.0,5.4,7.2,7.0,1.51,4.0,4.5,3,1,0,0,0,0,3.7,10.0,4,High
22,Male,29.0,4.6,5.2,13.7,1.19,104.0,0.4,2,0,0,0,0,0,3.0,5.1,3,Medium
21,Female,26.8,8.7,5.1,5.7,2.86,244.0,1.7,3,1,0,0,0,1,3.5,4.9,4,Medium
63,Male,28.3,9.0,2.3,6.8,3.27,219.0,6.1,3,0,0,1,1,0,9.5,1.8,2,Low
58,Female,26.2,4.8,7.2,6.9,2.45,82.0,1.6,1,1,1,0,1,1,6.8,8.4,4,High
27,Female,25.3,4.7,2.4,7.8,2.74,91.0,6.6,1,0,0,1,0,1,4.7,6.0,4,Medium
61,Male,22.2,5.9,2.0,3.3,2.33,371.0,2.3,1,1,0,0,0,0,1.0,1.0,2,Low
18,Female,28.2,7.0,7.8,5.8,2.56,215.0,2.8,1,1,0,1,0,1,6.4,5.5,2,Medium
30,Female,29.1,6.2,9.1,8.3,0.41,169.0,4.9,2,0,1,0,0,0,9.6,4.6,0,High
53,Male,24.2,7.3,3.7,5.1,2.35,163.0,4.2,2,0,0,0,1,1,9.3,5.0,3,Medium
31,Male,24.0,6.4,7.4,8.2,1.76,118.0,3.3,1,0,0,0,1,0,4.7,3.7,1,Low
55,Female,31.7,6.3,7.0,6.3,2.07,370.0,2.0,1,0,1,0,0,0,5.9,4.9,3,High
63,Male,24.4,10.4,5.0,7.1,2.28,129.0,0.0,3,0,0,0,0,0,2.2,2.1,3,Low
18,Male,24.8,5.7,8.1,9.2,1.53,166.0,0.0,0,1,0,0,0,1,5.7,4.9,1,Low
16,Male,26.7,9.1,4.8,5.4,1.24,0.0,5.9,1,1,0,0,0,0,6.7,6.6,1,Medium
66,Other,24.1,8.8,6.3,1.9,1.5,80.0,6.7,3,1,0,0,1,0,6.3,4.2,1,Medium
43,Male,20.8,7.3,2.4,5.3,0.94,89.0,3.3,4,1,0,0,0,0,7.9,3.0,3,Medium
42,Female,26.2,3.4,2.5,3.7,1.18,203.0,0.0,1,1,1,0,0,1,6.6,8.1,3,High
40,Female,24.3,6.5,7.8,0.0,1.29,65.0,1.3,1,1,0,0,0,0,1.0,7.4,1,Low
38,Male,32.8,5.7,6.4,5.7,0.95,155.0,1.2,1,1,0,1,0,1,4.0,2.2,2,High
52,Other,28.0,6.5,4.9,6.6,2.52,83.0,1.8,0,0,0,0,0,1,7.5,3.7,1,Medium
46,Female,21.8,4.8,9.4,8.9,1.38,29.0,1.1,5,0,1,0,0,0,1.0,4.8,1,Medium
23,Female,27.8,7.7,9.4,2.8,0.61,24.0,4.1,3,0,0,0,0,0,5.2,5.4,2,Medium
49,Male,25.9,8.1,6.2,6.2,1.78,131.0,3.5,2,1,0,0,0,1,3.9,6.2,2,Low
51,Female,30.4,8.4,2.0,9.2,1.21,161.0,6.5,4,0,0,0,1,0,1.9,4.0,0,Medium
21,Female,22.1,5.9,5.0,4.4,3.27,129.0,2.1,4,0,0,0,0,1,7.4,2.4,3,Medium
35,Male,25.3,4.8,3.4,7.5,2.21,58.0,3.4,4,1,0,0,0,0,3.0,5.3,3,Low
58,Male,24.1,7.1,5.4,10.5,0.92,135.0,4.6,1,0,0,1,0,0,10.0,2.9,1,Medium
49,Male,24.8,9.3,3.1,0.8,2.55,115.0,5.2,4,0,0,0,0,0,4.5,6.1,1,Low
22,Male,20.5,6.6,2.6,6.8,2.17,35.0,0.3,3,1,0,0,0,0,7.7,6.0,1,Medium
17,Female,27.1,7.2,1.0,9.3,1.91,159.0,3.9,1,0,0,0,0,0,9.2,9.0,3,Medium
46,Male,26.4,6.1,5.6,5.0,3.36,349.0,3.3,1,0,0,1,0,1,5.8,7.9,4,High
40,Female,30.3,5.7,1.0,9.9,1.32,134.0,3.7,4,1,1,1,1,0,5.2,6.3,3,High
67,Female,24.5,7.6,4.5,7.8,2.93,0.0,3.1,2,0,0,0,0,0,6.9,3.8,4,Low
43,Male,22.6,6.3,6.7,11.0,1.77,312.0,6.8,0,0,0,0,0,0,9.1,2.7,6,High
66,Male,28.1,7.1,3.6,7.6,2.09,288.0,1.0,1,0,0,1,0,1,5.8,7.3,0,Medium
26,Male,20.9,7.3,2.8,11.2,1.5,308.0,0.9,1,0,0,1,0,1,3.2,5.7,0,Low
39,Female,29.4,7.1,5.1,6.8,1.55,145.0,1.2,0,0,1,1,0,0,1.4,2.8,2,Medium
22,Male,29.4,7.4,3.4,2.2,1.75,64.0,2.4,2,1,0,0,0,0,5.9,5.1,2,Low
46,Male,30.2,5.1,5.6,4.2,0.58,52.0,3.6,4,1,0,1,0,0,2.5,4.3,2,High
25,Male,26.2,5.0,2.9,8.9,2.38,276.0,2.0,3,1,0,1,0,0,7.3,3.9,3,Medium
42,Male,22.3,6.4,5.0,8.8,2.19,327.0,5.2,2,0,0,1,0,0,8.2,5.0,4,High
33,Female,25.0,6.5,4.4,5.1,0.9,49.0,3.0,3,1,0,0,0,0,6.5,3.2,3,High
25,Male,26.2,5.7,5.2,11.1,2.63,0.0,2.8,1,1,0,0,0,0,4.9,1.8,3,Low
20,Male,22.0,6.9,8.8,5.0,3.27,148.0,0.1,1,1,0,0,0,0,6.5,9.2,1,High
43,Male,30.5,8.0,5.6,7.3,1.57,51.0,7.0,0,1,0,0,0,0,5.1,4.2,2,Medium
67,Male,27.1,8.4,6.3,7.2,1.47,72.0,2.9,7,0,0,0,0,0,4.3,6.1,3,Low
25,Male,20.5,8.8,3.8,2.3,2.99,124.0,6.6,1,0,0,1,0,1,3.9,1.0,4,Low
37,Female,33.0,4.4,5.7,5.7,2.42,195.0,1.6,1,0,0,1,0,0,5.3,1.4,1,Medium
27,Female,24.9,4.6,4.6,12.7,1.99,64.0,4.8,2,1,0,0,1,0,5.0,2.5,1,High
59,Male,19.6,6.0,5.3,3.4,2.75,165.0,1.8,2,1,0,1,0,0,8.1,2.4,3,Medium
37,Male,20.8,6.6,6.6,7.8,2.32,136.0,7.0,0,0,0,1,0,0,6.4,2.2,4,High
68,Male,31.2,6.1,4.1,2.8,3.24,0.0,5.5,3,0,0,0,0,1,1.7,2.4,0,Low
28,Female,32.7,5.6,4.3,3.4,2.09,210.0,4.9,5,0,0,1,0,1,6.3,6.5,0,Medium
19,Female,29.0,6.0,4.1,2.0,2.44,100.0,1.4,4,1,1,1,0,0,5.2,2.9,2,Low
47,Male,30.4,7.3,4.1,8.6,2.98,11.0,7.2,2,0,0,0,0,0,5.7,1.0,4,Low
50,Male,30.0,4.4,5.6,3.6,0.3,70.0,7.5,1,1,0,0,0,1,4.4,4.9,2,Medium
69,Female,27.0,10.2,4.4,9.5,3.01,172.0,2.2,3,1,0,0,0,0,5.1,3.5,1,Low
62,Male,26.0,6.5,8.5,4.5,1.7,155.0,3.4,2,0,0,1,0,0,9.1,8.3,3,High
63,Female,26.9,8.2,10.0,6.4,2.5,221.0,5.0,1,0,0,1,0,0,4.1,4.4,0,Low
49,Female,27.8,5.6,4.0,7.2,3.43,198.0,0.0,4,0,1,1,0,1,3.4,7.6,1,Medium
34,Female,21.2,7.4,5.8,1.5,1.86,21.0,5.5,1,0,1,1,1,1,3.3,4.0,3,Low
38,Female,27.8,6.7,7.5,6.6,1.74,0.0,5.3,3,0,0,1,1,0,2.3,3.2,2,Medium
22,Female,31.1,7.9,4.6,7.0,2.06,163.0,1.8,3,0,0,0,0,0,6.5,6.0,0,Medium
38,Male,23.6,6.2,3.0,9.2,0.94,219.0,0.0,4,0,0,0,1,1,7.9,1.6,3,High
35,Male,23.1,9.0,9.0,3.3,3.86,128.0,3.7,1,0,0,0,0,1,3.5,7.3,1,Low
16,Male,26.6,4.1,6.7,3.7,2.07,223.0,0.5,0,0,0,0,0,0,6.3,3.7,3,Medium
26,Female,21.6,8.0,5.9,7.8,3.42,40.0,0.0,2,1,1,0,0,0,7.6,1.0,1,High
44,Female,18.6,6.7,8.4,10.0,1.83,112.0,3.8,1,0,0,0,0,0,5.6,5.8,3,Medium
35,Female,29.7,4.9,6.9,4.3,2.13,49.0,5.9,2,0,1,1,0,0,5.1,4.1,2,High
69,Male,22.5,9.6,5.1,2.5,2.86,227.0,2.5,2,1,0,1,0,0,3.4,1.7,4,Low
41,Female,24.6,9.5,3.1,5.1,1.22,50.0,5.6,3,0,1,1,0,0,6.6,5.6,4,Medium
67,Male,21.8,3.2,4.1,3.2,2.02,377.0,4.5,0,0,0,1,0,0,4.4,3.4,1,Low
51,Male,30.2,6.8,7.9,7.1,2.83,95.0,0.0,1,0,0,1,0,1,6.5,6.3,2,High
17,Male,28.3,7.6,6.7,3.0,1.93,238.0,1.8,4,0,0,0,1,0,3.7,4.3,0,Low
26,Female,23.4,7.2,4.8,8.7,1.71,96.0,5.4,1,0,1,0,0,0,5.8,5.7,0,Low
53,Female,19.2,8.9,9.1,6.6,2.99,297.0,1.8,4,1,0,0,0,0,7.7,3.9,3,High
44,Female,22.9,8.6,4.9,8.8,3.22,293.0,4.8,1,0,1,0,0,0,6.2,1.0,1,Medium
31,Female,27.1,6.9,7.4,0.0,3.35,114.0,2.1,3,0,0,0,0,1,3.4,6.7,0,Low
43,Male,25.3,10.1,5.7,1.1,1.56,180.0,4.6,4,1,0,0,0,1,2.3,2.8,1,Medium
64,Female,25.0,8.0,9.5,9.6,1.64,290.0,3.9,2,0,0,1,0,0,5.2,1.0,2,High
36,Male,25.5,5.9,6.9,4.0,1.72,183.0,2.5,1,1,0,1,0,1,8.5,3.6,1,Medium
17,Female,27.9,5.6,5.3,1.9,2.67,49.0,4.5,2,0,0,1,1,1,7.0,3.0,3,Low
32,Other,24.3,8.5,4.8,5.4,1.14,158.0,0.0,1,0,0,1,1,1,9.9,6.8,0,Medium
66,Other,26.5,5.2,5.2,6.7,1.19,68.0,0.6,4,1,0,1,0,1,10.0,3.0,2,High
56,Female,20.1,5.8,3.6,5.6,1.53,167.0,2.0,0,0,0,1,0,0,4.8,4.3,6,Medium
61,Male,36.0,6.1,2.2,7.3,1.35,63.0,5.6,3,0,0,1,0,0,6.6,5.9,4,High
65,Female,23.2,7.1,5.9,6.9,2.81,191.0,0.0,1,1,0,1,0,0,5.0,4.7,4,Medium
21,Male,25.4,6.2,4.0,6.8,2.75,0.0,2.9,4,0,0,0,0,0,3.6,7.0,1,Low
30,Male,27.0,4.4,4.0,9.8,1.71,27.0,3.7,1,1,0,0,0,0,6.1,7.1,2,High
18,Male,22.7,8.4,5.0,6.0,1.94,63.0,3.5,1,0,0,0,0,0,5.6,2.4,2,Low
15,Male,24.5,5.9,5.3,5.9,0.3,132.0,2.8,2,1,0,0,0,0,4.9,5.5,3,High
60,Female,24.5,9.7,5.2,8.2,1.73,0.0,1.6,4,0,1,0,0,0,4.1,8.5,1,Medium
66,Male,20.4,7.0,9.0,7.5,3.1,53.0,2.5,0,1,0,1,0,0,5.3,2.5,6,Medium
23,Male,26.5,8.5,6.7,3.5,1.69,236.0,5.1,3,0,0,1,1,0,4.1,1.8,0,Low
54,Female,17.1,7.5,9.8,5.7,1.23,249.0,1.5,1,0,1,0,0,1,4.7,6.2,3,High
44,Female,32.4,8.6,4.2,7.2,3.2,0.0,0.0,0,0,1,0,0,0,2.2,2.8,1,Medium
18,Male,28.1,7.4,6.9,4.4,1.21,85.0,4.0,2,1,0,0,0,0,3.0,9.4,2,Medium
65,Male,27.4,6.9,4.4,4.5,3.34,290.0,6.3,2,0,0,0,0,0,3.7,3.8,2,Low
62,Female,16.7,8.2,4.0,2.1,4.41,192.0,0.7,0,0,1,0,0,1,5.5,2.4,1,Low
46,Male,20.9,10.5,9.9,0.0,2.01,195.0,6.0,3,0,0,0,1,0,5.2,3.3,3,Medium
53,Male,30.8,6.1,3.5,5.0,3.1,212.0,4.1,2,0,0,1,0,0,3.5,8.0,2,Low
36,Female,43.2,7.8,1.0,6.4,0.76,45.0,0.5,1,0,0,0,1,0,3.7,1.5,1,Low
58,Female,29.9,6.5,3.6,2.9,0.73,174.0,1.5,1,0,0,0,0,0,5.5,3.8,2,Low
39,Male,29.2,7.3,1.0,9.9,1.46,202.0,1.4,2,0,0,0,0,0,3.8,4.0,2,Low
69,Male,26.9,6.6,3.1,3.1,2.76,162.0,3.4,0,1,0,1,0,0,2.6,1.0,0,Low
18,Male,20.7,3.0,3.3,8.6,2.1,107.0,2.6,0,1,0,1,1,1,6.7,3.4,3,High
24,Female,29.0,6.2,5.3,7.2,1.95,145.0,5.4,2,0,1,0,0,0,1.6,4.1,2,Medium
68,Male,19.5,8.1,1.0,12.1,1.07,25.0,4.9,6,0,0,1,0,0,2.4,2.5,1,Low
30,Male,19.1,5.3,7.8,7.5,2.0,218.0,0.0,1,0,0,0,0,0,7.8,6.3,2,High
32,Male,18.8,8.0,1.1,2.0,1.59,0.0,0.0,2,0,0,1,0,0,2.1,6.5,2,Low
58,Female,28.9,6.8,4.9,9.0,1.36,60.0,4.4,3,0,0,0,0,0,8.7,4.9,6,Medium
25,Male,24.2,6.2,4.5,10.8,1.29,225.0,1.9,1,1,0,1,0,0,2.1,1.8,1,Low
43,Female,25.0,7.9,7.0,1.0,2.25,182.0,2.6,4,1,0,0,0,1,2.6,2.4,3,Low
30,Female,24.4,7.6,6.0,7.8,1.52,97.0,4.2,3,1,0,0,0,0,2.4,7.2,1,Low
25,Male,19.4,7.2,7.8,8.4,2.09,0.0,4.9,1,1,0,0,0,1,1.7,10.0,4,High
68,Male,21.5,8.1,4.4,5.4,0.68,145.0,0.3,6,0,0,1,0,1,8.5,6.8,1,Medium
25,Female,21.7,6.8,4.2,0.0,2.5,81.0,0.0,1,0,0,1,0,0,8.0,5.7,2,Low
20,Male,18.2,3.9,6.1,5.2,2.29,203.0,2.8,2,0,0,0,1,1,1.5,2.3,0,Low
52,Female,22.2,5.9,7.5,4.4,1.91,93.0,1.1,4,0,0,0,0,0,8.9,4.8,2,Medium
62,Female,19.6,3.6,7.0,10.3,2.23,0.0,3.1,1,0,1,0,0,0,1.9,1.5,1,Medium
22,Female,27.1,7.6,5.9,5.8,2.85,0.0,2.8,0,0,1,1,0,0,10.0,5.9,5,Medium
53,Female,27.5,7.9,5.7,4.8,0.94,103.0,0.9,3,0,0,0,0,0,4.6,3.7,2,Low
44,Male,18.7,8.0,5.1,4.4,2.15,162.0,7.6,0,0,0,1,0,0,3.5,1.8,4,Low
60,Male,23.2,7.3,6.1,6.9,1.06,22.0,3.0,3,0,0,0,0,1,6.3,3.5,1,Low
21,Male,32.9,8.0,9.7,6.2,2.17,67.0,1.7,4,0,0,0,0,1,2.8,5.5,1,Medium
68,Female,20.1,4.0,4.7,3.8,1.89,237.0,3.2,0,0,1,1,0,0,1.5,5.1,5,High
49,Female,26.4,6.3,4.4,6.7,2.08,272.0,4.2,2,1,0,0,1,0,3.9,4.7,0,Medium
61,Female,25.0,4.2,4.2,4.4,2.78,180.0,1.6,3,0,0,1,0,1,5.2,5.4,0,Medium
34,Male,29.4,5.9,6.1,0.0,2.75,119.0,8.1,1,1,0,1,0,0,1.0,2.0,2,Low
66,Female,25.8,9.1,1.0,7.9,2.97,82.0,0.0,3,1,0,0,0,1,2.8,2.1,3,Low
49,Female,22.6,8.2,4.9,7.6,1.78,209.0,0.0,3,0,1,0,0,0,9.9,2.5,1,Low
21,Male,24.8,7.6,7.1,6.6,2.66,115.0,0.0,2,0,0,1,0,1,5.0,1.4,5,Medium
65,Male,24.9,6.2,4.0,4.8,2.51,251.0,3.0,2,0,0,1,1,0,1.0,4.6,3,Low
58,Female,24.1,4.9,5.6,5.8,1.8,257.0,4.0,3,0,0,0,0,0,5.0,1.0,2,Low
31,Female,18.6,6.8,9.8,8.3,2.19,195.0,2.3,1,0,0,0,0,0,5.9,5.1,3,High
45,Male,30.1,8.3,5.9,4.2,1.99,95.0,4.0,2,1,0,0,0,0,5.0,1.0,3,Low
36,Female,29.3,7.2,1.0,8.4,3.22,104.0,4.0,3,0,1,0,1,1,7.0,6.3,1,Medium
44,Female,19.8,4.0,2.1,1.9,2.75,0.0,2.2,3,1,0,0,0,0,4.3,5.2,3,Low
68,Male,23.1,6.7,4.6,6.5,1.83,144.0,3.9,1,0,0,0,0,0,7.5,1.0,0,Low
64,Female,23.5,3.4,3.4,6.1,1.78,141.0,2.6,4,0,0,1,0,1,5.0,5.7,1,Medium
26,Female,19.3,7.8,5.4,8.8,2.87,0.0,2.1,3,0,1,1,0,1,5.3,4.3,3,Medium
68,Female,16.1,5.4,4.6,3.4,3.17,410.0,1.9,2,1,1,0,0,0,5.9,7.3,1,High
39,Female,21.5,4.5,7.8,3.7,2.35,211.0,3.5,2,0,1,0,0,1,6.7,4.3,3,High
53,Female,22.9,7.8,2.8,2.1,2.63,58.0,5.7,2,0,1,1,0,0,5.9,1.0,0,Low
57,Female,18.0,7.4,4.7,4.4,3.14,376.0,0.3,2,0,1,1,0,0,3.1,3.5,0,Low
41,Male,25.3,6.9,5.7,6.7,1.96,95.0,1.9,0,1,0,1,0,0,9.0,4.1,2,Medium
40,Female,29.7,10.0,6.0,1.0,2.17,241.0,3.4,5,0,0,0,0,0,3.0,3.3,3,Low
40,Male,28.3,7.5,5.5,4.8,2.49,160.0,6.9,0,0,0,1,0,1,2.8,5.8,1,Low
62,Male,23.9,5.5,1.0,7.7,1.76,99.0,3.9,1,0,0,1,0,0,1.0,7.0,2,Low
36,Female,16.2,7.3,5.4,5.7,3.46,113.0,1.2,2,0,1,1,0,1,4.4,5.7,0,Medium
30,Female,27.7,6.0,4.9,6.2,1.75,308.0,1.0,0,0,0,1,0,0,3.8,2.1,1,Low
34,Male,25.2,8.5,7.1,1.8,2.15,246.0,5.2,1,0,0,1,0,0,5.2,5.4,1,Low
25,Other,26.4,6.9,6.8,5.7,3.63,137.0,2.3,2,0,0,0,0,0,2.9,4.4,3,Low
36,Male,33.2,7.1,5.7,6.1,0.61,0.0,0.3,4,1,0,0,0,0,9.1,2.7,2,High
21,Female,20.8,4.2,5.9,5.5,2.27,183.0,5.2,0,0,0,1,0,1,3.5,8.0,2,Low
19,Female,15.0,6.6,8.2,6.4,1.57,13.0,3.7,3,0,1,0,0,0,3.5,4.8,2,High
54,Female,19.8,6.4,7.7,5.1,2.1,209.0,0.4,3,0,1,0,1,0,4.8,2.7,3,High
19,Male,26.7,4.9,5.8,4.7,1.14,71.0,0.1,2,1,0,0,0,1,5.9,4.3,0,Medium
46,Male,24.6,6.1,9.9,3.1,1.8,83.0,0.0,0,0,0,1,1,0,8.0,5.1,3,High
57,Female,19.0,7.2,3.8,8.7,2.12,80.0,1.6,3,1,1,0,0,0,6.3,8.6,4,High
54,Male,18.1,6.5,2.6,2.6,2.29,262.0,3.7,2,0,0,1,0,1,6.3,5.8,2,Medium
39,Female,22.9,4.2,5.2,6.4,2.82,0.0,5.1,2,1,0,1,1,0,5.3,3.0,1,Low
25,Male,18.9,6.1,4.4,11.1,0.3,231.0,3.9,3,1,0,0,1,1,3.0,6.2,4,High
66,Female,26.8,5.8,1.0,9.1,2.0,188.0,0.1,1,1,0,1,0,1,3.5,4.9,1,Medium
60,Male,22.6,6.8,3.8,7.4,1.96,142.0,2.4,3,0,0,1,1,0,1.0,1.0,3,Low
48,Male,21.7,6.6,6.0,6.7,2.05,101.0,6.1,4,1,0,0,0,0,4.2,1.4,2,Low
19,Male,21.1,5.8,5.1,5.6,2.13,204.0,1.9,2,0,0,1,0,0,6.6,2.7,2,Medium
16,Female,25.7,5.8,3.5,3.5,1.44,102.0,4.7,2,0,1,0,1,0,4.4,2.2,3,Low
32,Male,24.7,6.6,5.3,5.3,0.86,101.0,4.4,3,1,0,0,0,0,6.1,2.0,2,Low
23,Male,25.4,8.0,5.5,7.6,2.27,157.0,4.7,1,0,0,1,0,0,9.7,5.7,1,Low
62,Female,25.3,6.9,6.8,7.1,1.3,339.0,3.9,2,1,0,0,1,0,5.3,6.9,2,Medium
26,Female,24.2,8.8,3.8,8.2,2.42,0.0,4.7,2,0,0,1,0,1,6.4,1.5,2,Medium
30,Male,19.9,8.3,7.1,9.4,1.35,205.0,0.0,2,1,0,1,0,0,5.3,4.3,2,High
68,Female,21.2,8.9,2.8,5.6,2.65,134.0,6.3,2,0,1,0,0,0,3.0,7.5,2,Low
60,Female,22.7,8.7,4.1,6.5,2.06,126.0,0.0,1,1,1,0,0,0,4.5,6.7,1,Medium
27,Female,33.8,9.0,8.9,0.7,2.11,0.0,3.7,3,0,1,0,0,0,2.3,3.8,4,Medium
36,Female,18.4,4.7,2.9,12.3,1.9,0.0,2.9,4,0,0,1,0,0,7.1,3.4,1,Medium
43,Female,22.6,7.5,3.8,4.8,1.77,187.0,1.6,2,0,0,0,0,0,7.3,8.2,0,Medium
51,Male,24.9,8.4,2.4,7.8,1.91,10.0,0.9,3,0,0,0,0,1,4.8,7.9,0,Low
66,Female,23.1,8.7,3.4,4.8,3.05,262.0,4.2,4,0,1,0,0,1,9.4,8.2,3,Medium
62,Male,29.3,5.3,5.5,4.8,0.87,38.0,4.8,0,0,0,0,0,1,4.4,4.1,3,Medium
68,Female,23.1,7.6,6.8,5.3,1.58,211.0,2.8,2,0,1,1,0,0,7.2,4.1,3,Medium
17,Female,23.4,6.6,5.2,2.5,2.95,87.0,2.4,1,1,0,0,0,1,4.4,1.9,4,Medium
27,Female,28.2,9.5,4.5,0.0,2.76,81.0,5.8,4,0,1,0,0,1,6.1,5.2,3,Low
45,Male,32.6,4.3,2.5,9.2,3.17,49.0,2.1,1,1,0,1,1,0,1.5,3.6,3,Medium
17,Male,30.8,5.3,3.6,7.5,2.05,198.0,2.9,0,0,0,0,0,1,3.8,4.6,1,Low
34,Female,23.9,3.6,1.8,3.4,1.05,229.0,2.6,4,1,1,0,0,1,5.2,1.0,2,High
23,Female,24.3,6.7,6.8,7.3,1.21,115.0,8.4,1,1,0,0,0,0,7.1,3.6,2,Medium
66,Female,24.7,10.1,7.0,8.3,1.86,215.0,1.2,3,0,0,1,1,0,5.1,7.8,0,Medium
18,Female,25.2,6.4,5.1,4.1,2.71,151.0,4.8,4,0,1,1,1,0,8.4,5.0,5,High
23,Male,20.7,6.7,6.2,7.2,1.9,3.0,0.0,2,0,0,0,0,0,4.1,1.0,0,Low
25,Female,28.7,7.4,7.1,8.8,1.83,192.0,0.9,1,0,0,1,0,1,2.7,6.2,1,Medium
23,Male,25.4,6.3,5.4,2.0,2.42,117.0,2.3,2,1,0,0,0,0,9.7,7.6,0,Medium
46,Male,24.3,7.1,8.3,7.5,2.12,0.0,2.7,0,0,0,1,0,0,1.2,1.0,0,Low
35,Female,18.8,7.1,2.9,7.0,1.75,107.0,2.4,1,1,0,0,0,1,3.2,5.2,0,Low
65,Male,24.8,5.1,4.4,11.3,1.3,0.0,2.8,6,1,0,0,0,0,5.0,3.9,4,High
29,Female,16.0,6.3,4.2,7.6,2.86,15.0,1.5,4,1,1,1,0,1,4.3,5.8,2,Medium
44,Male,21.9,7.7,6.6,4.8,2.94,123.0,5.8,2,0,0,0,1,0,5.3,6.3,1,Medium
51,Female,22.0,8.0,2.0,5.2,1.25,142.0,0.8,4,1,0,0,0,0,5.2,4.2,3,Medium
49,Male,25.8,8.6,8.4,11.7,1.78,58.0,4.6,2,0,0,0,0,0,10.0,4.8,3,High
58,Female,33.0,7.0,6.4,5.0,2.63,208.0,4.5,2,0,0,0,0,0,4.4,8.9,0,Medium
26,Female,27.1,7.1,9.1,7.6,1.19,137.0,0.9,4,1,0,0,0,0,5.9,10.0,3,High
42,Male,31.0,7.7,5.1,5.3,2.39,103.0,2.2,2,0,0,1,0,0,5.1,6.5,0,Low
59,Female,27.4,5.5,4.0,9.0,1.84,155.0,3.0,3,1,1,0,1,1,1.0,5.3,3,High
62,Female,29.6,5.5,6.6,9.2,1.13,283.0,6.7,3,0,0,0,0,0,2.0,3.3,2,Medium
48,Male,32.9,6.3,7.5,5.9,3.52,0.0,2.2,2,0,0,1,0,0,1.0,4.5,0,Medium
50,Female,21.2,4.5,3.6,4.9,1.83,293.0,11.0,4,1,0,0,0,0,2.2,4.8,4,High
62,Male,20.9,7.2,1.0,4.8,2.52,82.0,4.7,2,1,0,0,0,0,4.5,5.0,0,Low
49,Male,27.5,8.2,1.2,1.2,1.2,64.0,3.8,2,1,0,0,0,0,7.1,1.0,3,Low
67,Male,24.5,5.4,5.8,6.3,3.34,106.0,4.9,1,1,0,0,0,1,8.3,3.2,4,High
22,Female,25.5,7.2,8.6,6.2,3.66,52.0,0.0,2,1,1,1,1,0,10.0,4.1,2,High
34,Female,23.4,5.5,2.3,3.7,0.9,36.0,5.6,4,0,0,0,0,1,5.1,3.8,2,Low
21,Male,21.8,4.9,4.6,0.9,1.97,243.0,0.1,1,1,0,0,0,0,5.0,5.6,1,Low
19,Female,31.8,9.8,4.4,6.6,3.16,168.0,4.9,3,0,0,0,1,0,1.3,9.0,2,Medium
40,Female,19.6,4.9,9.4,6.9,1.73,0.0,1.7,1,0,0,1,0,0,2.4,6.1,0,High
27,Female,27.6,4.5,10.0,7.1,2.43,224.0,1.2,0,1,0,0,1,1,6.9,5.8,3,High
37,Female,26.9,6.8,6.1,3.2,0.76,208.0,6.9,3,0,0,0,0,0,9.7,6.5,1,Low
39,Male,17.4,6.9,7.2,7.1,1.47,0.0,2.8,2,1,0,0,0,1,8.4,8.1,0,Medium
49,Male,20.8,7.6,7.1,5.5,2.34,170.0,0.0,0,1,0,0,0,0,3.4,10.0,3,Low
67,Male,21.5,9.7,2.4,8.4,1.63,218.0,5.1,6,0,0,0,0,0,2.0,5.4,3,Low
61,Male,27.0,5.3,6.7,3.3,1.81,0.0,0.3,4,0,0,0,1,0,1.0,5.3,1,Medium
35,Female,22.8,5.6,3.0,9.2,0.89,181.0,6.0,2,0,1,0,0,0,4.7,5.6,3,Medium
32,Female,24.1,9.1,4.8,10.2,2.62,76.0,3.0,0,1,0,0,0,0,9.8,5.6,2,Low
57,Female,17.9,8.0,7.7,6.3,1.03,210.0,0.2,2,0,1,0,0,0,3.6,3.0,3,High
21,Male,35.0,7.8,5.4,7.1,3.33,47.0,4.8,7,1,0,1,1,0,3.3,5.0,0,High
44,Female,24.8,5.6,7.6,8.2,1.55,265.0,4.1,3,0,0,1,0,0,4.3,3.0,4,High
38,Male,26.7,8.3,8.1,3.1,2.74,123.0,0.0,1,0,0,1,0,0,4.2,7.1,2,Medium
25,Female,22.1,7.8,1.3,4.6,2.66,82.0,2.9,2,0,0,1,0,0,5.1,10.0,0,Low
48,Male,21.6,6.8,1.0,6.5,1.31,71.0,3.7,3,0,0,0,1,0,1.0,5.5,2,Low
32,Male,33.1,5.6,7.8,11.7,1.64,246.0,3.5,1,0,0,1,0,0,2.4,6.8,1,Medium
25,Male,15.9,6.7,7.8,2.7,1.73,70.0,2.6,1,0,0,0,0,1,3.9,7.7,3,Medium
50,Female,25.8,9.1,5.8,10.6,1.79,267.0,4.6,1,0,0,0,0,0,5.6,2.2,2,Medium
24,Other,19.0,4.7,6.1,5.5,1.06,173.0,4.3,1,0,0,0,0,1,3.5,6.6,1,Medium
52,Female,22.7,5.2,7.2,5.9,2.53,0.0,3.1,3,1,1,0,0,1,5.4,5.8,3,High
23,Female,21.6,5.5,7.1,9.4,1.55,153.0,2.5,2,1,0,0,0,0,3.3,1.1,0,Low
38,Female,20.1,5.8,4.5,11.7,2.01,155.0,3.3,2,1,1,1,0,0,7.0,4.3,1,High
59,Female,24.7,6.5,7.3,7.2,2.91,0.0,1.7,0,1,0,0,1,0,5.7,1.0,1,Low
27,Male,15.0,8.0,4.4,9.3,2.56,151.0,0.8,3,0,0,0,0,0,5.4,1.0,1,Medium
57,Female,23.1,7.2,5.7,3.4,1.6,210.0,0.5,3,0,0,0,0,1,6.9,1.6,2,High
54,Female,24.1,6.6,5.6,4.5,2.93,274.0,2.8,2,0,1,0,0,1,6.4,1.2,3,Low
64,Male,18.4,6.9,3.3,2.2,2.63,269.0,1.1,6,0,0,1,1,0,3.5,8.0,1,Low
24,Male,31.3,7.5,3.6,4.6,1.54,413.0,2.7,4,0,0,0,0,0,2.9,1.8,3,Low
54,Male,21.8,3.8,10.0,7.6,1.69,150.0,5.9,2,0,0,0,0,1,8.3,5.3,4,High
66,Male,23.4,8.2,3.2,6.6,2.9,211.0,2.5,1,1,0,1,0,0,9.8,4.3,1,Low
56,Female,21.8,5.2,6.0,10.8,2.72,83.0,3.3,2,0,0,0,0,0,7.9,4.3,3,Medium
25,Male,24.1,5.8,6.5,11.8,0.9,357.0,2.5,2,0,0,0,0,0,7.8,3.5,2,High
60,Female,30.4,7.0,5.1,5.6,1.3,52.0,5.9,2,0,0,1,0,0,2.4,2.9,2,Medium
20,Female,35.6,6.4,6.7,4.1,2.66,352.0,6.6,1,0,0,0,0,0,4.6,6.4,0,Low
47,Female,27.9,7.3,5.9,9.2,1.16,338.0,2.0,1,0,0,1,1,0,4.2,1.0,3,High
42,Male,29.4,6.7,3.3,9.5,2.74,64.0,4.6,4,0,0,1,0,0,4.2,7.1,1,Medium
44,Female,32.2,6.0,6.4,7.2,3.65,264.0,7.6,1,0,1,1,0,0,3.0,3.6,1,Medium
43,Male,25.6,8.9,4.0,8.0,2.4,200.0,0.4,4,1,0,0,0,0,5.8,5.1,1,Medium
16,Female,31.6,7.6,9.0,7.5,1.36,105.0,5.2,1,0,0,1,0,1,5.9,6.2,1,Medium
42,Female,28.1,7.0,6.1,3.2,2.24,135.0,0.0,2,1,0,0,1,0,2.7,7.7,1,High
66,Female,25.1,7.6,3.7,2.6,2.93,179.0,3.1,2,1,0,0,0,0,3.1,2.8,0,Low
39,Female,26.1,5.4,6.0,5.9,2.18,190.0,2.7,1,1,0,0,0,0,5.5,3.6,0,Low
30,Female,16.3,10.0,3.2,5.4,2.49,314.0,0.0,1,0,0,0,0,0,4.9,1.0,3,Low
69,Male,25.8,4.8,5.8,6.8,1.46,213.0,5.4,2,1,0,1,0,1,3.5,5.5,1,High
20,Female,17.6,6.7,4.7,5.6,1.52,65.0,3.3,3,1,0,0,0,1,4.5,9.5,2,Medium
41,Female,17.2,6.0,3.4,1.2,2.82,232.0,1.0,2,0,0,0,0,0,1.7,3.3,4,Low
43,Male,25.4,6.0,3.4,0.1,1.53,0.0,3.7,1,1,0,1,0,0,6.7,4.0,1,Medium
41,Female,19.5,5.8,10.0,8.1,0.3,107.0,5.0,1,0,0,0,0,0,4.0,5.7,1,High
65,Female,24.5,5.3,5.4,4.1,1.85,118.0,0.0,3,0,0,0,0,0,3.9,4.4,1,Low
38,Female,25.1,8.4,4.3,5.4,2.35,222.0,0.0,2,1,0,0,0,0,6.2,6.5,2,Medium
68,Female,25.3,4.6,3.9,4.4,2.95,345.0,2.9,0,1,0,1,1,0,7.6,4.5,2,Low
18,Female,20.4,8.1,6.2,3.4,3.42,174.0,1.3,3,0,1,0,0,0,5.0,7.0,3,Medium
55,Male,28.5,7.5,3.8,3.4,2.17,110.0,5.9,2,0,0,0,0,0,3.4,3.5,1,Low
47,Female,24.1,5.9,2.8,8.9,2.63,73.0,2.2,1,0,0,0,0,0,6.0,4.8,3,Low
28,Male,26.5,7.4,5.1,5.3,2.2,242.0,3.7,2,0,0,0,0,0,5.1,2.3,1,Low
27,Female,19.1,6.2,5.1,7.8,2.38,129.0,2.6,3,0,1,1,0,0,5.8,3.1,3,High
54,Male,23.7,4.7,4.3,8.2,1.95,95.0,0.0,1,0,0,0,1,0,7.0,4.9,0,Medium
50,Male,29.4,4.8,3.2,6.9,2.41,255.0,3.1,2,0,0,0,0,0,4.6,4.6,3,Medium
48,Female,28.9,7.5,4.3,8.2,1.52,279.0,0.1,3,0,1,1,0,0,7.6,7.0,4,Medium
17,Female,20.9,7.5,4.2,6.0,3.68,44.0,0.0,3,0,0,0,1,0,3.6,5.4,2,Medium
47,Female,22.0,6.9,3.9,9.8,0.3,0.0,0.6,3,1,1,0,0,0,3.3,4.3,3,High
68,Other,20.1,5.9,5.8,8.3,2.56,139.0,0.4,0,0,0,1,0,1,7.2,3.5,0,Low
15,Male,21.5,6.2,10.0,8.7,2.36,25.0,2.5,1,0,0,0,1,1,6.1,5.0,0,Medium
40,Female,18.2,6.0,8.1,3.4,2.4,10.0,2.1,1,0,0,0,0,1,4.6,6.8,3,High
42,Male,23.9,3.7,9.5,6.7,1.15,36.0,3.6,0,1,0,0,0,0,5.0,3.0,1,Medium
64,Female,27.3,6.6,4.0,0.9,0.76,265.0,0.0,2,0,0,0,0,0,4.3,10.0,3,Medium
30,Female,21.0,7.3,8.9,9.9,2.58,222.0,2.4,3,0,0,0,0,0,4.5,1.3,2,Medium
41,Male,24.1,6.6,5.7,4.3,3.17,420.0,1.9,3,0,0,1,0,0,1.9,2.7,1,Low
54,Female,23.5,9.3,7.4,4.6,2.28,79.0,3.4,1,1,0,1,1,0,3.1,3.5,4,Medium
18,Female,29.2,4.9,6.2,2.2,2.74,296.0,3.5,2,1,1,0,0,0,4.6,6.8,1,High
59,Male,21.7,5.4,4.4,5.9,1.73,204.0,3.3,2,1,0,1,0,0,1.1,8.1,2,Medium
60,Female,21.9,6.7,6.8,5.2,2.37,89.0,0.8,2,1,1,0,0,1,1.0,3.8,3,Medium
54,Male,20.7,6.9,6.3,11.1,3.08,134.0,3.1,0,0,0,0,1,1,1.0,2.5,1,Low
50,Female,19.4,3.5,1.3,8.4,1.85,88.0,1.9,4,0,0,1,1,0,7.9,2.4,3,Low
56,Female,26.9,7.5,4.9,4.6,3.05,178.0,5.9,3,0,0,0,0,1,9.8,6.9,1,Medium
57,Female,23.9,6.9,7.1,1.3,0.79,259.0,3.2,2,1,0,1,0,0,5.7,1.7,3,Medium
64,Male,24.7,3.1,5.8,0.0,1.61,109.0,3.2,2,1,0,0,0,0,4.6,5.3,3,High
38,Female,30.2,6.3,6.2,3.1,2.54,243.0,0.2,3,0,0,1,0,0,7.9,5.5,1,Medium
40,Female,30.5,5.2,3.5,2.3,3.62,290.0,1.7,3,1,0,0,0,1,2.3,5.4,3,Medium
50,Male,17.1,5.8,5.8,7.0,2.11,314.0,3.6,2,0,0,0,1,0,5.8,2.7,2,High
25,Male,27.4,4.4,5.0,5.6,1.27,21.0,2.8,2,1,0,0,0,0,5.8,1.6,3,Low
62,Male,25.5,7.2,4.8,6.0,3.6,145.0,2.8,1,1,0,0,0,1,4.4,4.6,2,Low
57,Male,22.4,9.3,3.7,3.3,2.0,228.0,0.0,2,0,0,0,1,0,1.0,6.1,1,Low
49,Female,26.0,6.9,7.2,6.4,2.63,30.0,1.2,2,1,0,0,0,0,7.8,3.7,3,High
31,Male,16.7,3.0,6.0,2.0,1.83,6.0,2.4,1,0,0,0,0,0,3.6,6.1,3,Low
34,Male,31.1,7.0,5.7,5.8,2.21,147.0,5.6,1,0,0,0,0,0,3.2,4.2,5,Low
38,Male,26.8,6.2,9.7,8.3,1.65,105.0,0.0,4,0,0,1,0,0,1.2,6.0,2,Medium
51,Male,20.6,4.7,6.2,5.0,3.91,131.0,0.7,4,0,0,0,0,1,6.5,2.1,3,Medium
57,Female,21.9,7.1,7.8,7.2,3.05,98.0,0.0,1,1,1,0,0,1,5.9,4.1,2,Medium
51,Female,16.8,7.9,5.8,0.5,3.51,388.0,3.7,3,0,0,1,0,0,6.4,8.7,3,Medium
66,Male,23.1,5.4,4.4,0.2,1.47,99.0,5.6,2,0,0,1,0,0,3.9,3.2,2,Low
67,Female,22.3,3.9,2.9,6.9,0.64,214.0,3.8,1,1,0,0,0,1,4.2,5.5,2,Medium
53,Female,18.5,3.3,5.7,8.9,1.87,207.0,4.3,3,0,0,0,0,0,3.2,4.5,2,High
35,Female,28.0,5.4,1.0,5.3,4.11,0.0,0.7,2,0,1,0,1,0,5.6,3.4,1,Medium
47,Male,30.2,6.3,5.8,12.0,1.84,311.0,3.8,1,0,0,0,1,0,5.0,6.6,4,High
38,Male,24.4,5.7,5.9,2.0,2.94,219.0,1.3,6,0,0,0,0,0,4.2,3.0,2,Low
49,Male,23.1,5.4,4.7,4.1,1.28,167.0,3.1,0,1,0,0,1,0,1.9,7.2,1,Medium
59,Male,26.5,7.4,5.0,6.4,1.44,266.0,4.1,3,0,0,1,0,0,4.2,6.3,1,High
35,Male,24.4,7.2,2.4,7.3,2.04,145.0,2.4,0,0,0,0,0,0,1.3,1.3,1,Low
42,Male,19.6,6.8,8.2,4.4,3.79,247.0,4.8,1,0,0,0,0,1,3.4,6.5,2,Low
17,Female,21.6,7.8,4.5,3.0,2.98,0.0,2.6,3,1,1,0,1,0,2.9,4.9,0,Low
55,Male,23.2,5.4,3.1,7.7,0.46,240.0,3.6,3,1,0,1,0,1,4.4,2.0,1,Medium
41,Female,25.6,4.7,6.4,6.4,2.63,170.0,7.2,0,0,1,1,0,0,5.7,3.3,2,Medium
40,Female,24.5,5.7,5.4,5.0,1.18,172.0,4.1,2,0,1,1,0,0,4.6,2.6,3,High
44,Female,25.4,5.6,4.4,7.4,1.55,57.0,1.4,1,0,1,0,1,1,3.5,5.4,2,Medium
26,Male,17.6,3.2,4.2,5.6,2.51,126.0,1.9,3,1,0,1,1,1,4.3,9.2,2,High
47,Male,27.5,5.6,5.2,5.6,3.22,123.0,4.9,2,0,0,1,1,1,5.4,4.6,4,High
55,Male,24.5,8.3,8.2,5.5,3.18,25.0,5.3,3,0,0,0,0,0,6.1,3.3,2,Low
34,Other,36.0,7.8,6.2,3.7,2.37,189.0,2.9,2,0,0,1,0,0,8.4,4.6,3,High
22,Male,22.8,7.3,5.1,3.4,2.38,323.0,0.0,4,1,0,1,0,1,10.0,4.3,5,High
36,Female,26.0,6.7,7.1,4.5,3.18,0.0,0.9,1,0,0,0,0,0,8.6,5.9,0,Medium
25,Male,37.2,8.8,5.3,6.1,0.84,204.0,3.4,5,1,0,0,1,1,5.0,3.6,4,High
35,Male,25.4,4.8,6.1,0.8,3.56,104.0,4.3,1,1,0,1,1,0,2.7,1.0,5,Medium
49,Male,24.2,5.0,5.5,8.6,1.51,91.0,5.2,1,0,0,0,0,0,4.1,4.8,2,Low
21,Female,20.1,8.3,6.5,6.1,2.31,158.0,0.0,2,1,0,0,0,0,5.5,3.9,4,Medium
56,Female,31.4,6.5,4.2,3.0,1.7,160.0,4.9,2,1,1,0,1,1,3.9,2.0,0,Low
27,Male,19.3,5.4,2.7,10.5,1.18,170.0,6.1,5,0,0,1,0,0,4.2,4.0,3,Medium
64,Female,26.4,7.4,7.2,6.1,2.47,26.0,0.0,1,0,1,1,0,0,6.6,7.5,4,Medium
55,Female,22.4,5.8,8.5,2.3,2.29,270.0,3.0,4,1,1,0,1,0,4.5,2.5,1,Medium
29,Female,23.6,5.2,2.8,10.4,2.02,159.0,4.7,1,1,0,0,0,1,5.8,4.3,1,Medium
45,Female,18.1,5.1,5.6,9.8,1.98,215.0,0.0,1,1,0,1,0,1,4.4,3.5,0,Medium
21,Female,30.5,7.0,4.2,3.5,3.32,284.0,1.9,3,0,0,1,1,1,1.0,1.3,4,Low
20,Other,23.2,6.8,7.1,5.1,3.85,0.0,4.2,3,1,0,0,1,1,1.0,5.2,4,High
67,Male,19.0,8.9,5.7,4.7,3.1,219.0,1.9,5,0,0,1,0,1,5.9,4.4,3,Medium
59,Male,30.1,6.0,10.0,0.7,2.32,132.0,2.2,2,0,0,0,0,1,4.8,10.0,2,High
23,Female,22.2,6.0,4.5,6.9,0.79,262.0,3.5,2,1,0,1,0,0,5.3,6.3,2,Medium
30,Female,26.0,8.8,8.6,8.4,2.6,62.0,0.4,2,1,0,1,0,0,5.7,6.6,4,High
25,Female,28.3,8.1,8.8,7.8,2.64,253.0,0.7,2,0,1,1,0,0,5.5,2.6,2,High
36,Female,26.6,6.7,6.4,6.1,2.72,34.0,4.0,5,0,0,0,0,0,4.9,6.4,2,Low
31,Female,15.0,4.0,5.3,8.6,1.19,194.0,5.1,1,0,0,1,0,0,8.2,5.9,0,Low
33,Male,27.6,5.2,5.4,2.8,2.78,181.0,3.9,2,1,0,0,0,0,5.5,1.0,1,Medium
44,Other,24.0,4.8,5.2,11.1,3.35,133.0,6.0,1,0,0,1,0,0,5.6,7.3,2,Medium
25,Female,23.0,6.6,7.7,3.8,1.31,36.0,3.9,0,1,0,0,0,0,3.7,4.3,3,Medium
63,Female,24.0,5.7,3.3,4.1,2.65,109.0,7.1,4,1,0,0,0,0,2.1,2.4,1,Low
55,Female,17.3,9.1,4.8,4.4,1.45,252.0,3.1,1,1,0,0,0,1,10.0,4.4,1,High
56,Female,25.4,4.0,4.6,4.2,2.02,314.0,3.6,3,0,1,0,0,1,7.0,3.1,1,Medium
24,Female,18.4,4.6,1.4,5.5,1.34,365.0,3.9,2,0,1,0,1,0,5.6,5.4,5,Medium
53,Female,23.2,6.9,7.1,5.4,1.82,208.0,1.6,1,0,1,1,0,1,4.4,3.6,0,Low
60,Female,25.2,7.3,7.5,6.4,1.83,178.0,1.3,0,0,0,1,0,0,6.6,8.7,3,Medium
24,Female,29.3,2.4,3.8,3.7,2.43,199.0,1.0,3,0,1,0,1,0,3.7,8.7,5,High
56,Male,20.8,3.7,7.5,6.5,2.81,362.0,1.8,1,1,0,0,0,1,6.8,5.2,0,Medium
34,Female,31.0,6.1,1.7,2.9,3.07,207.0,7.6,1,1,0,1,0,1,8.7,6.0,2,High
58,Female,28.8,8.7,5.3,8.1,1.58,160.0,7.0,1,0,1,0,0,1,4.8,8.7,2,Medium
41,Female,22.6,9.5,4.9,8.0,2.39,120.0,2.3,2,1,1,0,1,0,8.9,3.8,1,Low
59,Female,19.5,5.8,5.4,6.0,1.22,132.0,2.1,2,1,0,1,1,1,4.3,4.2,3,High
23,Male,18.0,6.2,5.4,4.2,2.01,193.0,0.0,2,0,0,0,0,0,1.0,6.1,2,Low
36,Male,25.7,5.2,5.0,6.9,2.13,67.0,0.8,2,0,0,0,0,1,7.1,4.5,2,Medium
30,Male,21.2,7.5,4.3,3.5,1.36,81.0,1.2,1,1,0,1,0,0,4.7,5.2,1,Low
28,Male,29.9,8.9,5.0,6.1,2.55,143.0,2.0,2,1,0,0,0,1,7.1,3.8,5,High
31,Female,21.4,8.5,8.2,5.6,1.98,100.0,1.7,0,1,1,0,1,1,2.2,2.2,3,High
36,Female,20.4,6.5,3.9,13.4,2.22,216.0,3.5,0,0,0,1,0,0,3.8,2.2,4,Low
22,Female,25.6,5.2,10.0,2.6,3.08,224.0,4.7,3,0,1,0,1,0,8.4,7.5,3,High
53,Female,21.4,6.5,3.8,0.0,1.76,179.0,1.4,3,0,0,1,0,1,5.7,5.5,2,Low
45,Male,24.5,8.7,5.7,4.2,2.78,204.0,6.2,3,0,0,1,0,0,8.7,6.8,2,Medium
60,Female,28.9,5.9,6.5,1.2,3.25,163.0,3.8,1,0,1,0,0,0,3.4,2.4,3,Medium
53,Female,25.0,3.6,4.6,4.0,3.21,0.0,5.0,4,1,0,0,0,0,10.0,5.7,2,High
23,Female,25.0,5.9,8.2,2.4,1.95,54.0,2.0,2,0,0,1,0,0,10.0,6.1,1,High
18,Female,25.4,6.1,6.4,3.5,1.32,228.0,4.2,6,0,0,0,0,0,6.9,3.1,3,Medium
38,Male,16.9,3.6,4.7,3.0,1.53,58.0,4.0,3,0,0,1,1,1,5.4,3.4,3,Medium
41,Female,26.3,6.9,8.2,8.7,0.83,244.0,6.2,1,0,0,1,0,0,6.1,8.1,0,High
28,Female,25.2,7.3,3.0,5.9,2.65,250.0,4.4,3,0,1,0,0,0,7.6,4.1,0,Low
58,Female,28.5,9.5,4.0,9.0,2.7,121.0,4.9,3,0,0,0,0,1,5.6,6.3,1,Low
46,Male,27.2,4.4,6.4,6.1,2.19,85.0,1.8,5,1,0,1,1,0,4.1,2.6,3,High
56,Female,23.6,7.7,7.0,8.6,1.0,151.0,5.6,2,1,1,0,0,0,2.4,8.1,3,High
20,Male,29.1,8.0,5.9,5.2,1.81,145.0,0.2,1,0,0,0,0,1,1.0,3.7,3,Medium
59,Female,23.2,7.3,4.9,10.5,3.2,219.0,1.7,5,1,1,0,0,1,4.3,4.2,2,Medium
26,Female,25.6,4.9,4.6,7.3,2.59,0.0,3.6,0,0,1,1,0,1,1.0,5.8,1,Medium
39,Male,23.1,4.8,7.7,3.8,2.73,69.0,0.5,3,1,0,1,0,0,4.6,10.0,1,Medium
39,Female,26.6,6.7,5.7,7.7,4.75,39.0,1.0,2,0,0,0,0,0,8.9,3.5,1,Low
60,Female,22.8,6.6,3.3,6.1,2.36,0.0,1.0,2,0,0,0,0,1,4.8,4.7,2,Low
30,Male,31.9,5.6,3.2,5.4,0.37,96.0,3.8,1,1,0,0,0,0,2.6,7.7,2,Medium
28,Female,33.6,8.6,8.5,6.3,1.22,0.0,2.7,2,0,1,1,1,0,3.7,5.0,4,Medium
33,Female,28.4,5.9,3.6,8.1,2.34,107.0,5.1,3,0,1,0,1,0,3.0,4.9,1,Low
34,Male,31.4,3.5,5.8,0.1,2.11,96.0,7.1,3,0,0,0,1,1,9.3,9.8,3,High
24,Female,17.6,6.1,8.2,5.0,1.96,200.0,3.6,2,0,0,0,0,0,3.4,7.8,2,High
24,Female,18.1,7.3,6.4,7.9,1.98,122.0,1.9,2,1,0,1,0,0,1.0,10.0,7,Medium
27,Female,23.1,7.0,3.5,6.7,1.47,0.0,3.8,1,1,0,0,1,1,10.0,3.3,3,Medium
40,Male,24.7,7.0,3.0,2.8,2.4,188.0,1.0,3,1,0,1,1,0,4.5,6.9,3,Medium
33,Female,23.6,8.9,9.3,0.0,3.22,416.0,2.9,2,1,0,0,0,0,2.8,4.9,3,High
36,Female,17.1,4.7,2.9,10.8,3.49,268.0,8.4,0,1,0,0,0,1,5.0,4.5,0,Medium
54,Male,29.7,5.8,4.0,5.5,3.46,225.0,2.6,3,0,0,1,0,0,4.4,4.8,1,Medium
28,Male,34.2,9.0,6.0,10.2,1.34,128.0,3.7,3,0,0,1,0,0,6.2,6.5,1,Medium
65,Other,30.3,3.4,4.7,8.2,2.08,96.0,2.6,0,0,0,0,0,0,4.6,4.9,0,Low
56,Female,29.4,6.4,6.5,3.8,1.85,88.0,2.1,4,0,0,0,1,1,1.0,2.8,3,Medium
24,Female,25.5,8.5,2.0,0.0,2.57,176.0,4.1,1,0,1,1,1,0,4.6,2.8,1,Low
32,Female,20.7,8.4,4.7,4.7,2.03,25.0,0.2,2,1,0,0,0,0,7.2,2.0,3,Low
25,Male,24.8,7.6,6.7,5.9,1.92,174.0,2.6,3,0,0,0,0,0,3.7,4.8,2,High
30,Female,34.0,7.6,6.7,7.3,3.26,77.0,0.0,4,0,1,1,0,1,6.8,6.3,2,Medium
35,Male,22.9,4.8,3.9,2.9,2.18,0.0,6.4,3,0,0,0,0,1,7.4,7.4,2,Medium
22,Female,22.5,8.7,3.0,6.5,2.2,75.0,5.2,2,0,1,0,0,0,7.9,5.9,1,Medium
15,Male,29.5,4.6,5.7,6.5,2.43,288.0,1.3,2,0,0,1,1,0,2.4,5.4,3,High
39,Male,29.8,4.7,2.3,8.8,2.64,165.0,0.0,2,1,0,1,0,0,2.7,7.5,2,Low
53,Female,20.7,7.1,8.0,5.1,2.65,0.0,4.1,2,0,0,1,0,0,5.1,1.4,3,Medium
31,Male,23.3,5.7,5.5,7.2,3.34,76.0,2.9,4,0,0,1,0,1,1.0,6.0,0,Low
62,Other,22.2,6.8,3.7,6.8,1.07,249.0,7.9,0,0,0,0,0,1,2.3,5.8,0,Low
35,Female,24.8,7.2,2.9,8.5,2.36,117.0,6.1,6,0,1,1,0,1,5.7,1.9,1,Low
64,Female,29.5,9.3,3.8,3.7,2.02,208.0,4.4,0,0,0,1,0,0,1.0,1.0,2,Low
27,Male,20.9,7.2,1.8,0.0,1.86,107.0,1.8,4,0,0,1,0,0,1.0,4.6,3,Low
44,Female,29.4,5.5,6.3,5.3,2.71,170.0,2.4,1,1,1,1,0,1,6.3,6.4,1,Medium
56,Female,25.0,7.6,3.4,5.4,3.14,154.0,3.7,4,0,0,0,0,1,1.0,1.5,0,Low
18,Female,35.0,5.2,6.1,2.8,1.63,79.0,3.8,3,1,0,1,0,0,10.0,3.2,0,High
66,Male,25.9,8.0,6.4,1.8,3.45,213.0,1.4,0,0,0,0,0,0,2.5,4.6,1,Low
35,Female,24.1,6.6,7.3,4.4,0.95,318.0,0.0,3,0,0,1,1,1,2.3,7.2,2,High
42,Male,27.1,7.1,5.8,5.7,2.57,192.0,7.2,3,0,0,1,0,1,1.5,5.7,2,Low
49,Female,23.0,3.7,7.7,6.3,1.39,161.0,3.1,4,0,1,1,1,0,4.9,5.7,2,High
50,Female,16.4,2.9,8.2,0.0,1.59,57.0,3.9,1,0,1,1,0,0,4.4,4.0,2,Medium
16,Male,23.4,4.1,5.8,1.1,2.15,253.0,1.1,2,0,0,1,0,1,5.9,8.3,0,Medium
62,Female,23.3,9.3,5.9,9.2,1.78,94.0,6.0,5,1,0,1,0,0,4.3,5.7,2,Low
49,Female,17.3,4.7,4.0,5.5,0.3,212.0,5.3,1,0,0,1,0,1,7.3,3.4,3,High
69,Female,24.2,7.7,3.0,6.0,2.59,234.0,3.1,2,0,0,1,0,0,4.4,3.6,2,Low
40,Male,15.2,5.5,8.0,2.3,2.72,259.0,3.5,3,0,0,1,0,1,4.0,4.3,1,Medium
48,Female,22.9,6.1,6.5,6.0,1.97,261.0,3.6,2,0,1,0,0,1,5.5,4.0,3,Low
39,Female,25.6,6.4,6.7,4.9,1.91,257.0,3.2,1,0,0,0,0,0,1.0,1.0,1,Low
63,Female,24.9,9.1,3.9,4.3,1.8,12.0,4.2,1,1,0,1,0,1,2.1,3.4,2,Low
60,Female,22.7,7.4,8.8,1.9,0.73,56.0,3.8,2,1,0,0,0,0,9.2,5.8,0,Medium
64,Female,24.1,7.1,4.7,3.6,0.65,0.0,2.6,2,1,0,1,0,0,1.0,2.8,1,Low
42,Female,21.0,8.6,3.4,11.5,2.74,0.0,0.4,3,0,0,1,1,0,7.1,4.9,6,High
58,Female,24.5,5.5,3.9,5.0,2.95,318.0,2.9,2,1,0,0,0,0,1.0,2.0,1,Medium
34,Female,24.8,8.2,8.7,8.2,2.58,42.0,4.7,1,0,1,1,1,0,1.0,1.0,4,High
40,Male,20.4,7.9,2.8,5.5,2.4,26.0,4.5,0,0,0,0,1,0,3.0,3.9,2,Low
56,Male,25.7,7.9,3.5,5.1,2.73,144.0,5.9,2,1,0,0,0,1,6.0,5.1,0,Low
19,Female,25.7,6.3,10.0,4.2,2.67,68.0,6.1,3,1,1,0,0,1,4.6,3.4,1,Medium
54,Female,23.8,5.8,7.3,9.8,1.47,399.0,4.5,0,0,1,0,0,0,5.9,2.2,1,Medium
15,Female,35.4,5.1,3.6,7.0,2.28,120.0,3.4,4,0,1,1,0,1,3.6,6.1,0,Medium
46,Male,23.9,5.2,2.8,3.8,1.86,199.0,3.8,2,1,0,0,0,0,4.5,4.5,1,Medium
41,Female,23.2,5.0,1.5,4.9,1.87,64.0,1.7,3,0,0,1,0,1,5.0,6.2,3,Low
40,Female,22.6,7.1,5.4,9.0,3.01,0.0,4.8,1,0,1,1,0,0,7.3,9.2,2,High
42,Female,20.1,6.1,6.8,0.0,3.36,70.0,5.9,2,1,0,0,0,0,9.2,5.7,0,Low
42,Female,27.6,7.2,8.5,6.9,0.3,71.0,5.3,0,0,0,1,0,0,2.2,5.7,3,High
37,Female,21.4,7.3,1.0,7.5,1.9,70.0,4.2,0,0,0,1,1,0,4.5,2.9,3,Low
39,Female,21.9,4.8,2.3,3.9,1.85,0.0,2.5,6,0,1,0,0,0,3.9,4.5,4,Medium
46,Male,22.1,4.8,4.9,6.4,3.03,165.0,2.2,2,1,0,1,0,1,5.7,1.6,1,Medium
56,Male,20.1,6.1,10.0,7.4,0.94,113.0,2.6,2,0,0,0,0,0,8.4,2.2,2,Medium
45,Male,16.6,5.3,7.1,2.6,0.3,0.0,1.4,0,0,0,0,0,0,5.2,5.3,4,Medium
50,Male,22.4,5.1,6.0,8.4,2.76,162.0,3.6,1,0,0,0,0,0,3.5,3.9,0,Low
61,Female,28.4,9.2,2.5,6.8,2.87,234.0,0.0,1,0,1,0,0,1,7.5,3.2,2,Medium
69,Male,25.4,4.0,1.0,5.6,0.67,282.0,1.8,2,0,0,0,0,0,4.3,4.9,2,Low
20,Male,31.5,9.7,5.3,6.3,2.0,0.0,3.1,1,0,0,0,0,0,4.6,3.3,2,Medium
54,Male,27.9,7.0,5.0,8.0,3.32,70.0,8.5,6,0,0,0,0,0,6.5,4.0,0,Low
27,Male,26.9,8.1,4.6,12.5,1.24,0.0,3.0,0,0,0,0,0,0,1.7,5.3,3,Low
25,Female,33.0,7.9,4.4,7.7,2.18,78.0,3.1,0,1,0,1,0,0,1.5,3.5,2,Low
58,Female,24.1,7.5,3.6,8.3,2.51,303.0,1.2,1,0,0,0,0,0,2.5,2.3,2,Low
18,Female,24.8,9.2,3.0,6.5,0.96,70.0,6.8,2,1,0,0,0,0,4.3,7.6,1,Low
61,Female,24.4,4.8,8.3,11.3,1.65,98.0,1.2,0,1,0,0,0,0,7.6,9.3,1,High
57,Female,31.4,6.2,3.2,1.9,0.75,59.0,7.5,1,0,1,0,0,0,3.3,4.6,0,Low
69,Female,24.5,5.1,4.6,1.1,1.97,329.0,1.4,2,1,1,0,0,0,3.7,4.2,2,High
51,Female,21.6,3.8,5.1,6.4,1.47,0.0,5.1,0,0,0,0,0,1,5.4,4.7,2,Medium
63,Male,27.1,5.4,6.8,7.8,2.27,89.0,2.9,3,0,0,0,0,0,2.7,2.9,1,Low
21,Male,20.8,9.5,3.3,0.0,2.61,55.0,1.8,0,0,0,1,0,1,3.8,7.4,1,Low
63,Male,26.9,6.2,7.4,6.0,3.21,0.0,5.2,3,1,0,0,0,0,4.9,6.9,0,High
23,Female,26.4,9.7,3.9,5.5,3.97,271.0,5.9,3,0,0,1,0,1,6.4,3.5,2,Low
32,Male,23.6,9.8,4.8,8.1,2.27,0.0,2.6,2,0,0,1,0,0,7.4,3.8,1,Low
22,Male,27.0,11.0,8.8,7.2,1.85,99.0,2.9,1,1,0,0,0,0,4.6,5.5,2,Medium
37,Male,17.8,9.5,3.1,0.9,1.8,141.0,2.1,3,0,0,0,0,1,4.3,7.4,3,Medium
56,Male,25.2,10.3,6.8,3.0,1.33,67.0,3.5,6,0,0,0,0,0,4.5,5.7,6,High
29,Female,22.4,7.0,7.4,3.7,2.46,0.0,0.6,2,1,1,0,1,0,5.5,6.0,1,Medium
60,Female,37.4,6.9,5.9,8.1,1.7,131.0,0.0,1,0,0,0,0,0,8.7,5.6,0,Medium
48,Male,25.2,7.0,4.9,7.0,2.51,66.0,0.0,4,0,0,0,0,1,10.0,5.1,3,Low
49,Other,21.8,6.5,9.9,4.3,1.35,239.0,2.5,2,0,0,0,0,0,9.6,5.5,4,Medium
66,Female,18.3,6.7,5.2,6.4,1.73,207.0,0.6,3,1,1,1,0,0,7.7,6.5,1,High
38,Female,30.4,7.7,5.6,3.0,2.45,364.0,2.7,2,0,1,1,0,0,2.4,5.4,2,Low
33,Female,22.9,5.8,4.5,11.7,2.0,162.0,1.9,2,0,0,0,0,1,5.5,4.1,0,Low
69,Female,20.9,4.3,5.5,7.6,0.56,215.0,1.4,0,0,0,0,1,0,4.1,10.0,1,High
45,Other,26.0,7.1,7.3,8.2,2.09,111.0,1.6,3,0,0,1,0,0,4.7,1.0,3,Medium
48,Male,27.4,5.4,4.6,9.9,1.46,338.0,5.1,2,1,0,0,0,0,9.4,6.7,2,High
31,Female,27.4,5.6,1.0,8.8,3.05,151.0,3.5,2,0,0,0,0,0,8.3,3.5,3,Low
26,Female,24.6,6.3,6.3,6.1,2.88,139.0,6.4,1,0,0,1,0,0,7.1,1.0,1,High
24,Female,25.2,5.9,2.8,5.5,0.3,209.0,3.2,1,0,0,1,0,0,10.0,1.0,6,High
27,Female,25.5,8.3,6.8,9.6,2.74,79.0,0.0,7,0,1,1,1,1,7.1,4.2,5,High
25,Female,26.0,6.2,5.2,6.1,2.41,95.0,0.7,1,1,1,1,0,1,8.7,9.5,1,Low
56,Male,26.4,8.4,7.3,3.9,0.91,209.0,3.3,3,1,0,1,0,0,6.4,9.0,2,High
18,Male,29.4,6.8,3.1,11.5,2.8,231.0,3.5,2,0,0,0,0,0,5.5,3.3,2,High
49,Female,24.8,6.4,4.0,3.4,1.08,216.0,1.7,4,1,0,0,0,1,10.0,3.2,6,High
67,Male,20.8,6.8,4.5,1.1,3.02,141.0,1.2,5,0,0,0,1,1,3.0,3.7,2,Low
57,Male,23.9,4.4,1.9,8.8,1.58,180.0,1.7,3,0,0,1,0,0,1.0,5.1,3,Medium
37,Female,27.9,7.0,7.6,4.0,0.89,256.0,2.7,3,0,1,0,0,0,2.6,9.3,3,High
18,Male,16.5,7.9,1.6,7.2,3.8,30.0,2.9,2,1,0,1,1,0,3.9,6.9,4,Low
60,Male,16.5,8.1,7.6,11.1,0.86,150.0,0.6,2,1,0,0,0,0,7.3,6.2,1,Medium
15,Male,28.6,4.3,6.1,2.2,1.46,0.0,3.5,0,0,0,0,0,0,8.1,5.3,4,Medium
52,Female,31.3,4.1,4.8,5.9,1.61,231.0,3.5,0,1,1,0,1,1,3.0,1.0,1,Medium
51,Female,18.8,5.6,6.0,10.2,1.74,64.0,2.8,3,0,1,0,0,0,3.5,1.0,3,High
25,Female,25.0,8.7,5.9,7.9,2.66,67.0,1.5,0,1,1,0,0,0,3.9,2.8,4,Medium
55,Female,22.7,6.9,4.3,5.5,2.15,137.0,4.5,1,1,1,0,0,0,5.1,1.7,2,Low
24,Female,23.3,5.3,5.9,12.7,2.9,218.0,5.9,2,0,1,1,0,1,5.0,1.0,1,Low
27,Male,25.9,4.2,6.8,5.7,2.4,413.0,2.0,2,1,0,0,1,0,5.9,6.9,3,High
59,Female,18.7,5.4,3.1,7.1,0.76,0.0,1.6,1,1,0,0,0,0,2.6,4.1,3,Medium
68,Female,19.5,5.3,6.0,10.6,2.54,57.0,4.0,2,1,0,1,0,0,2.3,2.6,2,Medium
29,Other,23.1,8.0,1.0,8.7,2.29,175.0,0.4,1,0,0,0,0,0,2.8,1.5,4,Low
65,Female,23.8,8.1,1.0,9.7,1.6,70.0,0.2,1,0,0,1,0,1,5.1,6.4,3,Low
65,Female,19.4,4.8,6.4,3.5,3.76,242.0,1.6,3,0,0,1,0,0,2.0,4.5,4,Medium
57,Male,28.1,7.7,4.3,9.4,2.59,132.0,3.7,2,1,0,0,0,0,2.7,1.1,1,Medium
22,Female,22.6,7.5,3.3,6.5,2.85,247.0,1.1,1,0,1,0,0,1,6.3,3.5,0,Low
31,Female,22.6,4.6,5.1,3.9,2.88,123.0,3.0,3,0,1,1,1,1,8.7,9.1,1,High
52,Male,25.8,6.4,4.3,6.6,1.76,210.0,0.0,2,0,0,0,1,1,6.0,7.1,1,High
69,Female,23.9,7.0,3.0,6.5,2.61,45.0,4.4,4,1,0,0,0,0,2.3,4.7,6,Low
59,Female,28.3,6.8,1.6,11.2,2.35,363.0,6.2,1,0,1,1,0,0,6.7,5.5,3,Low
38,Female,20.3,3.8,1.0,7.1,1.65,0.0,1.0,2,0,0,1,1,0,3.6,3.5,3,Medium
27,Male,18.2,6.7,6.8,3.8,1.12,72.0,4.0,1,1,0,1,1,0,8.5,4.0,3,High
67,Female,23.1,7.5,4.3,3.2,2.12,0.0,2.5,1,0,0,1,0,0,6.1,1.9,0,Low
30,Male,24.8,9.0,7.3,5.9,2.57,238.0,3.2,1,1,0,0,0,0,2.9,3.0,0,Low
33,Female,18.9,5.4,4.2,2.2,2.11,209.0,2.5,3,0,0,1,0,0,5.3,5.8,1,Medium
68,Male,18.3,5.6,6.0,4.0,1.95,16.0,2.3,0,0,0,0,0,0,1.5,8.0,1,Medium
45,Female,25.3,6.2,4.9,5.3,2.12,260.0,1.2,3,0,1,0,1,1,5.4,5.4,1,High
29,Female,21.1,7.0,5.3,4.8,1.87,73.0,0.6,3,0,0,0,0,0,4.3,6.9,1,Low
15,Female,18.0,6.7,5.4,8.0,3.34,193.0,5.4,4,1,1,0,1,0,10.0,1.0,0,Medium
38,Male,28.8,7.5,4.2,3.9,2.32,218.0,0.0,3,0,0,0,0,1,5.5,5.8,1,Low
69,Female,21.7,4.7,2.5,0.0,1.71,123.0,3.0,1,1,0,1,0,1,5.2,5.4,1,Low
38,Female,29.7,7.1,6.9,1.3,0.65,250.0,2.9,3,0,0,1,1,1,1.0,2.7,4,Low
53,Female,24.6,5.3,8.7,6.0,1.94,134.0,2.9,1,1,0,0,1,0,6.6,4.4,1,Medium
28,Female,25.8,6.3,8.9,4.4,1.64,187.0,4.5,0,0,1,0,0,0,7.9,7.8,4,High
57,Male,23.5,9.2,4.0,2.5,1.61,120.0,2.2,2,0,0,0,1,0,7.9,5.6,4,Medium
57,Female,15.0,4.3,3.6,11.5,2.85,0.0,4.4,2,1,0,0,0,0,4.7,3.8,1,Low
48,Female,19.4,6.1,4.0,8.3,2.16,136.0,7.4,2,0,1,0,0,0,3.5,9.0,0,Low
57,Female,23.9,4.5,4.8,5.8,0.75,54.0,2.7,2,1,1,0,0,0,8.1,4.7,1,High
46,Female,26.1,6.7,5.1,6.7,2.6,303.0,0.0,3,1,0,0,1,1,4.8,8.2,4,High
35,Female,16.4,8.2,3.0,5.3,0.83,0.0,2.7,1,0,1,0,1,1,4.9,3.7,4,Low
55,Female,24.3,6.8,1.9,2.5,2.65,285.0,2.5,1,1,0,0,0,0,4.2,4.7,3,Low
60,Female,19.4,6.3,5.3,8.9,1.72,130.0,3.9,1,0,0,1,1,0,1.0,8.2,0,Low
61,Male,25.6,8.6,1.0,8.4,2.17,195.0,0.0,0,0,0,1,0,1,2.9,2.3,3,Low
26,Female,24.4,7.0,5.0,0.5,2.08,0.0,3.7,2,1,0,0,1,0,5.2,10.0,3,High
52,Male,27.8,7.8,3.1,6.6,1.98,116.0,2.1,1,0,0,0,1,0,6.5,2.8,2,Low
15,Female,29.3,7.6,6.9,6.9,2.27,77.0,4.8,5,1,0,0,0,0,4.9,6.2,2,High
46,Female,26.6,2.0,7.5,5.1,2.17,381.0,1.9,1,0,0,1,0,0,6.3,5.9,1,High
46,Female,28.4,6.4,7.6,11.9,3.6,74.0,4.9,4,1,0,0,0,0,1.0,1.9,1,Medium
34,Female,22.9,4.8,4.4,11.6,2.28,277.0,0.0,3,0,1,1,0,0,2.6,1.0,2,High
69,Male,37.2,5.2,2.7,4.9,2.3,278.0,3.0,2,1,0,1,0,0,10.0,1.5,3,Medium
63,Male,19.0,8.9,3.4,5.4,1.53,275.0,0.9,4,1,0,0,0,0,6.8,4.1,5,High
17,Male,22.1,5.9,5.8,5.0,2.4,85.0,1.9,0,1,0,1,0,0,8.4,6.2,4,Medium
26,Male,28.6,9.5,1.6,4.3,1.28,349.0,9.0,6,1,0,0,0,0,4.3,3.9,1,Low
26,Female,27.9,4.2,8.3,3.4,3.02,371.0,0.9,1,1,1,0,0,1,7.6,3.3,1,High
64,Female,26.7,4.8,4.5,7.4,0.91,190.0,2.2,0,0,1,1,0,0,7.5,3.1,1,High
43,Male,27.5,7.7,6.3,11.5,1.43,99.0,0.5,0,0,0,0,0,0,10.0,4.1,2,High
55,Female,15.1,6.0,1.3,10.3,0.8,55.0,2.3,2,0,0,1,0,0,6.1,3.8,1,Low
59,Female,31.7,7.0,3.2,8.2,2.44,202.0,2.7,1,0,1,0,0,0,2.4,3.5,1,Low
57,Male,23.6,6.3,1.0,0.0,1.76,157.0,1.4,2,0,0,0,0,0,3.1,2.1,0,Low
19,Male,30.1,6.3,7.4,0.8,2.65,170.0,6.5,2,0,0,1,0,1,5.8,2.6,2,Low
22,Male,15.3,6.0,4.8,9.0,1.32,2.0,5.5,2,0,0,0,0,1,1.0,6.6,0,Low
36,Female,25.7,6.8,6.5,10.5,2.53,154.0,0.9,1,1,0,1,0,0,6.0,2.9,3,Medium
33,Male,22.0,7.5,5.3,7.6,2.56,276.0,4.8,1,0,0,1,0,0,6.4,6.6,2,Medium
56,Female,27.1,9.1,6.2,5.1,2.27,240.0,1.9,1,1,0,0,0,0,8.7,4.9,1,Medium
23,Female,25.9,6.2,4.5,9.8,2.12,104.0,0.3,1,0,1,1,0,1,1.0,9.2,1,Low
35,Female,26.1,5.9,4.8,8.1,2.21,138.0,1.4,1,0,1,0,0,0,2.2,5.0,0,Medium
28,Male,19.7,5.7,5.0,9.2,1.37,0.0,0.2,0,0,0,1,0,0,5.3,6.0,3,Medium
25,Male,24.2,8.9,6.1,0.8,1.24,77.0,5.1,1,0,0,1,1,0,4.9,2.1,1,Low
24,Male,23.7,7.6,6.2,7.0,2.54,113.0,1.1,2,1,0,0,0,1,5.1,1.3,3,Medium
25,Female,26.7,3.5,10.0,11.0,1.81,220.0,5.8,1,0,0,0,0,1,7.4,9.2,0,High
46,Female,29.0,3.4,8.9,7.5,2.46,72.0,3.3,3,1,1,1,0,1,5.9,6.8,2,High
37,Female,25.2,5.2,1.3,8.7,3.34,36.0,2.1,1,1,1,1,0,0,8.8,1.5,2,Low
38,Male,18.8,6.9,4.9,6.1,1.73,233.0,1.9,2,0,0,0,1,1,8.0,6.2,1,Low
41,Female,25.0,6.4,4.3,6.3,1.62,104.0,6.9,2,0,1,0,1,0,3.3,6.4,2,High
55,Female,36.2,7.3,8.0,9.9,1.84,58.0,3.0,1,1,0,0,0,0,5.8,8.5,2,High
62,Male,31.9,6.2,4.5,4.1,2.13,239.0,1.9,4,0,0,1,0,0,6.4,2.5,3,Low
43,Female,15.0,8.7,6.2,3.9,2.59,200.0,4.9,2,0,0,0,0,0,9.8,4.2,5,Medium
50,Male,24.8,7.7,1.0,4.7,2.08,127.0,4.3,1,1,0,0,0,0,5.6,3.4,1,Low
55,Female,28.7,6.6,1.9,6.1,3.76,111.0,0.8,1,0,0,0,0,0,6.5,5.1,1,Low
52,Male,23.7,8.3,9.8,1.5,2.44,192.0,3.0,1,0,0,1,0,1,3.8,3.7,1,Low
22,Female,22.4,3.9,5.3,8.0,2.72,209.0,0.0,1,1,1,0,0,0,6.4,6.3,0,High
69,Female,23.3,6.4,3.0,5.5,2.07,173.0,2.9,1,0,1,0,0,0,2.3,1.3,2,Low
24,Female,27.0,6.7,5.7,8.4,2.91,163.0,3.7,4,1,1,0,0,0,3.4,5.0,0,Medium
37,Female,19.3,7.5,2.9,0.1,1.94,83.0,4.0,4,1,1,0,0,1,8.2,1.2,3,Low
50,Male,29.8,3.8,4.6,8.4,1.58,90.0,0.8,3,0,0,1,0,1,7.2,7.4,0,High
37,Female,24.2,6.1,2.0,9.7,2.82,131.0,1.4,4,1,1,0,0,1,8.4,4.0,2,Medium
28,Female,20.3,7.1,3.5,7.2,2.05,44.0,3.5,4,0,0,0,0,1,10.0,4.2,3,Medium
65,Male,29.6,7.3,4.3,6.1,2.3,31.0,5.8,3,1,0,1,0,1,7.4,6.6,1,Low
18,Female,17.5,8.4,7.7,8.4,2.89,140.0,3.2,1,1,1,1,0,0,5.6,5.1,1,High
28,Male,22.0,7.7,6.2,9.6,2.21,259.0,1.8,1,0,0,0,0,0,3.6,4.6,1,Low
69,Male,21.9,6.4,6.6,7.5,1.98,0.0,5.1,1,0,0,0,0,0,3.7,3.2,4,Low
55,Female,34.1,7.6,5.1,7.7,1.67,107.0,3.3,4,1,0,0,0,0,5.1,4.1,1,High
19,Male,21.4,6.2,7.0,10.6,2.95,180.0,3.4,4,1,0,0,1,0,4.9,2.3,3,Medium
56,Female,15.0,6.7,3.3,8.1,1.83,268.0,4.8,4,0,0,0,0,1,7.2,2.2,1,Low
68,Female,21.9,7.8,3.6,3.8,2.06,348.0,2.8,1,1,1,0,0,0,2.8,5.4,1,Low
20,Female,26.5,6.4,6.1,9.5,2.33,122.0,0.9,2,0,0,0,0,0,3.6,1.4,0,Low
37,Male,28.0,7.1,4.6,5.7,2.33,367.0,2.7,2,1,0,1,0,1,5.9,4.1,1,Medium
40,Male,34.7,8.0,5.2,6.1,2.91,200.0,5.4,0,0,0,0,0,1,1.3,5.2,0,Low
22,Female,30.8,7.6,4.8,6.3,2.04,240.0,7.2,2,0,1,1,0,0,8.7,5.4,3,High
26,Male,25.3,8.5,8.0,8.7,3.2,33.0,0.3,2,0,0,1,1,0,7.2,1.0,0,Low
24,Female,20.5,10.2,8.1,10.9,1.9,200.0,6.6,3,1,0,0,0,0,5.5,3.0,5,High
25,Male,31.8,7.6,3.8,6.1,2.4,249.0,2.2,0,0,0,0,0,0,2.5,6.6,1,Low
37,Male,22.8,5.8,1.3,10.8,1.95,74.0,3.0,2,1,0,0,0,1,4.7,6.0,2,Medium
40,Male,21.5,7.3,3.6,6.5,3.77,0.0,6.7,1,0,0,1,0,0,6.8,4.7,2,Low
28,Male,22.6,7.3,3.2,9.9,1.82,166.0,2.1,3,0,0,1,0,0,3.4,3.3,0,Low
30,Other,18.9,7.5,7.0,6.6,1.89,126.0,2.4,1,1,0,0,1,1,1.0,4.1,1,High
25,Female,22.4,8.9,7.2,4.6,2.19,298.0,1.6,3,1,1,0,0,0,6.2,5.5,2,High
58,Male,23.5,3.8,2.9,11.4,1.89,91.0,3.1,1,1,0,1,0,0,5.8,3.7,2,Medium
26,Male,27.8,8.9,3.5,4.4,2.35,72.0,3.7,1,1,0,0,1,1,3.8,5.8,4,Low
64,Male,22.8,9.5,1.9,4.2,3.08,21.0,1.5,2,1,0,1,0,0,10.0,6.9,2,Low
44,Female,18.8,7.4,5.5,2.5,2.22,81.0,6.2,3,1,0,0,0,0,3.0,3.8,2,Low
59,Male,17.3,7.4,5.1,9.5,2.25,443.0,1.4,3,0,0,0,0,1,8.5,5.9,4,Medium
50,Female,25.4,6.1,6.9,10.2,1.92,0.0,4.1,3,1,0,0,0,0,6.7,3.3,1,Medium
29,Female,24.8,6.5,6.3,7.0,1.7,3.0,3.1,0,0,0,0,0,1,5.9,3.7,0,Low
48,Female,22.0,7.6,6.5,3.2,2.18,144.0,5.7,1,0,0,0,0,0,10.0,6.0,4,Medium
30,Female,22.4,7.5,1.8,6.0,2.11,367.0,1.2,2,0,0,1,0,1,7.9,9.3,0,High
21,Male,26.2,7.7,3.8,5.2,3.04,232.0,4.3,4,1,0,0,0,0,3.4,4.1,0,Low
29,Female,30.8,7.5,7.3,3.1,1.33,321.0,8.3,1,0,1,0,0,0,3.6,10.0,9,High
30,Male,21.0,7.9,4.0,4.6,3.26,108.0,0.0,3,0,0,0,1,0,3.1,3.3,0,Low
22,Male,24.9,7.8,1.6,7.4,1.98,0.0,1.0,2,0,0,0,0,0,5.8,7.1,2,Low
16,Female,28.8,4.9,7.0,4.3,2.22,101.0,7.6,3,0,0,0,1,1,3.3,7.1,1,Low
66,Male,21.0,7.8,3.9,6.8,1.25,136.0,2.7,1,0,0,0,0,0,1.0,7.6,0,Low
43,Female,24.4,9.5,7.5,1.0,2.55,151.0,3.2,1,0,1,1,0,0,3.8,3.7,3,Medium
37,Male,24.3,6.5,5.2,10.7,1.33,126.0,2.3,2,0,0,1,0,0,7.3,5.8,2,Low
66,Male,18.6,8.9,4.6,4.9,2.4,215.0,6.6,4,0,0,1,0,0,8.4,5.0,0,Low
27,Female,25.3,5.0,8.2,8.4,2.32,72.0,0.0,5,1,1,0,0,0,7.1,4.2,2,High
37,Male,24.6,6.5,2.3,6.5,1.84,48.0,5.7,1,0,0,1,0,0,4.7,4.4,3,Medium
61,Female,27.0,5.5,8.4,7.1,0.45,17.0,0.0,1,0,0,0,1,0,7.7,1.3,2,High
49,Female,19.2,8.7,3.8,2.8,3.83,173.0,0.0,1,0,1,0,0,0,9.9,4.4,2,Low
36,Male,24.5,9.1,5.6,3.9,1.26,162.0,0.6,2,0,0,0,0,1,6.4,3.6,2,Low
29,Female,30.7,6.3,5.6,3.9,2.32,270.0,2.7,2,1,0,1,1,0,5.2,4.1,4,High
16,Male,33.8,8.4,4.3,6.1,1.52,320.0,1.4,1,1,0,0,0,0,9.4,1.7,3,Medium
19,Female,30.3,9.1,3.5,9.7,2.94,17.0,1.3,4,0,0,1,0,0,3.5,3.9,1,Low
23,Female,19.2,6.4,4.4,7.2,1.8,153.0,1.0,2,0,0,1,0,0,7.0,5.3,3,Medium
58,Male,26.5,6.7,3.0,3.5,1.5,127.0,1.0,0,1,0,1,0,0,1.0,2.5,2,Low
50,Female,22.3,7.7,9.5,6.2,2.58,0.0,0.9,1,0,1,0,0,0,4.1,5.4,2,High
38,Male,25.8,5.2,4.1,5.8,1.08,92.0,3.5,3,1,0,0,1,0,1.0,4.9,0,Low
58,Female,21.0,6.7,7.7,5.0,1.77,322.0,1.6,1,1,1,0,0,0,7.0,3.8,2,High
23,Male,16.8,9.9,7.5,6.0,2.65,80.0,0.0,3,1,0,1,0,0,3.1,6.0,0,Medium
26,Male,22.9,5.7,6.0,8.1,3.31,62.0,2.9,3,1,0,0,0,0,6.7,6.9,3,Medium
36,Female,27.8,7.9,4.9,4.0,1.33,144.0,4.6,2,0,0,0,0,1,3.6,3.5,2,Low
65,Female,25.8,7.3,5.6,5.0,1.61,250.0,2.4,3,0,1,0,1,0,3.8,2.9,1,Medium
48,Female,26.3,6.2,6.5,8.7,2.38,116.0,0.2,2,0,1,0,0,0,3.4,6.1,1,Medium
61,Male,25.5,6.9,5.4,7.3,0.5,164.0,4.6,2,0,0,1,0,0,6.5,3.2,6,High
28,Female,26.3,9.3,1.8,9.6,3.19,0.0,0.0,1,1,0,1,1,1,5.9,1.7,2,Low
61,Female,26.9,7.4,1.2,10.0,1.3,213.0,2.3,0,1,1,0,0,0,2.8,6.3,2,Low
18,Male,23.3,7.6,8.5,2.2,1.75,174.0,3.0,2,0,0,0,0,0,4.9,3.3,4,Medium
27,Female,24.9,9.1,1.0,6.8,2.31,247.0,5.4,3,1,1,1,0,1,3.4,5.8,5,Medium
43,Female,32.3,6.0,5.6,4.6,2.14,0.0,4.3,1,0,0,0,0,0,3.9,1.4,2,Low
17,Female,25.1,4.8,4.7,2.6,1.33,117.0,3.5,2,0,1,0,0,0,3.9,5.2,1,High
62,Female,24.7,9.3,5.6,3.8,3.48,256.0,5.0,3,0,1,0,0,1,3.7,4.6,1,Medium
62,Male,25.0,6.7,2.7,5.2,0.3,89.0,0.5,0,1,0,1,0,0,6.8,6.5,5,Medium
44,Male,23.5,7.9,6.0,5.2,1.2,156.0,6.5,2,0,0,0,1,0,6.8,1.0,2,Medium
31,Male,22.5,5.3,5.7,4.3,1.59,105.0,0.0,2,0,0,0,0,1,1.1,1.5,3,Low
20,Male,25.4,7.1,10.0,6.0,1.34,108.0,6.1,0,0,0,1,1,1,4.5,7.5,4,High
49,Female,22.2,4.7,5.5,12.9,3.08,278.0,1.1,3,0,1,1,1,0,10.0,4.4,2,High
44,Female,23.8,6.6,8.2,1.2,0.77,0.0,3.8,3,1,1,0,0,1,8.3,1.8,0,High
56,Male,20.9,5.5,1.9,9.2,3.35,144.0,6.2,1,0,0,0,0,0,10.0,5.6,5,Medium
48,Male,25.0,5.1,7.4,5.9,1.88,178.0,4.2,4,0,0,0,0,0,2.6,3.4,0,Low
22,Male,27.1,6.0,5.7,4.8,1.01,253.0,3.8,1,0,0,1,1,1,4.2,2.9,1,Medium
21,Female,23.5,2.8,5.8,0.3,0.42,137.0,4.9,0,1,0,1,0,0,3.0,8.6,5,High
57,Male,15.5,4.6,5.8,8.1,1.93,257.0,0.0,1,0,0,1,0,1,5.2,3.5,1,High
23,Male,27.2,7.8,9.0,2.0,1.54,144.0,0.1,3,0,0,0,0,0,5.8,1.0,1,Medium
66,Male,25.0,7.1,5.8,8.3,2.29,163.0,3.6,2,0,0,1,0,0,6.4,3.8,5,High
20,Male,20.0,4.8,3.5,10.9,1.74,159.0,2.6,4,1,0,0,0,0,4.0,2.7,1,High
55,Female,28.0,7.4,3.8,2.4,2.86,222.0,2.3,4,0,1,0,0,0,3.5,1.0,1,Low
68,Female,18.2,5.1,7.0,9.3,1.99,210.0,5.7,2,0,0,0,0,0,2.9,6.2,0,Low
39,Female,29.2,7.7,6.2,6.1,1.76,28.0,5.5,3,1,0,1,0,0,4.7,7.6,3,High
18,Female,24.2,6.3,1.8,0.1,2.88,174.0,1.0,3,1,1,1,0,0,6.6,5.4,3,Low
63,Male,15.0,6.0,6.3,2.6,2.28,209.0,4.0,3,1,0,1,0,0,7.0,4.2,1,Medium
25,Female,25.3,6.4,2.8,6.5,2.72,311.0,0.0,0,0,1,0,1,0,8.3,3.5,2,Medium
44,Female,22.7,10.6,6.2,7.1,3.02,39.0,0.0,2,0,0,0,0,0,6.0,4.1,4,Low
69,Female,22.0,5.3,3.4,1.6,1.86,209.0,1.0,2,0,0,0,0,0,7.1,6.6,2,Low
55,Male,21.2,6.9,4.6,6.1,2.13,112.0,2.9,2,0,0,1,1,0,1.5,1.0,5,Low
17,Female,23.9,7.8,4.0,8.3,2.78,171.0,1.6,3,0,0,0,0,0,7.6,4.5,2,Low
60,Female,22.3,5.0,8.5,8.8,0.3,32.0,4.0,5,1,1,0,1,1,7.9,7.1,3,High
23,Male,16.1,3.9,6.1,4.8,2.02,149.0,3.0,2,1,0,0,0,1,9.5,1.3,2,High
56,Female,30.2,5.5,8.0,7.2,1.92,185.0,5.5,1,0,0,0,0,1,10.0,6.8,2,Medium
49,Female,23.4,7.7,10.0,9.0,2.4,43.0,4.2,3,1,0,0,0,0,2.2,8.4,1,High
30,Female,21.2,6.0,5.3,8.4,1.46,309.0,0.7,6,1,1,0,0,0,7.4,3.2,1,High
38,Male,19.4,6.1,8.5,8.5,2.98,0.0,5.0,0,1,0,0,0,0,4.2,1.3,2,Medium
21,Male,28.0,8.0,3.7,6.3,1.51,209.0,1.1,0,0,0,0,0,1,3.9,3.1,2,Low
69,Male,18.7,5.2,8.0,5.7,1.73,0.0,3.9,1,0,0,1,1,0,4.2,5.4,2,Medium
28,Female,25.1,6.4,3.4,6.8,1.57,122.0,1.9,3,0,1,0,0,0,3.9,10.0,4,Medium
31,Other,21.9,4.1,5.2,3.9,3.08,203.0,5.9,6,1,0,0,0,0,4.8,2.7,2,Medium
42,Male,22.1,7.0,6.4,9.1,0.43,228.0,4.6,3,0,0,0,0,0,4.1,2.8,1,Medium
51,Female,19.5,6.9,6.7,1.7,3.53,138.0,1.5,3,1,1,0,1,0,6.3,4.3,5,High
42,Female,21.7,7.8,2.4,4.6,3.28,123.0,2.2,1,0,0,0,0,0,6.9,4.9,1,Low
42,Female,24.5,4.7,3.3,5.9,1.65,212.0,10.2,4,0,0,1,0,0,8.1,4.5,1,Medium
47,Male,25.6,6.2,6.5,7.3,2.92,255.0,0.2,2,0,0,1,1,1,6.5,1.0,4,Low
62,Female,21.0,4.5,4.4,7.8,2.2,302.0,1.4,3,1,0,1,0,0,4.9,1.6,3,High
36,Female,24.1,6.1,2.1,10.2,3.42,8.0,1.5,5,0,0,0,0,1,6.9,6.5,1,Low
60,Male,28.5,8.9,5.0,6.2,2.86,128.0,0.5,2,0,0,0,0,0,7.7,7.7,3,Medium
58,Male,17.0,6.0,4.9,4.0,3.85,0.0,0.7,4,0,0,0,0,0,6.6,1.4,4,Low
67,Male,24.5,4.3,5.6,5.6,0.85,0.0,2.8,2,0,0,1,1,1,6.5,7.5,2,High
65,Male,20.2,5.4,6.4,5.1,2.25,73.0,4.0,1,0,0,1,0,1,10.0,1.0,3,Medium
58,Female,19.8,3.9,6.2,7.5,0.72,245.0,0.0,0,0,1,0,0,0,3.7,5.2,2,Medium
28,Male,25.7,4.4,3.5,3.0,1.69,97.0,1.9,3,0,0,1,0,0,7.4,3.8,2,High
57,Female,22.0,7.6,4.3,5.5,3.9,118.0,1.2,2,1,0,1,0,0,5.6,5.4,5,High
55,Female,19.0,4.2,7.2,10.5,2.47,183.0,0.4,0,0,0,1,1,1,1.0,1.3,1,Medium
30,Other,30.5,7.0,4.0,6.5,2.89,76.0,5.2,1,0,0,1,0,0,1.0,6.5,0,Low
52,Female,28.6,6.5,4.3,3.1,2.51,0.0,1.3,2,0,0,1,0,0,1.0,3.8,0,Low
28,Female,15.8,5.6,1.9,5.0,2.46,68.0,0.0,0,1,1,0,0,0,5.2,2.7,1,Low
43,Male,17.9,6.9,5.1,0.0,1.68,137.0,4.9,0,1,0,1,0,0,1.1,3.5,3,Low
58,Female,27.2,5.0,6.0,5.8,1.53,202.0,5.8,0,0,1,0,0,0,4.9,6.3,0,Medium
25,Female,23.2,7.8,1.0,10.6,1.66,127.0,3.5,0,0,0,0,0,1,5.5,4.4,2,Low
33,Male,31.3,5.4,2.8,2.7,0.3,200.0,0.9,0,0,0,1,0,1,3.9,5.3,1,Medium
58,Male,27.3,5.9,2.1,1.9,2.03,252.0,2.4,2,0,0,0,1,0,4.5,6.2,2,Low
39,Male,25.8,5.7,6.9,4.2,2.29,273.0,1.6,2,0,0,0,0,0,7.4,2.8,2,High
67,Female,19.9,7.6,1.0,8.6,1.6,169.0,2.9,3,0,0,0,0,1,2.9,3.1,2,Low
15,Male,26.7,7.4,5.0,10.8,2.0,25.0,4.6,3,1,0,0,0,1,5.3,10.0,5,Low
54,Male,18.8,2.3,6.8,7.3,2.52,13.0,2.9,3,1,0,0,0,0,1.0,1.3,4,High
59,Female,30.4,6.9,5.6,2.4,2.81,23.0,3.0,2,0,0,1,0,1,5.8,1.0,1,Low
65,Female,26.4,3.7,4.2,5.9,1.14,32.0,1.9,2,0,1,0,0,0,8.4,2.7,2,High
23,Female,20.8,6.0,6.0,11.0,1.46,161.0,4.5,1,0,1,0,0,1,7.1,3.8,0,High
69,Female,28.1,6.3,7.5,5.1,2.7,358.0,3.8,1,1,1,1,0,0,4.5,6.3,2,High
36,Female,34.6,5.9,5.0,6.4,2.57,173.0,0.0,0,0,0,1,0,0,4.1,3.0,0,Low
34,Male,23.5,7.3,1.0,6.7,3.18,141.0,0.0,0,1,0,0,0,0,9.4,6.4,0,Low
34,Male,27.0,7.7,7.7,1.7,3.14,256.0,2.3,2,0,0,0,1,0,6.7,3.4,3,Low
50,Female,22.6,5.3,6.1,8.8,4.03,59.0,5.1,1,0,0,1,0,0,5.3,5.8,0,Low
51,Male,24.9,5.2,5.1,8.4,1.87,265.0,5.6,2,0,0,0,0,1,6.8,7.2,4,High
41,Female,17.7,6.4,1.0,0.4,3.36,256.0,4.7,2,1,0,0,0,0,3.7,3.0,1,Low
18,Female,24.5,4.0,4.5,2.3,1.36,156.0,2.7,1,0,0,0,0,1,4.8,6.6,0,Medium
69,Male,24.7,5.7,3.3,3.3,4.02,380.0,6.2,1,0,0,1,0,0,3.3,1.8,2,Low
27,Female,32.6,8.7,2.5,8.1,2.46,273.0,1.4,1,1,0,1,0,0,7.4,4.7,2,Low
20,Male,16.4,4.1,4.9,3.9,2.53,155.0,2.2,0,1,0,0,0,1,2.8,5.0,3,Low
47,Female,23.2,6.0,4.0,7.1,2.89,134.0,0.0,1,0,0,1,0,1,3.9,4.9,1,Low
37,Female,30.3,5.6,4.2,5.5,1.02,102.0,2.2,1,0,1,0,0,0,6.1,5.1,6,High
48,Female,23.4,9.7,6.8,6.2,1.24,136.0,1.1,6,1,1,0,1,0,1.0,5.0,2,High
63,Female,23.7,5.6,5.8,7.4,2.19,139.0,6.4,5,0,1,0,0,0,3.1,1.0,5,Medium
20,Male,20.8,5.7,4.1,6.8,2.38,115.0,6.0,1,0,0,1,0,0,2.8,5.0,4,Medium
30,Male,20.3,4.9,3.8,5.9,3.77,126.0,3.1,2,0,0,0,0,1,5.5,1.0,2,Low
43,Female,16.3,6.5,4.2,6.9,1.34,19.0,4.0,7,0,0,0,1,0,5.5,3.1,2,Low
58,Female,21.7,6.9,4.7,6.6,3.33,88.0,1.7,3,0,1,0,0,0,10.0,6.5,6,High
48,Male,20.0,5.1,6.5,5.4,1.89,0.0,0.0,1,0,0,1,1,1,2.7,5.8,0,Medium
36,Male,25.0,8.1,2.9,4.8,1.88,196.0,1.3,2,0,0,0,0,0,1.2,8.1,3,Low
48,Female,21.0,6.9,8.4,11.3,1.97,159.0,4.6,2,0,0,0,1,0,8.0,5.5,1,Medium
68,Female,22.3,7.9,6.5,4.8,1.86,137.0,4.0,1,0,0,0,0,0,3.4,2.7,1,Low
41,Female,22.5,6.0,1.0,9.8,2.49,247.0,2.1,4,0,1,0,0,0,5.3,1.4,1,Medium
63,Female,24.3,6.9,5.4,4.1,1.78,55.0,4.6,2,0,1,0,0,1,3.7,7.4,3,Medium
57,Female,22.1,6.2,7.5,8.3,0.97,72.0,2.0,3,1,1,1,0,0,6.5,1.9,3,High
31,Female,19.7,8.8,6.1,11.0,1.89,0.0,0.5,0,0,1,1,0,0,5.9,1.7,1,High
28,Female,24.9,6.7,4.3,5.1,2.47,263.0,4.6,2,0,1,0,0,0,4.1,4.7,3,Medium
57,Female,29.3,6.5,5.1,4.1,0.98,217.0,1.7,3,1,1,0,1,0,5.1,7.4,0,Medium
26,Female,25.1,5.8,5.6,4.8,2.57,296.0,5.3,2,1,1,0,1,1,3.8,4.7,1,Medium
33,Male,21.8,5.7,6.9,5.9,3.04,324.0,0.0,3,0,0,0,0,0,5.1,3.7,0,Medium
27,Male,23.9,6.9,2.1,6.9,3.28,103.0,1.7,1,0,0,0,0,0,3.9,2.7,1,Low
48,Female,15.3,7.8,3.9,5.9,2.37,72.0,4.3,3,1,0,0,1,1,8.7,5.4,3,Medium
31,Female,23.9,5.4,8.8,4.8,0.66,0.0,4.1,1,0,0,0,0,0,4.3,1.0,1,Low
51,Female,22.7,6.7,5.3,11.5,2.62,29.0,2.5,4,1,1,0,0,0,3.9,1.1,2,Medium
66,Male,20.3,6.8,8.6,5.4,2.87,114.0,3.6,2,0,0,1,0,0,1.0,2.6,4,Low
60,Male,21.1,7.1,10.0,4.3,1.54,0.0,3.3,1,0,0,0,0,0,2.3,2.6,4,Medium
67,Female,22.7,3.8,4.1,8.3,2.04,31.0,0.0,3,0,0,0,1,0,6.5,3.1,0,Low
16,Male,29.0,5.0,2.6,8.4,2.49,141.0,2.2,4,0,0,0,0,0,4.6,6.8,1,Low
40,Male,29.4,4.3,4.6,10.0,3.53,248.0,3.5,3,0,0,1,0,0,4.2,7.6,1,High
27,Male,20.3,6.6,7.6,11.4,1.9,71.0,4.1,0,0,0,1,0,0,6.8,2.3,0,Low
65,Female,22.2,5.1,7.9,7.0,2.81,164.0,2.9,1,1,1,0,0,0,8.3,3.9,1,Medium
54,Female,22.3,5.7,10.0,5.2,2.35,355.0,1.8,1,0,0,0,0,0,2.9,2.6,0,Low
32,Male,28.1,4.6,5.1,0.7,2.26,0.0,0.1,3,0,0,0,0,1,4.4,3.1,2,Medium
45,Female,25.2,5.9,6.3,3.4,3.16,269.0,4.7,2,0,1,1,0,1,1.0,5.8,2,Medium
48,Male,24.9,4.7,3.6,6.6,1.43,192.0,4.4,6,1,0,0,0,0,7.4,7.2,4,High
42,Male,26.9,7.7,1.0,2.7,2.28,289.0,5.2,0,0,0,0,0,0,10.0,7.5,1,Low
41,Female,21.8,7.3,5.1,1.6,2.12,256.0,0.6,2,1,0,0,0,0,4.1,4.6,1,Low
18,Female,30.6,6.7,2.7,6.2,0.89,77.0,3.3,3,1,0,0,0,1,4.1,1.0,1,Low
39,Female,24.5,6.0,6.6,8.2,3.09,150.0,1.5,1,1,0,0,0,1,4.8,1.2,5,Low
34,Female,20.6,3.2,1.1,5.3,2.76,0.0,3.1,2,0,0,0,0,0,5.6,1.0,1,Low
60,Male,23.5,5.8,3.6,8.5,2.13,92.0,9.4,1,0,0,0,0,0,5.7,7.0,1,Low
62,Male,30.0,5.3,5.8,7.7,1.89,153.0,5.0,3,0,0,0,0,0,5.7,3.0,2,Low
56,Female,22.6,6.9,6.0,9.2,2.1,183.0,1.3,2,0,0,0,0,1,1.5,4.8,3,Medium
16,Male,28.8,7.5,5.1,12.1,2.67,237.0,2.4,4,0,0,1,0,1,4.9,8.1,1,High
61,Female,21.7,7.0,9.3,13.3,2.14,324.0,2.2,4,0,0,1,0,1,6.6,1.9,2,Medium
36,Male,21.1,8.5,8.7,8.0,1.57,102.0,3.3,2,1,0,0,0,0,2.0,3.8,2,Medium
37,Female,27.5,5.6,3.7,4.7,1.69,276.0,0.0,3,0,1,1,0,0,1.6,4.7,0,Low
66,Male,20.6,5.5,8.7,6.2,2.09,179.0,3.7,2,0,0,1,0,0,3.6,1.0,1,High
62,Male,28.2,8.2,9.1,10.4,1.35,6.0,0.0,5,0,0,1,0,0,5.4,6.5,1,High
17,Female,26.1,6.8,4.9,3.5,2.37,133.0,0.0,1,0,1,1,0,0,6.6,7.4,1,High
34,Male,20.6,6.1,5.3,10.1,1.47,163.0,7.4,1,0,0,0,0,1,7.0,6.1,1,Medium
56,Male,24.2,9.5,5.1,5.5,1.34,58.0,2.2,0,1,0,1,0,0,2.8,6.2,1,Low
44,Female,22.0,7.4,3.8,6.6,4.65,36.0,6.1,2,0,0,0,0,0,1.0,4.8,3,Low
29,Male,26.1,6.2,4.0,3.7,3.65,32.0,1.2,3,1,0,0,0,0,8.9,5.4,2,Medium
43,Male,33.0,5.4,8.1,2.3,2.22,90.0,0.0,1,1,0,0,0,1,8.1,7.4,2,High
62,Male,22.8,8.6,6.2,5.2,2.78,55.0,0.7,3,0,0,1,0,0,3.9,7.1,2,Medium
27,Female,26.9,6.8,4.0,9.6,2.92,285.0,8.9,2,0,0,1,0,0,6.9,5.5,1,Low
56,Male,24.6,6.5,3.2,4.0,2.04,0.0,0.0,4,0,0,1,0,1,5.7,2.5,0,Low
55,Other,24.6,7.6,3.5,10.5,2.33,162.0,6.9,1,0,0,0,0,1,4.6,1.0,4,Low
63,Male,23.8,7.9,4.8,4.4,1.89,208.0,3.8,2,0,0,1,0,0,9.5,7.8,1,Medium
31,Female,20.6,7.4,7.2,3.0,3.1,44.0,3.3,2,0,0,0,0,0,3.4,8.6,2,Low
26,Female,26.0,7.9,3.3,6.7,3.12,124.0,1.4,3,0,0,0,0,1,1.5,3.1,2,Low
45,Male,23.2,7.2,7.2,7.9,3.35,112.0,1.0,1,0,0,1,1,0,5.4,7.3,1,Medium
44,Female,20.4,7.4,5.6,6.5,2.31,141.0,4.2,2,1,1,0,0,0,3.5,1.0,1,Low
37,Female,29.1,5.3,5.5,6.4,3.83,223.0,5.9,3,0,0,1,1,0,5.4,6.3,1,Medium
57,Female,24.9,9.4,7.5,10.5,2.04,213.0,3.4,0,1,0,0,0,0,4.3,5.5,3,Medium
58,Male,23.5,4.5,7.1,6.3,3.74,84.0,4.6,2,0,0,1,1,1,3.2,3.0,1,Medium
28,Female,30.5,7.0,2.1,4.7,1.73,0.0,2.1,4,0,1,0,1,0,4.5,9.3,1,Low
58,Male,16.2,4.4,2.8,2.8,1.06,168.0,7.8,0,1,0,0,0,0,1.2,4.0,1,Low
27,Male,30.2,6.3,4.7,9.6,3.72,78.0,3.5,4,1,0,0,0,1,1.2,6.8,1,Medium
37,Other,20.5,5.6,6.0,4.8,2.63,92.0,7.5,2,1,0,0,0,0,4.4,9.1,1,Low
16,Male,25.5,6.7,8.2,5.1,2.52,175.0,0.9,2,1,0,1,0,1,6.0,4.3,2,High
33,Female,21.9,7.0,5.3,8.9,1.81,102.0,2.9,1,0,0,1,0,1,1.0,6.7,3,Low
67,Male,20.3,5.0,8.9,11.8,1.42,184.0,5.4,4,0,0,1,0,0,6.1,4.5,3,Medium
39,Female,30.4,6.5,3.6,6.7,1.5,426.0,3.3,3,0,1,0,0,0,3.8,5.4,0,Medium
54,Other,32.9,8.7,4.0,5.6,2.21,225.0,4.1,0,1,0,1,0,0,6.0,2.3,2,Low
20,Female,23.5,4.4,4.5,6.0,1.98,298.0,0.8,5,1,0,0,0,0,5.6,4.9,2,High
49,Male,26.0,5.1,3.4,4.7,0.55,206.0,2.1,1,0,0,0,0,0,7.4,5.0,3,Low
35,Male,24.8,7.9,7.8,5.0,3.46,158.0,1.1,2,1,0,1,1,1,4.6,4.9,2,Medium
55,Female,32.3,6.6,1.0,5.0,1.76,208.0,2.8,1,0,0,0,0,0,1.0,7.4,1,Low
66,Male,15.0,6.7,4.1,8.6,3.09,203.0,2.6,3,1,0,1,1,0,10.0,5.3,0,High
44,Female,26.2,8.1,7.7,5.8,1.54,245.0,1.8,2,0,0,1,0,0,5.2,2.1,1,Medium
20,Female,21.2,5.2,4.5,9.8,2.22,157.0,4.4,2,1,0,0,0,1,5.4,5.9,3,Medium
41,Female,15.0,5.7,7.6,5.7,2.88,6.0,0.7,2,0,1,1,0,0,4.7,3.2,4,Medium
21,Female,22.9,5.5,10.0,5.0,2.77,0.0,0.0,1,1,0,0,1,1,8.5,5.0,4,High
39,Male,32.8,5.9,5.4,9.6,1.89,201.0,1.7,1,0,0,1,0,0,1.9,4.9,3,Medium
18,Male,21.5,8.6,7.8,6.1,2.51,26.0,7.7,0,1,0,1,0,0,1.5,6.3,4,Low
50,Female,28.1,3.8,10.0,5.6,2.64,226.0,4.1,4,0,0,1,0,0,3.3,5.1,1,Medium
32,Male,29.9,4.6,6.1,6.1,1.98,297.0,1.1,3,1,0,1,0,1,6.0,6.0,2,High
26,Male,24.4,4.3,5.1,10.1,1.21,126.0,4.0,4,1,0,1,1,0,3.2,4.9,3,High
15,Male,25.0,8.7,7.2,6.9,1.6,283.0,2.7,0,0,0,0,0,0,3.1,10.0,2,Medium
63,Female,16.8,5.5,7.8,9.5,1.8,178.0,3.9,3,0,1,1,1,0,2.2,3.8,2,Medium
61,Male,21.3,6.0,5.1,5.3,2.12,153.0,4.9,4,0,0,0,0,1,7.1,3.3,2,Low
59,Female,28.6,3.9,4.1,9.1,3.37,158.0,3.4,4,0,1,0,0,1,5.9,6.1,2,High
18,Male,24.8,6.1,9.0,6.7,2.83,59.0,3.3,1,0,0,0,0,0,7.0,3.6,0,Medium
34,Male,26.2,7.9,4.6,8.5,1.45,45.0,6.3,1,1,0,0,0,0,3.7,6.5,4,Medium
68,Male,25.1,6.9,7.8,8.7,3.57,0.0,4.2,1,1,0,0,1,0,4.8,1.7,1,High
46,Female,34.4,6.3,5.8,3.4,2.04,69.0,3.4,1,0,1,0,0,1,6.9,5.0,2,Medium
22,Female,22.6,4.0,9.2,6.2,2.64,385.0,3.1,1,0,1,0,0,1,3.0,5.7,0,Medium
22,Male,31.7,6.0,3.3,8.7,1.35,0.0,1.8,2,1,0,1,0,0,7.5,2.0,1,High
29,Female,25.1,6.7,3.3,9.1,1.74,21.0,0.3,2,0,0,1,0,0,6.1,5.6,2,Medium
68,Female,32.1,4.9,7.1,9.5,2.93,61.0,4.5,2,1,0,1,0,0,8.2,1.0,3,Medium
24,Male,19.0,7.5,2.7,6.3,1.4,67.0,5.8,4,0,0,1,0,0,7.3,4.7,4,Medium
64,Male,25.3,7.9,5.5,10.3,2.14,180.0,3.9,3,0,0,0,0,0,1.0,7.5,0,Low
52,Female,22.7,5.7,8.6,4.2,2.48,83.0,4.2,2,1,1,0,0,1,3.6,2.6,2,Medium
65,Female,25.1,7.7,1.3,1.8,1.28,128.0,1.0,3,0,1,0,0,0,1.0,4.5,0,Low
60,Male,30.0,6.3,6.1,5.2,0.68,57.0,1.7,2,0,0,0,0,0,1.0,2.6,1,Low
33,Female,26.2,8.3,7.9,9.3,2.83,98.0,0.2,2,0,1,0,1,0,2.5,6.3,3,Medium
60,Female,30.0,9.8,5.1,3.0,4.39,143.0,2.5,1,1,0,0,0,1,8.3,6.6,1,Low
24,Female,21.5,4.8,3.2,1.9,2.47,135.0,5.2,4,1,0,0,0,1,4.9,5.9,3,Medium
31,Female,20.8,7.7,4.6,1.2,2.62,368.0,1.5,1,1,1,0,0,0,6.1,6.4,2,Low
26,Other,24.6,8.6,3.4,8.1,1.39,147.0,2.8,1,0,0,0,0,0,3.7,3.0,0,Low
22,Female,24.3,4.9,5.4,1.9,3.28,127.0,4.5,3,0,0,1,0,0,4.2,4.4,2,Medium
19,Female,23.7,5.6,4.6,7.5,1.8,0.0,5.7,4,1,0,1,0,1,6.7,1.8,1,Low
25,Female,20.2,5.6,4.1,5.1,3.03,176.0,0.0,0,1,0,1,0,0,4.6,2.4,3,Medium
21,Female,29.9,6.3,6.2,3.8,2.59,0.0,2.0,2,1,0,0,0,0,4.4,4.2,3,High
35,Female,22.9,5.9,8.7,3.2,2.61,211.0,1.4,3,1,1,0,0,0,6.3,7.5,3,High
18,Other,30.9,6.2,5.9,6.6,2.57,166.0,1.1,3,0,0,1,1,1,2.3,2.6,1,Low
18,Male,24.6,7.8,8.2,3.9,2.55,238.0,2.2,0,0,0,0,1,0,5.4,5.4,3,Medium
69,Female,27.4,3.5,8.7,6.0,2.33,80.0,0.0,1,0,1,0,0,1,5.6,2.5,1,Medium
19,Female,27.0,4.9,3.9,7.1,2.88,153.0,2.2,3,0,0,0,0,1,1.0,1.8,3,Medium
19,Female,20.8,7.6,5.8,7.7,1.52,224.0,3.1,4,0,1,0,0,0,2.2,7.9,0,Low
16,Female,26.2,7.4,4.3,8.6,1.91,48.0,0.7,2,1,1,0,0,0,3.3,7.4,2,Medium
22,Male,33.2,4.8,1.9,6.5,3.27,217.0,1.9,4,1,0,0,0,0,3.8,2.7,1,Low
44,Female,25.6,7.4,6.0,3.1,2.24,212.0,3.0,2,0,0,0,0,0,6.2,3.8,2,Low
60,Male,28.6,8.6,2.9,7.3,1.84,135.0,3.3,0,0,0,0,0,1,2.7,5.0,3,Low
55,Male,27.6,6.4,6.3,7.8,2.93,324.0,0.0,3,1,0,1,0,1,2.6,2.2,2,Medium
46,Female,25.9,4.9,1.8,5.5,2.77,207.0,4.5,0,1,1,1,1,0,6.6,5.8,1,High
19,Male,25.3,7.9,5.6,5.2,1.06,0.0,4.6,0,0,0,0,0,0,7.4,1.0,4,Low
57,Female,27.0,9.3,1.7,12.9,2.68,259.0,1.4,2,0,0,1,0,0,7.5,3.4,1,Medium
17,Female,27.9,5.1,6.7,2.4,2.21,78.0,6.7,0,0,0,0,0,0,2.2,3.8,4,Medium
49,Male,18.4,6.6,4.3,7.4,2.67,238.0,4.0,0,0,0,0,0,0,2.7,5.7,3,Low
37,Female,25.6,8.2,4.1,8.9,2.11,183.0,3.7,3,0,0,0,0,0,1.0,7.6,2,Low
63,Male,23.7,6.7,7.7,5.0,2.47,0.0,4.5,1,0,0,0,0,0,1.0,2.1,0,Low
31,Male,22.7,3.7,4.5,5.5,0.64,217.0,0.7,2,0,0,0,0,0,1.9,4.2,0,Low
50,Female,30.3,7.2,5.4,4.9,1.38,126.0,2.2,2,0,0,1,0,0,3.3,6.0,1,Medium
39,Male,21.2,4.9,4.8,6.0,2.69,99.0,4.4,1,0,0,0,1,0,5.5,4.4,1,Low
43,Female,18.2,4.5,6.3,8.5,4.2,104.0,1.2,0,1,1,1,0,0,7.1,4.1,3,High
66,Male,28.1,3.7,7.5,5.4,2.39,237.0,2.2,1,0,0,1,0,1,4.7,6.5,3,High
54,Female,18.1,8.4,7.0,14.7,1.55,49.0,4.3,3,0,1,0,0,0,8.6,1.0,2,High
37,Female,15.8,5.2,4.2,4.7,2.21,272.0,3.7,5,0,0,1,0,1,2.7,4.0,0,Medium
39,Female,28.6,7.0,7.9,9.9,1.39,0.0,3.0,0,0,0,0,0,0,8.4,4.7,1,Low
53,Male,25.2,7.4,3.2,7.5,3.1,183.0,3.1,2,0,0,1,0,0,2.9,4.5,1,Low
34,Female,26.6,6.8,3.6,6.3,2.14,235.0,2.6,1,0,0,0,0,0,6.2,2.7,2,Low
24,Male,22.5,7.0,4.9,10.1,2.94,232.0,4.9,3,0,0,1,0,0,5.5,6.7,8,High
40,Female,18.3,7.1,7.5,1.5,1.98,170.0,7.6,2,0,0,0,0,0,7.9,5.2,0,Low
18,Female,19.2,6.7,2.6,7.2,3.01,127.0,3.6,1,0,0,1,0,0,8.7,1.0,4,Low
24,Female,23.3,5.3,7.2,4.0,0.8,90.0,5.8,1,1,1,0,0,0,2.5,6.0,2,High
38,Female,18.8,5.1,5.1,4.8,2.12,16.0,2.0,1,1,0,1,1,0,1.0,4.2,1,Low
58,Male,25.9,6.3,4.2,4.6,2.53,75.0,1.5,1,0,0,0,0,0,4.5,6.7,3,Medium
57,Female,22.4,6.3,7.6,3.3,1.89,44.0,1.3,5,1,1,0,0,0,6.0,7.8,0,Medium
29,Male,25.3,7.2,3.4,1.4,2.39,26.0,1.0,0,1,0,1,0,1,5.0,4.7,2,Low
38,Male,25.2,8.3,10.0,7.1,2.37,348.0,2.4,1,0,0,1,1,1,10.0,2.7,5,High
23,Female,26.2,7.1,4.8,5.8,2.94,0.0,4.9,0,1,1,0,1,0,6.4,6.8,1,Medium
56,Male,26.7,5.2,5.5,5.2,2.6,274.0,5.2,1,0,0,0,0,0,6.3,8.1,0,Medium
28,Male,23.0,3.0,8.6,8.1,2.41,14.0,1.9,0,0,0,0,0,0,1.7,5.4,3,High
58,Male,25.3,5.3,5.6,7.3,2.8,38.0,2.3,2,0,0,1,0,0,3.6,4.5,5,Medium
61,Female,25.6,4.3,7.8,5.3,1.02,36.0,3.0,4,0,0,0,0,0,6.2,6.9,3,Low
52,Male,15.0,5.3,1.0,14.5,1.5,28.0,3.5,2,0,0,1,0,0,5.8,2.5,0,Medium
33,Male,27.4,6.9,4.2,8.9,0.99,252.0,4.3,1,0,0,0,0,0,5.2,4.8,2,Medium
67,Female,25.2,6.6,6.1,12.8,2.54,215.0,2.1,1,0,0,0,0,0,8.1,3.5,1,Low
52,Male,27.0,9.5,7.6,4.8,2.43,124.0,2.6,5,0,0,1,0,1,3.3,6.0,3,Medium
50,Female,18.7,7.3,6.9,6.7,3.21,448.0,6.0,1,0,1,0,0,1,6.1,4.1,0,Medium
62,Male,23.1,9.6,6.7,2.5,2.38,148.0,2.4,1,0,0,0,0,0,3.4,4.2,4,Low
63,Male,19.6,7.6,7.5,5.1,1.59,157.0,1.7,5,0,0,1,0,0,10.0,6.0,3,High
19,Male,27.9,8.2,6.2,4.4,2.21,75.0,2.8,2,1,0,0,1,0,3.1,7.9,2,Medium
63,Male,18.2,5.9,1.0,14.4,0.6,61.0,3.2,3,0,0,0,1,0,10.0,6.1,4,High
57,Male,20.3,4.8,8.4,4.1,1.77,91.0,0.0,1,1,0,0,0,0,4.4,6.6,1,High
26,Male,26.9,5.8,3.4,5.3,0.3,244.0,2.0,0,1,0,0,0,1,3.4,7.1,2,High
31,Female,21.7,6.5,5.9,1.9,2.36,213.0,3.9,3,0,1,0,1,0,4.9,3.9,1,Low
56,Female,20.3,5.5,5.6,7.5,1.88,292.0,7.4,0,0,0,0,0,1,2.2,5.1,1,Low
26,Female,28.6,4.9,5.3,3.5,1.99,71.0,1.8,5,1,1,0,0,1,2.7,4.3,5,High
39,Female,28.8,7.2,2.8,8.6,1.35,215.0,4.7,4,0,0,1,0,1,9.1,4.6,3,High
52,Male,27.7,4.9,1.0,1.0,1.56,184.0,3.4,2,0,0,0,0,1,6.1,3.7,1,Low
50,Male,28.3,4.0,3.0,5.7,2.65,198.0,5.6,2,1,0,1,0,0,7.3,4.2,0,Low
65,Female,23.5,4.7,7.0,0.8,0.95,55.0,1.6,5,1,1,0,1,0,3.8,3.9,0,High
21,Female,23.6,6.1,2.0,4.6,2.5,36.0,5.4,2,0,1,0,0,0,6.7,2.8,1,Low
31,Male,21.6,4.9,3.3,5.2,1.45,209.0,6.1,1,0,0,0,0,0,5.4,1.0,0,Low
69,Female,25.3,6.1,6.1,4.3,0.76,246.0,6.2,2,1,0,0,0,1,3.2,4.7,4,High
46,Male,22.1,7.5,2.9,4.6,3.08,82.0,6.1,0,0,0,0,0,1,10.0,8.3,1,Low
28,Other,22.6,7.4,4.0,8.7,3.16,217.0,3.4,2,1,0,1,0,0,1.5,5.9,0,Low
30,Female,27.2,5.4,5.4,12.1,1.67,282.0,4.3,5,0,0,0,0,0,5.2,4.2,1,Medium
33,Female,29.8,4.4,5.8,7.0,1.66,110.0,2.1,4,1,1,1,0,1,6.4,1.4,1,High
45,Female,26.3,5.6,2.9,3.6,1.9,0.0,0.0,2,0,1,1,1,0,5.8,2.5,2,Medium
30,Female,32.6,7.5,5.5,6.2,1.45,5.0,3.6,3,1,1,0,1,1,3.9,1.0,2,Medium
49,Female,21.3,7.9,6.1,5.0,1.59,76.0,2.6,2,1,0,0,0,1,3.4,5.6,4,Medium
39,Female,16.2,7.1,2.4,8.5,2.46,101.0,5.1,1,0,0,1,0,1,5.9,2.7,4,Low
48,Female,27.7,8.4,5.7,6.8,3.76,146.0,4.9,0,0,0,0,0,1,3.2,7.3,1,Low
23,Female,21.0,9.3,3.6,1.6,1.82,148.0,0.7,3,1,0,0,1,0,7.9,1.0,2,Low
49,Female,23.3,5.7,5.5,9.1,2.92,120.0,8.1,2,0,0,0,0,1,5.6,3.3,0,Low
65,Male,16.5,8.9,6.8,8.7,2.38,225.0,3.9,2,0,0,0,1,0,4.6,7.0,1,Low
22,Female,20.5,6.1,4.8,10.2,0.76,66.0,0.2,1,0,0,0,1,0,5.3,1.4,3,Medium
33,Male,17.7,8.1,7.2,4.6,2.08,289.0,0.5,0,0,0,1,0,0,6.3,1.4,0,Medium
53,Female,22.5,7.6,6.9,6.8,1.98,253.0,0.0,1,0,1,0,0,0,8.3,3.1,4,High
48,Female,22.7,3.3,7.2,2.7,3.27,245.0,4.7,1,0,1,1,1,0,6.0,1.8,0,Low
52,Female,24.9,5.0,6.1,5.9,3.3,77.0,1.8,2,0,0,0,0,0,5.5,3.5,3,Low
45,Male,30.1,4.5,7.6,7.1,2.4,137.0,1.2,7,1,0,0,1,0,7.3,1.0,1,High
52,Female,27.5,3.6,6.0,4.2,3.07,230.0,1.6,3,0,1,1,0,0,1.5,7.3,2,Medium
48,Female,17.2,7.9,1.5,7.0,1.98,128.0,2.3,0,0,0,1,0,1,3.7,6.4,2,Low
19,Female,27.2,9.8,3.5,6.5,3.0,73.0,4.3,1,0,1,1,1,1,4.6,3.2,3,Medium
56,Other,25.0,6.1,4.7,4.7,2.18,69.0,0.0,0,0,0,0,0,0,2.8,1.0,3,Low
39,Female,24.1,7.9,5.0,9.9,2.98,74.0,0.6,3,0,1,0,0,0,6.8,2.3,3,Low
17,Female,24.4,8.9,6.0,5.3,3.06,22.0,4.0,3,0,1,1,0,0,5.1,6.2,2,Medium
37,Male,25.4,6.8,3.4,6.4,2.67,466.0,1.7,1,0,0,0,0,1,2.2,6.3,1,Low
38,Female,21.4,6.5,9.6,1.9,1.51,0.0,4.3,1,1,1,0,0,0,1.9,2.9,0,Medium
19,Female,23.7,6.1,5.0,7.5,1.76,42.0,1.9,1,1,0,0,0,0,5.0,5.5,4,High
69,Male,29.8,7.4,5.2,4.7,2.7,216.0,6.5,2,0,0,0,0,1,6.7,1.0,1,Low
27,Female,21.3,7.9,3.7,8.7,2.81,75.0,3.5,3,0,1,0,0,0,5.2,4.2,1,Low
33,Female,19.9,7.2,3.0,2.3,2.23,111.0,5.7,1,0,0,0,1,1,10.0,1.4,0,Low
39,Female,24.2,7.2,4.9,7.2,1.85,193.0,4.1,3,0,1,0,0,0,4.5,5.3,0,Medium
60,Female,19.4,6.4,5.3,0.0,2.25,264.0,4.3,3,0,0,0,0,0,3.5,3.4,2,Low
55,Male,16.7,4.0,5.0,7.7,1.88,120.0,1.3,2,0,0,1,0,0,8.3,3.8,3,High
57,Male,22.9,7.9,8.8,5.5,1.88,251.0,5.6,1,1,0,1,0,0,5.8,4.4,1,Medium
28,Male,31.0,4.4,4.9,7.1,3.67,0.0,3.5,4,0,0,0,0,1,8.4,1.0,4,Low
61,Female,24.3,7.5,5.0,4.3,1.72,83.0,0.9,2,0,0,1,0,0,8.6,4.5,1,Low
60,Male,25.3,7.7,7.0,3.3,2.51,204.0,0.0,5,0,0,0,0,1,4.1,7.2,0,Low
40,Male,15.0,4.7,4.8,4.8,2.22,367.0,3.3,2,0,0,0,0,1,3.5,4.7,2,Medium
45,Female,26.5,5.5,6.4,6.5,1.12,44.0,6.3,6,0,0,1,0,0,6.8,7.0,2,High
17,Male,24.9,9.9,2.4,7.6,1.09,24.0,1.0,3,0,0,1,0,0,3.0,3.6,1,Medium
56,Male,21.5,6.4,2.4,6.9,2.04,188.0,0.9,2,0,0,0,0,0,3.8,5.1,1,Low
67,Male,25.3,4.5,5.5,3.4,0.54,156.0,2.3,3,0,0,1,0,0,1.0,5.4,2,High
40,Female,25.3,7.8,4.7,11.1,3.56,71.0,5.4,2,0,0,0,0,1,4.6,6.1,2,Low
44,Female,19.7,5.3,3.4,6.9,1.81,16.0,0.0,2,1,0,0,0,0,8.7,6.8,4,Medium
42,Male,26.0,3.4,5.5,4.3,1.75,93.0,1.6,3,0,0,0,0,1,5.1,1.2,2,Low
19,Male,29.9,7.3,5.7,7.2,3.08,207.0,0.8,2,0,0,0,0,0,1.0,2.7,3,Low
49,Female,23.5,5.0,3.6,6.7,1.99,113.0,4.2,1,0,1,0,0,0,10.0,5.8,3,High
54,Female,20.6,7.0,4.1,5.5,2.62,279.0,2.7,1,0,0,1,0,0,3.4,5.5,2,Medium
66,Male,23.7,5.2,5.7,5.2,1.64,135.0,2.2,2,1,0,1,1,0,5.1,4.5,0,High
66,Female,28.3,7.6,3.0,8.8,2.14,216.0,2.6,0,0,1,1,0,0,5.8,10.0,3,Medium
42,Female,19.0,6.8,3.9,10.8,2.87,181.0,4.7,4,0,1,1,0,1,7.2,4.8,4,High
67,Male,27.1,2.4,6.4,0.3,1.41,106.0,5.5,0,0,0,1,0,1,6.2,5.3,2,Low
44,Female,21.4,7.1,5.1,9.4,2.52,242.0,5.3,1,0,1,0,1,1,4.7,1.4,1,Low
50,Female,25.6,6.0,4.2,6.1,0.3,16.0,4.3,1,0,1,1,1,0,5.0,6.9,5,High
48,Female,22.0,8.8,3.2,6.7,3.11,89.0,6.0,0,0,1,1,0,0,3.3,4.8,2,Low
69,Male,21.9,7.1,3.0,9.8,1.65,104.0,1.0,1,0,0,0,0,0,2.4,4.7,4,Low
55,Female,31.4,7.7,4.9,0.0,2.03,192.0,3.9,2,1,1,1,1,0,4.2,9.2,2,High
21,Male,18.2,5.4,9.7,8.3,2.02,219.0,8.2,1,0,0,1,0,0,8.9,4.2,4,High
18,Other,26.7,5.2,6.4,9.6,1.32,60.0,0.0,0,1,0,0,0,0,2.3,7.3,2,Low
37,Male,32.3,6.5,2.3,4.1,1.26,45.0,1.8,2,0,0,0,0,0,1.7,7.2,0,Medium
43,Female,27.6,5.9,6.8,2.1,2.52,159.0,0.7,2,1,1,1,0,1,5.4,4.1,2,High
51,Female,18.5,8.6,3.5,10.6,2.55,0.0,3.6,1,0,0,0,0,0,7.6,1.2,0,Low
41,Female,18.7,6.3,5.2,1.1,1.39,261.0,6.2,1,1,1,0,0,1,3.3,3.1,4,Medium
43,Male,21.1,4.5,3.9,7.2,2.53,125.0,4.2,2,1,0,1,0,0,2.6,7.3,2,High
65,Male,25.2,5.2,9.7,8.9,2.55,21.0,2.5,1,0,0,0,0,0,5.9,3.7,1,Low
33,Male,25.5,8.0,2.7,7.1,1.8,19.0,4.2,2,1,0,1,1,0,5.4,1.6,2,Medium
42,Female,18.8,6.2,5.9,7.6,1.07,184.0,2.4,2,0,0,0,0,0,8.8,4.9,1,Medium
45,Female,20.6,6.1,3.7,5.3,2.07,181.0,3.4,3,1,0,1,0,0,8.0,2.0,2,High
40,Male,20.8,8.2,6.8,7.3,2.39,65.0,4.4,3,1,0,1,0,0,1.8,2.4,4,Low
68,Female,23.7,5.0,5.8,4.0,2.05,137.0,6.9,3,0,0,1,0,0,2.4,2.2,1,Low
67,Male,33.4,2.9,8.0,4.4,1.63,26.0,4.0,3,0,0,0,0,0,1.0,6.9,4,Medium
43,Female,20.3,5.1,6.8,6.1,2.47,122.0,3.5,2,1,0,0,0,0,5.5,7.6,5,High
39,Male,20.1,6.9,3.7,1.7,3.11,312.0,7.5,0,0,0,0,0,1,3.1,1.3,0,Low
47,Male,19.4,6.1,10.0,7.6,1.48,384.0,0.0,3,1,0,1,0,0,10.0,5.1,5,High
24,Female,27.4,4.0,6.4,0.0,1.86,127.0,2.8,0,0,1,1,0,0,3.7,5.8,1,Low
38,Female,24.3,8.1,4.0,7.0,4.29,198.0,1.4,1,0,1,0,0,0,4.2,2.9,4,Low
26,Male,20.5,6.8,5.7,7.3,2.33,193.0,2.5,3,1,0,0,0,0,3.2,2.7,6,High
22,Female,22.9,7.1,6.6,3.8,1.09,0.0,4.3,1,0,1,0,0,0,5.2,8.5,3,Medium
20,Female,20.9,7.2,6.5,2.5,1.72,24.0,5.2,3,1,0,1,1,0,8.4,1.6,3,Medium
47,Female,25.8,4.4,6.3,4.9,1.49,0.0,1.9,0,0,1,1,0,1,1.0,6.0,4,Medium
15,Female,36.6,7.0,7.3,7.8,2.4,199.0,4.5,2,1,0,0,0,0,7.8,5.7,2,Medium
50,Male,27.0,8.0,7.1,7.0,2.35,364.0,1.0,1,0,0,1,0,1,1.0,10.0,2,Low
38,Female,24.1,8.3,3.3,2.9,1.59,267.0,0.2,0,0,0,0,0,0,4.3,7.3,2,Low
35,Female,21.5,7.7,9.8,6.3,3.59,155.0,3.2,1,0,0,0,0,0,2.3,1.0,2,Low
57,Male,18.5,7.3,9.5,6.7,2.17,139.0,2.5,3,1,0,1,0,1,2.4,1.6,1,Medium
44,Female,27.8,3.7,7.0,6.6,1.74,111.0,6.3,2,1,1,0,0,1,1.5,2.9,0,Medium
55,Female,27.6,6.5,5.3,3.2,1.12,267.0,7.7,4,0,1,0,0,1,6.0,4.8,2,Low
54,Male,22.4,5.0,5.3,6.4,1.38,174.0,1.7,2,1,0,1,0,0,3.9,1.0,2,High
16,Male,30.0,8.6,4.5,8.6,1.1,157.0,0.0,3,0,0,1,0,0,6.3,5.4,3,Medium
26,Male,24.6,8.3,4.8,7.5,1.95,29.0,0.0,3,0,0,1,0,1,6.6,5.2,2,Low
46,Male,28.0,5.0,1.0,7.2,1.39,216.0,1.2,1,0,0,0,0,1,4.3,3.5,2,Low
68,Female,25.8,6.4,8.6,10.6,2.73,134.0,3.5,1,0,0,0,0,0,6.6,7.4,3,Medium
23,Female,23.7,6.9,7.8,6.5,1.63,194.0,2.4,3,0,1,0,0,1,5.2,6.0,2,High
20,Male,20.2,7.9,1.5,3.6,2.77,260.0,0.2,3,0,0,1,0,0,3.8,7.4,6,Low
66,Male,23.8,3.8,7.2,3.7,2.49,0.0,6.9,0,0,0,1,0,0,7.3,10.0,7,Medium
68,Male,28.3,3.0,5.2,6.5,2.62,117.0,4.5,1,1,0,0,0,1,8.7,2.4,4,High
24,Female,22.2,6.6,4.8,2.0,2.82,102.0,6.9,2,0,1,0,0,0,8.1,5.8,2,Low
37,Female,26.5,2.4,6.3,5.1,3.69,92.0,0.0,1,1,0,0,0,0,1.0,3.2,0,Low
49,Female,19.6,6.8,1.4,7.3,1.42,27.0,5.8,3,0,1,0,0,0,5.2,6.3,1,Low
25,Male,28.0,7.4,5.2,9.3,2.78,70.0,2.7,3,0,0,1,0,0,8.3,3.6,3,Medium
32,Male,25.9,8.5,5.4,1.7,2.42,29.0,2.1,1,1,0,0,0,1,1.9,3.7,1,Low
36,Female,19.1,5.5,5.4,6.3,2.95,241.0,3.1,4,1,1,0,1,1,4.8,2.1,1,Medium
50,Female,23.5,6.8,2.2,5.8,2.19,192.0,1.5,0,0,0,0,1,0,3.1,5.8,1,Low
31,Female,28.7,7.5,6.2,6.1,3.04,184.0,2.7,2,0,0,1,0,0,5.7,8.7,2,Medium
37,Female,18.8,4.6,7.5,6.4,1.07,0.0,5.1,2,0,0,0,0,0,10.0,2.1,3,High
30,Male,19.7,8.0,6.1,5.9,1.3,364.0,0.0,1,1,0,1,0,0,5.0,1.0,3,High
56,Male,24.2,6.9,4.7,9.9,1.64,105.0,6.3,4,0,0,0,0,0,4.6,6.2,0,Low
23,Female,34.1,5.5,10.0,9.5,2.04,342.0,3.9,1,0,1,0,0,0,10.0,7.7,1,High
27,Male,21.5,6.7,3.2,12.0,2.14,232.0,2.8,2,1,0,1,0,0,5.5,10.0,5,High
28,Other,26.7,6.3,6.9,6.0,1.51,125.0,5.1,2,0,0,0,1,1,3.4,4.3,1,Low
64,Female,25.7,7.7,5.7,4.9,1.31,375.0,3.8,3,0,0,0,0,0,1.0,4.3,4,Low
66,Female,21.8,5.9,9.6,3.3,1.58,212.0,1.9,2,0,0,0,0,0,7.7,6.1,5,Medium
42,Female,25.2,6.9,6.1,4.5,0.73,125.0,1.3,1,0,0,0,0,0,2.0,2.5,4,Low
23,Female,22.5,5.5,6.5,8.0,1.87,107.0,6.3,1,0,0,0,0,0,4.5,2.9,1,Low
56,Female,22.9,5.0,6.3,8.4,2.05,264.0,0.0,3,0,1,1,0,0,6.1,6.8,0,Medium
42,Male,17.0,6.8,2.9,7.9,2.45,91.0,2.6,4,0,0,0,0,1,6.6,1.3,2,Low
61,Female,24.4,5.1,3.3,4.1,2.23,108.0,0.0,1,0,0,1,0,0,1.0,2.2,3,Low
34,Female,28.5,7.8,4.6,4.2,3.53,84.0,4.1,0,0,0,1,0,0,2.3,1.1,2,Low
69,Male,24.8,7.4,7.3,11.5,2.75,67.0,2.8,2,0,0,1,1,0,5.5,2.9,1,Medium
59,Female,29.4,5.3,5.7,3.7,2.69,74.0,0.3,2,1,0,1,0,0,1.0,3.8,2,Low
27,Male,27.1,6.8,4.7,10.0,2.39,345.0,1.1,3,0,0,0,0,1,6.7,4.0,2,Low
54,Male,24.2,5.3,8.2,7.1,2.53,261.0,3.1,2,0,0,1,0,1,1.7,4.1,3,Medium
30,Male,21.7,3.9,1.0,3.9,1.92,176.0,3.6,4,1,0,0,0,1,4.3,6.4,1,Low
34,Male,22.3,5.5,2.3,2.7,2.18,90.0,0.0,3,0,0,1,0,1,3.7,4.2,4,Low
28,Male,17.9,6.4,1.0,4.1,3.64,89.0,1.4,2,0,0,0,0,0,7.0,2.7,1,Low
52,Male,23.3,7.3,7.9,7.2,2.04,110.0,3.4,2,0,0,0,0,0,3.7,1.8,1,Low
29,Female,25.2,6.7,5.0,3.5,1.03,347.0,5.7,2,0,1,1,0,0,6.8,3.7,4,High
50,Female,32.2,8.0,7.3,10.4,2.66,182.0,4.8,3,0,0,0,0,0,7.9,9.2,1,Medium
47,Female,26.9,4.9,5.0,5.4,2.8,232.0,2.0,1,0,0,1,0,1,4.9,5.2,2,High
56,Female,20.6,5.9,7.5,8.0,2.22,172.0,5.2,0,1,1,0,0,0,5.6,8.7,2,Medium
69,Female,18.0,9.1,4.9,7.7,0.6,53.0,2.3,5,1,0,1,1,0,3.2,1.0,4,Low
15,Female,23.6,3.4,6.1,10.5,3.13,161.0,0.0,0,0,0,1,0,1,2.2,2.3,2,Low
69,Female,28.2,5.8,5.8,4.8,2.28,32.0,6.2,6,0,1,0,0,0,1.8,1.0,3,Low
21,Female,23.5,4.8,5.9,6.3,1.85,281.0,4.0,4,0,1,1,1,0,5.2,4.3,3,High
43,Female,26.9,6.2,8.9,2.1,3.05,68.0,3.4,0,0,1,1,0,0,3.6,5.7,1,High
33,Male,23.7,5.8,1.6,6.3,0.48,87.0,3.0,2,0,0,1,0,0,6.0,6.8,2,Low
50,Male,27.7,7.5,5.0,9.2,2.19,239.0,3.7,1,1,0,0,0,0,4.3,6.4,2,Medium
54,Male,17.3,6.9,5.6,6.6,1.67,73.0,3.0,2,0,0,0,0,0,3.7,6.9,3,Medium
62,Female,31.7,4.4,5.3,12.5,3.29,126.0,2.4,1,0,1,0,0,1,4.5,4.0,2,Medium
37,Male,19.5,5.6,4.3,7.5,2.29,0.0,1.6,4,1,0,0,1,0,1.0,3.3,5,Low
66,Male,28.1,6.5,4.0,4.5,1.41,115.0,3.2,1,0,0,0,0,0,7.3,2.4,2,Low
32,Female,23.3,7.7,8.6,7.3,3.01,215.0,1.1,1,1,1,0,0,0,4.1,8.3,3,High
26,Other,24.0,10.4,5.0,1.9,0.3,81.0,0.5,2,0,0,0,1,0,4.0,6.5,0,High
35,Female,23.4,7.6,10.0,3.8,2.51,212.0,3.6,2,0,0,0,0,0,9.0,3.7,3,Medium
44,Male,25.7,4.9,6.4,2.6,1.09,148.0,5.2,1,0,0,1,0,0,4.2,4.7,2,Medium
51,Male,26.6,6.3,4.6,6.0,1.73,270.0,1.2,2,0,0,1,0,0,6.5,7.1,1,Medium
60,Female,29.3,6.8,6.4,5.8,1.91,69.0,1.6,0,0,0,0,0,0,1.0,2.9,3,Low
27,Male,30.8,5.7,5.4,9.4,2.83,123.0,0.0,3,0,0,0,1,0,3.4,5.2,2,Medium
31,Female,26.0,7.3,8.2,5.7,3.86,0.0,0.1,2,0,1,0,0,0,7.9,4.1,3,Medium
66,Female,32.2,2.9,2.6,3.2,0.68,140.0,0.2,2,1,0,0,0,1,7.2,7.7,5,High
39,Female,24.9,7.4,1.2,10.4,2.46,104.0,5.1,7,1,1,0,0,0,6.7,3.9,3,High
28,Female,29.3,5.7,6.0,0.0,3.86,256.0,0.0,2,0,0,0,0,0,3.0,6.3,1,Low
69,Female,26.4,6.3,7.0,6.1,1.64,81.0,4.0,2,0,0,0,0,0,5.6,2.2,2,Medium
39,Male,22.0,8.8,5.8,6.6,1.59,103.0,2.4,2,0,0,1,1,1,4.0,2.0,3,Medium
69,Female,25.3,4.5,6.7,6.0,2.29,76.0,4.3,0,0,0,0,0,0,5.9,1.7,2,Low
65,Female,26.8,6.9,6.4,7.4,2.76,153.0,5.6,1,0,0,0,0,1,7.2,6.9,2,Medium
64,Male,24.4,7.8,1.9,6.3,2.63,369.0,2.9,1,0,0,0,0,1,5.5,6.2,1,Medium
47,Female,26.4,6.8,5.8,7.4,1.81,0.0,5.5,2,0,0,0,0,0,7.6,7.8,2,High
58,Female,28.4,3.9,8.1,4.3,1.46,145.0,6.4,2,0,0,0,0,1,7.8,6.1,2,High
67,Male,24.4,8.7,5.6,1.9,3.15,279.0,6.0,1,1,0,0,0,1,2.0,4.9,4,Medium
29,Male,15.0,6.2,2.3,5.9,1.48,93.0,1.5,1,1,0,1,0,0,1.0,3.9,5,Medium
17,Female,32.1,5.7,4.5,3.1,0.57,208.0,0.0,4,1,0,0,0,0,7.6,7.1,1,High
32,Female,23.2,6.0,6.4,4.0,0.94,280.0,2.7,1,1,0,1,0,1,5.2,6.1,3,High
50,Male,20.8,5.9,9.2,9.3,1.64,120.0,3.4,4,0,0,0,0,1,8.5,2.7,3,High
45,Male,19.4,4.6,1.0,10.4,3.29,78.0,0.0,1,0,0,0,1,0,5.9,3.2,3,Medium
19,Female,23.0,6.8,6.0,9.2,1.15,253.0,3.1,1,0,0,0,0,0,9.0,5.0,1,Medium
45,Female,22.0,5.5,3.1,8.7,3.32,204.0,0.0,1,0,0,0,0,0,6.9,4.6,0,Low
24,Female,21.2,7.6,6.3,6.2,3.15,143.0,6.4,4,1,0,1,0,1,6.0,6.5,0,Medium
42,Male,21.4,7.3,6.5,8.8,2.28,217.0,4.1,4,1,0,1,0,0,4.0,6.2,1,High
46,Male,26.9,9.1,4.7,7.0,0.3,256.0,1.2,3,1,0,0,1,0,3.7,2.8,4,High
50,Male,33.6,6.2,6.6,11.5,1.15,144.0,3.3,1,1,0,1,0,0,1.0,2.0,4,High
37,Female,28.2,5.2,7.7,3.4,1.59,184.0,3.6,2,0,0,0,0,0,6.6,1.0,1,Medium
37,Male,29.6,4.1,4.8,7.9,3.48,207.0,4.1,4,1,0,1,0,1,2.9,4.6,1,High
52,Male,22.8,10.0,2.3,2.5,1.64,99.0,3.2,2,0,0,0,0,1,4.3,8.9,0,Low
56,Female,25.0,7.6,8.3,7.9,1.48,281.0,5.1,2,0,1,1,0,0,4.9,4.1,0,High
59,Male,26.4,5.4,7.0,1.2,2.25,37.0,0.2,2,0,0,0,0,0,3.6,4.6,2,Medium
33,Female,21.5,9.2,6.4,2.6,0.97,136.0,2.7,3,0,0,0,0,0,5.4,5.2,1,Medium
38,Female,22.6,8.7,3.7,2.4,2.08,234.0,6.9,4,1,1,1,0,1,1.0,4.6,4,Medium
33,Male,28.3,4.3,7.4,6.7,1.46,34.0,2.2,0,0,0,0,0,0,5.1,1.7,2,Low
44,Female,29.4,5.3,9.7,7.0,4.25,246.0,3.5,4,1,1,0,0,0,6.6,2.9,2,High
21,Other,24.8,6.3,4.9,12.9,1.37,171.0,0.8,2,0,0,1,0,0,1.0,4.0,3,Medium
38,Female,19.1,4.8,5.4,5.7,3.64,296.0,7.7,0,0,0,0,0,1,3.2,8.4,3,Medium
25,Female,23.2,6.3,2.9,8.2,1.19,217.0,3.6,2,0,0,1,0,1,8.5,7.5,5,Low
44,Female,18.0,7.6,3.6,6.5,2.31,132.0,0.2,1,0,1,1,0,0,4.7,1.9,1,Low
61,Female,24.8,4.3,2.8,7.9,2.5,175.0,5.4,2,0,1,0,0,1,3.2,7.8,0,Low
69,Female,25.6,7.0,5.5,6.4,2.21,179.0,0.6,3,1,0,1,0,0,6.9,8.8,3,High
39,Male,23.3,8.4,4.5,9.1,2.16,373.0,4.5,3,0,0,0,0,1,2.1,5.7,3,Low
18,Female,25.6,7.1,6.0,3.1,2.79,159.0,5.3,0,0,1,0,0,0,2.3,3.2,3,Low
27,Female,26.4,6.4,3.2,0.0,2.43,135.0,7.5,0,0,1,1,0,0,2.6,4.8,4,Medium
20,Male,25.7,5.4,4.8,7.2,1.96,128.0,3.5,0,1,0,0,0,0,8.5,8.4,1,Medium
56,Female,19.1,7.8,3.1,0.9,1.56,171.0,3.1,3,1,0,1,0,0,2.4,1.9,1,Low
69,Male,23.4,4.6,5.6,9.7,1.97,25.0,0.0,3,1,0,0,0,0,4.8,3.6,1,High
45,Female,26.3,6.9,1.6,4.5,1.96,108.0,2.0,1,1,0,0,0,0,7.9,5.6,1,Medium
24,Female,31.6,6.5,5.5,3.1,1.94,39.0,1.4,3,0,0,0,0,1,2.4,3.8,3,Low
16,Male,23.3,8.3,4.6,13.6,2.16,53.0,2.6,3,0,0,1,0,0,1.0,1.0,2,Medium
68,Male,27.0,5.6,5.6,5.9,0.97,238.0,1.9,2,1,0,0,0,0,10.0,1.8,2,High
32,Male,28.5,5.7,1.6,5.4,1.28,153.0,4.7,0,1,0,0,0,0,5.3,1.3,2,Low
21,Female,23.6,4.5,6.6,8.1,2.77,68.0,1.8,2,1,1,1,0,0,3.3,3.5,1,High
24,Female,29.7,7.2,4.5,8.3,0.3,133.0,4.0,2,0,0,0,0,1,4.6,8.9,1,Low
29,Male,29.9,5.8,5.7,9.2,3.06,123.0,2.7,1,0,0,1,0,0,6.9,7.9,2,Medium
51,Male,30.7,5.1,1.1,2.3,1.65,156.0,1.6,0,0,0,1,1,0,1.0,4.7,6,High
64,Male,26.6,5.3,2.5,7.5,3.44,0.0,1.4,1,0,0,1,0,0,3.8,6.2,0,Low
30,Male,35.1,7.4,4.3,5.2,3.08,30.0,3.5,0,0,0,0,0,1,7.0,5.0,3,Low
52,Male,21.7,4.7,8.2,3.4,1.84,0.0,6.0,4,1,0,1,0,1,8.8,4.1,2,High
18,Female,34.1,4.9,6.4,6.1,1.92,51.0,1.4,2,1,0,1,0,0,8.7,4.7,1,High
15,Male,28.0,7.9,5.5,0.9,3.37,71.0,3.1,1,0,0,0,0,0,5.3,3.8,1,Low
18,Female,30.5,6.2,3.2,8.6,3.12,36.0,4.1,2,1,1,1,0,1,8.9,1.5,1,High
65,Female,23.1,8.0,2.8,5.2,2.88,234.0,3.0,0,0,0,1,0,0,1.0,4.7,1,Low
46,Male,28.3,5.9,5.8,4.7,3.02,352.0,0.0,4,0,0,0,0,0,5.4,2.7,5,High
59,Female,30.9,6.5,6.7,5.6,1.23,241.0,4.1,2,0,1,1,0,0,1.0,3.4,3,Medium
16,Female,19.6,6.8,5.7,5.5,2.26,88.0,0.0,1,0,1,0,0,0,8.6,5.7,0,Low
16,Male,23.8,8.7,9.0,9.2,1.48,173.0,0.0,2,0,0,0,0,0,6.1,1.0,2,Low
61,Male,15.0,8.6,3.7,2.9,1.21,143.0,0.1,1,0,0,0,0,1,9.5,1.9,3,Low
20,Female,23.7,8.3,5.6,4.9,2.23,83.0,2.6,3,1,0,0,1,0,3.5,4.6,1,Low
23,Male,20.8,5.5,1.5,5.4,1.77,296.0,0.9,0,0,0,0,0,0,1.6,1.8,4,Low
43,Female,23.5,4.9,5.7,3.0,1.97,371.0,0.0,2,1,0,1,1,1,7.0,3.1,0,High
48,Male,37.7,7.7,8.4,6.4,1.7,0.0,3.8,2,0,0,1,0,1,4.6,6.6,4,Low
27,Female,32.2,8.7,2.9,4.0,1.1,308.0,2.9,4,0,0,1,0,0,7.8,3.9,3,Medium
39,Female,18.0,8.4,7.1,2.1,3.46,85.0,4.7,1,1,0,0,1,0,7.0,2.8,1,Low
52,Female,27.0,6.5,8.4,7.5,2.22,121.0,1.4,5,0,0,1,1,0,4.2,6.5,4,Medium
39,Female,28.1,7.7,3.7,10.3,0.95,181.0,2.9,3,1,0,0,0,0,4.9,1.0,1,Medium
36,Female,23.0,7.7,6.2,6.1,2.25,320.0,4.8,0,1,1,1,0,1,4.4,1.1,4,High
18,Female,25.3,6.7,8.7,5.7,3.32,181.0,0.1,2,0,0,0,1,0,5.1,1.3,2,Low
39,Male,25.7,6.8,5.7,5.7,2.87,195.0,1.5,1,0,0,0,0,0,3.7,3.0,4,Low
59,Female,18.4,6.7,6.9,4.6,1.69,244.0,5.2,6,0,1,0,0,0,6.5,1.0,1,Low
49,Female,19.9,5.2,1.3,9.3,1.7,261.0,3.0,3,0,1,1,1,0,1.0,9.0,3,Medium
64,Male,25.3,5.4,6.5,6.3,1.33,206.0,2.7,4,0,0,1,0,0,1.0,1.0,0,Medium
21,Male,24.9,5.4,6.3,0.0,1.51,262.0,2.9,3,1,0,0,1,1,3.9,5.6,2,Medium
15,Male,21.3,3.9,2.3,9.4,1.57,84.0,5.7,4,1,0,0,0,0,3.4,3.6,2,Medium
45,Female,20.9,6.7,3.1,8.7,0.93,0.0,2.9,1,0,0,0,0,0,3.7,4.7,3,Low
24,Female,24.1,6.4,6.5,7.7,1.74,351.0,3.1,1,0,1,0,0,1,8.1,3.2,2,Medium
47,Male,28.5,7.7,4.5,0.0,2.38,36.0,3.0,2,1,0,0,0,1,5.3,4.0,2,Low
64,Male,24.2,8.5,7.6,6.0,1.77,91.0,0.0,2,0,0,1,1,0,6.9,2.2,1,Low
33,Female,31.8,8.6,5.9,8.5,2.27,114.0,4.1,1,1,0,1,0,1,6.3,7.4,1,High
45,Male,21.4,8.8,5.3,7.1,3.4,95.0,1.2,2,1,0,0,0,0,8.8,1.4,0,Low
52,Male,25.4,5.3,4.8,6.6,3.57,70.0,0.2,3,0,0,0,0,0,3.4,4.2,2,Low
23,Male,22.9,4.2,5.8,8.5,2.05,201.0,0.0,2,1,0,0,0,1,6.4,10.0,3,High
64,Female,27.1,8.0,7.0,6.4,2.8,202.0,0.0,5,0,1,1,1,0,4.5,6.5,2,High
26,Male,21.0,8.7,6.4,9.4,1.97,218.0,0.0,3,0,0,1,1,0,2.2,1.6,2,High
59,Female,33.2,9.0,4.3,6.5,1.71,211.0,0.7,1,1,1,0,0,0,1.9,7.7,2,Medium
51,Other,16.9,7.3,7.9,6.2,1.21,104.0,2.0,3,0,0,1,1,0,4.4,5.3,1,Medium
22,Female,32.2,3.3,6.6,8.5,2.17,104.0,5.3,6,0,1,0,0,0,7.6,3.5,4,High
54,Female,24.9,7.1,6.0,4.9,2.97,273.0,3.1,1,0,0,0,0,1,3.5,6.5,0,Low
25,Female,27.0,7.4,5.4,2.9,1.08,93.0,3.6,4,0,0,1,0,1,3.7,7.8,2,Low
47,Male,30.5,8.5,6.3,6.0,1.87,90.0,5.8,4,0,0,0,0,0,3.3,2.8,2,Medium
67,Other,28.4,8.8,1.2,7.7,1.83,252.0,0.0,1,0,0,0,1,0,2.0,3.5,5,Medium
67,Male,21.2,8.0,5.7,8.6,2.3,148.0,3.9,3,0,0,1,0,0,3.8,3.4,2,Low
62,Male,27.2,5.6,8.8,8.6,2.31,94.0,3.7,2,0,0,0,0,0,7.8,5.9,3,High
42,Other,32.9,4.9,5.7,5.8,2.53,95.0,4.8,2,0,0,0,0,0,5.7,6.7,4,Medium
45,Male,20.5,7.4,5.4,5.5,3.62,274.0,0.0,4,0,0,0,1,0,3.6,6.1,1,Medium
31,Female,34.0,5.2,3.9,4.3,1.4,214.0,1.7,1,1,1,1,1,0,4.0,2.3,0,High
65,Male,26.2,8.9,6.3,6.7,1.36,176.0,1.0,0,1,0,1,0,0,5.8,9.1,6,High
41,Female,22.6,3.8,4.8,1.4,2.3,22.0,0.2,1,1,1,1,0,1,3.5,2.6,1,Low
57,Female,20.5,7.4,8.1,6.1,3.26,176.0,8.1,1,0,0,1,0,1,7.2,5.2,2,Medium
34,Female,23.5,7.0,3.3,14.0,0.93,127.0,1.8,1,0,1,0,0,0,8.1,4.2,2,High
55,Female,15.7,6.2,4.2,1.8,2.37,50.0,5.0,1,0,0,1,0,1,2.1,2.1,1,Low
27,Male,22.6,5.0,3.9,6.4,1.94,84.0,4.6,3,0,0,1,0,0,4.2,5.2,3,Low
55,Other,23.3,3.2,9.2,7.1,2.78,227.0,0.0,1,1,0,1,0,0,6.0,4.8,2,High
17,Female,19.7,5.6,4.8,7.4,2.6,287.0,1.8,0,0,1,0,0,0,8.3,6.3,4,Medium
20,Male,27.9,5.7,4.0,3.3,2.14,34.0,3.1,2,1,0,0,1,1,1.0,4.5,2,Medium
34,Female,23.5,8.3,1.0,7.4,2.49,48.0,3.9,2,0,1,0,0,0,3.4,5.2,1,Low
41,Female,21.6,5.2,3.2,4.5,1.57,226.0,3.7,1,0,0,0,0,1,1.0,8.9,0,Low
54,Female,23.0,7.2,6.4,2.0,2.74,105.0,6.9,0,0,1,1,0,0,6.9,4.2,2,Low
34,Female,26.1,4.4,6.4,8.7,3.21,211.0,5.0,5,0,1,1,1,0,5.0,1.0,4,High
16,Female,24.8,7.3,3.8,7.9,2.18,104.0,4.4,1,0,0,0,0,0,7.6,6.8,2,Low
32,Female,21.3,2.9,3.9,3.3,1.77,213.0,5.1,1,0,0,0,1,0,4.4,6.7,1,Low
39,Female,25.1,9.9,9.3,4.5,1.98,0.0,6.0,1,0,1,1,0,1,4.4,1.2,0,Low
44,Female,24.3,6.3,10.0,4.4,2.73,210.0,1.6,3,1,0,0,0,1,5.9,1.7,0,Low
50,Male,19.4,2.0,7.7,1.4,2.07,0.0,0.0,0,1,0,0,0,0,5.2,3.4,2,Medium
28,Female,23.2,5.4,8.6,8.1,1.14,252.0,1.7,1,0,1,0,0,0,3.7,2.4,1,Medium
48,Female,27.1,5.1,9.1,8.2,2.86,146.0,0.0,0,1,0,0,1,0,7.2,3.8,3,High
49,Female,27.1,5.5,10.0,5.1,1.31,199.0,0.8,3,0,1,0,0,1,7.8,3.9,2,High
57,Female,23.5,5.9,4.5,5.9,2.44,176.0,3.2,3,1,0,0,0,0,5.8,4.4,3,Medium
43,Female,27.5,5.4,3.3,6.3,0.61,0.0,1.8,0,0,1,1,0,0,8.5,7.7,6,Medium
59,Female,20.1,5.2,9.2,6.7,2.19,300.0,4.4,2,1,0,0,0,0,8.7,9.6,4,High
27,Male,20.2,4.6,3.1,2.2,2.05,187.0,3.7,3,0,0,1,0,0,3.5,1.6,2,Low
54,Male,23.4,7.8,2.9,7.4,0.53,233.0,3.8,0,1,0,0,0,1,5.0,4.9,1,Low
17,Male,31.2,8.4,3.0,2.7,2.37,62.0,0.2,1,1,0,1,0,1,5.9,7.2,1,Low
20,Male,25.2,6.1,4.9,7.9,1.22,176.0,1.1,1,1,0,0,0,0,1.0,7.6,2,High
62,Female,23.3,6.5,1.0,3.0,2.17,6.0,0.0,1,0,0,0,1,0,5.2,1.1,3,Low
41,Female,31.4,4.7,2.0,2.4,1.77,166.0,4.2,4,1,0,1,0,1,4.7,4.6,3,Medium
49,Female,23.2,6.6,3.8,5.9,0.92,47.0,7.2,2,0,0,0,1,0,3.1,6.8,1,Low
48,Female,34.6,6.9,2.6,5.9,1.26,600.0,3.4,1,0,1,0,0,0,5.6,2.6,1,Low
53,Female,22.2,6.1,7.5,6.3,1.33,217.0,3.6,2,1,1,0,0,0,2.6,3.1,4,High
28,Female,19.9,7.1,5.2,3.5,2.89,296.0,1.8,1,0,0,0,0,0,1.1,6.8,1,Low
24,Male,23.8,7.0,6.5,6.6,2.77,123.0,2.5,3,0,0,0,0,1,1.0,3.5,4,Low
17,Female,23.4,4.8,6.2,6.8,3.86,194.0,5.8,1,1,1,0,0,1,1.0,6.1,2,Medium
62,Female,20.9,8.4,4.7,9.3,1.69,250.0,3.2,2,1,0,0,0,0,1.9,8.7,3,Medium
27,Male,36.2,6.2,7.4,6.5,1.66,32.0,4.4,4,0,0,0,1,1,5.0,5.1,2,High
46,Female,25.9,9.2,6.2,4.3,2.21,76.0,5.9,2,0,1,1,0,0,5.8,3.8,3,Medium
40,Male,26.6,7.2,4.5,2.2,1.82,257.0,5.4,2,0,0,0,1,0,3.5,6.2,1,Low
23,Male,22.4,9.7,1.5,1.7,1.63,126.0,3.1,3,1,0,0,0,0,6.5,5.6,3,Low
37,Male,21.9,8.4,6.3,6.9,2.14,68.0,3.2,0,1,0,0,0,0,5.7,3.4,0,Low
19,Female,29.1,6.9,2.4,8.2,2.66,81.0,2.2,1,0,0,1,0,0,2.7,4.8,3,Low
24,Female,17.0,5.3,6.0,3.5,0.41,16.0,4.1,2,0,0,0,0,0,2.6,6.5,1,Low
22,Male,19.4,5.4,5.4,6.7,1.64,0.0,2.1,1,0,0,0,0,0,8.0,5.2,1,High
60,Male,23.4,7.4,2.2,5.5,0.98,0.0,3.8,0,0,0,0,0,1,3.6,2.5,2,Low
46,Male,30.6,6.7,5.8,8.0,1.98,155.0,5.3,2,0,0,1,0,0,9.3,6.6,1,Medium
65,Female,22.8,5.6,5.6,8.4,2.45,224.0,0.0,5,0,0,1,0,0,1.8,4.1,2,High
38,Female,26.4,7.8,5.6,0.0,2.99,427.0,0.0,4,0,0,1,1,0,4.3,3.8,1,Medium
26,Female,24.6,6.6,5.5,8.9,1.75,145.0,2.9,1,0,0,0,0,0,1.1,1.0,1,Low
48,Female,30.3,7.8,3.8,6.7,2.19,9.0,4.5,3,0,0,0,0,0,1.0,7.9,0,Low
66,Female,17.4,4.9,6.5,4.5,0.75,147.0,3.6,2,1,0,1,0,0,3.2,5.9,2,Low
44,Male,27.8,8.1,3.7,4.6,1.41,227.0,0.3,2,0,0,1,0,0,6.7,3.7,2,Medium
15,Female,23.6,7.3,2.8,6.1,2.27,263.0,5.0,2,0,1,0,0,0,3.3,6.1,1,Low
31,Male,28.7,8.4,6.7,4.6,1.01,253.0,7.2,3,0,0,1,0,0,6.4,7.3,0,Medium
65,Male,20.8,8.1,7.3,3.4,3.09,213.0,1.1,2,1,0,0,0,0,2.7,6.7,3,High
43,Female,24.6,6.4,6.5,4.0,2.52,160.0,1.4,2,1,1,0,0,1,8.3,3.8,3,High
67,Female,24.0,6.2,4.7,3.1,1.38,231.0,3.1,1,1,1,1,1,0,2.8,2.3,2,Medium
43,Male,20.0,9.4,1.0,9.8,0.91,20.0,2.7,1,0,0,0,1,0,8.6,3.3,0,Low
15,Female,18.7,6.0,8.5,6.2,1.52,0.0,5.6,4,1,0,1,0,1,5.0,5.5,0,Medium
63,Female,21.9,7.7,1.0,12.3,1.38,380.0,3.6,1,0,0,0,0,0,2.3,1.5,3,Medium
56,Male,25.1,5.9,6.5,7.0,1.13,145.0,2.4,2,0,0,1,0,1,2.8,8.9,1,High
54,Male,21.1,3.5,9.8,7.6,0.97,209.0,1.7,2,1,0,0,1,1,5.9,5.4,5,High
68,Male,23.0,4.5,5.5,3.0,1.92,0.0,0.0,1,0,0,0,0,1,2.1,7.2,2,Low
25,Other,16.0,7.1,5.8,5.4,2.69,320.0,6.0,1,0,0,1,1,0,5.6,2.5,3,Low
64,Female,22.8,7.6,6.0,6.2,1.53,277.0,4.4,2,0,1,0,0,1,3.1,5.0,4,Medium
27,Male,29.1,7.2,5.6,4.2,2.46,0.0,2.8,1,1,0,0,0,0,2.2,3.2,3,Low
68,Male,27.7,8.3,10.0,4.7,1.84,115.0,3.2,1,0,0,1,0,1,2.8,1.0,3,Medium
25,Male,24.1,7.1,3.3,7.2,2.59,179.0,2.8,0,0,0,0,0,0,1.0,6.1,2,Low
45,Male,25.6,5.3,3.1,7.2,1.47,11.0,0.0,4,0,0,1,1,0,5.2,7.6,2,Medium
58,Male,20.8,7.5,4.5,2.3,2.32,204.0,0.0,1,0,0,1,0,0,5.4,10.0,0,Low
19,Male,31.8,6.8,9.0,6.8,2.2,265.0,2.6,0,1,0,1,0,0,3.0,5.3,5,Medium
18,Female,33.8,5.6,3.9,7.5,3.19,186.0,2.5,0,0,1,0,0,0,2.9,3.6,2,Medium
61,Male,25.2,7.3,6.1,4.3,2.55,0.0,3.0,4,1,0,1,0,1,1.1,6.8,1,Low
18,Female,36.2,6.6,7.6,4.1,2.3,36.0,6.7,1,0,1,0,0,1,3.2,2.9,3,Low
48,Male,21.4,5.5,6.9,7.2,0.92,136.0,2.4,0,0,0,0,0,0,6.0,3.2,2,High
66,Male,18.9,6.2,7.4,0.0,1.68,123.0,1.3,1,1,0,1,0,0,3.1,4.4,2,Low
48,Male,21.3,8.8,8.3,6.0,1.46,125.0,3.1,4,1,0,1,0,0,5.4,2.4,4,High
41,Female,23.5,8.7,5.9,10.6,1.44,121.0,0.0,2,1,0,1,0,0,6.3,2.5,1,Medium
37,Female,34.9,6.8,4.2,0.0,2.11,0.0,3.3,3,0,0,0,0,0,1.8,8.3,2,Low
50,Female,23.2,6.6,5.5,8.3,2.29,239.0,1.4,2,0,1,0,0,0,10.0,2.5,3,High
46,Female,20.6,4.2,4.5,7.5,2.32,219.0,3.5,2,1,0,1,0,0,7.1,6.0,1,High
42,Female,20.5,9.3,10.0,2.0,3.11,207.0,2.6,0,0,0,0,0,0,3.9,2.6,3,Low
23,Male,29.6,8.2,4.0,7.5,2.49,197.0,2.7,1,1,0,0,0,0,1.0,4.2,2,Low
51,Female,29.0,7.7,6.3,8.8,1.12,119.0,4.4,1,0,1,0,0,1,2.3,5.5,2,Low
55,Other,22.3,2.9,1.9,2.7,2.26,83.0,4.6,3,0,0,0,0,1,9.7,4.9,1,Low
53,Female,16.1,6.6,5.5,4.0,2.57,38.0,7.5,3,0,0,1,0,0,6.0,2.6,4,Low
19,Male,19.4,6.3,4.6,6.1,3.11,320.0,4.5,2,0,0,1,0,0,3.5,6.7,1,Low
53,Male,32.2,7.6,6.7,8.7,1.98,148.0,2.5,1,1,0,1,0,1,3.7,4.9,1,Medium
55,Male,27.6,5.8,6.7,4.5,1.98,0.0,1.6,1,0,0,0,0,0,8.3,1.0,1,Low
25,Male,24.8,6.1,8.3,5.9,2.96,147.0,3.8,2,0,0,1,1,0,5.9,6.8,1,High
61,Male,32.9,7.5,8.1,4.1,2.24,0.0,6.2,2,1,0,1,0,0,3.9,4.8,1,Medium
43,Male,33.3,5.3,5.1,6.1,0.82,177.0,4.9,2,1,0,0,0,1,1.0,4.2,2,Medium
40,Male,24.3,5.6,3.1,8.9,0.65,166.0,1.4,3,0,0,0,0,0,4.4,5.2,3,Medium
54,Female,24.4,6.8,3.4,6.3,3.57,90.0,4.0,0,0,1,0,1,0,6.3,1.0,2,Low
43,Female,21.9,8.6,5.9,5.0,0.73,47.0,3.5,2,1,0,1,0,0,6.1,2.7,1,Medium
44,Male,23.2,7.8,5.5,5.9,1.97,212.0,5.3,0,0,0,1,0,1,2.3,5.0,2,Low
32,Female,17.8,8.2,5.8,3.8,2.81,141.0,3.7,3,1,0,0,1,1,4.8,2.2,1,Medium
66,Female,17.8,6.6,4.0,3.2,0.69,0.0,3.6,2,0,1,0,0,0,6.3,6.3,3,Medium
68,Male,16.7,8.9,8.4,9.4,1.23,282.0,0.4,3,1,0,1,0,0,8.4,1.5,4,High
22,Female,29.4,3.7,2.0,10.6,1.1,47.0,4.7,1,1,0,0,0,0,4.0,4.2,0,Low
55,Male,17.5,9.7,3.9,1.0,3.54,5.0,0.0,2,0,0,1,0,0,9.4,7.9,3,Medium
16,Male,33.3,9.9,2.8,7.6,3.71,299.0,3.2,4,0,0,0,0,0,6.1,2.5,6,Medium
35,Male,21.2,7.2,4.7,8.4,1.51,267.0,1.8,2,1,0,1,0,0,3.4,4.6,2,Low
68,Male,32.3,7.8,7.9,2.6,2.56,104.0,1.7,2,0,0,0,1,0,2.4,2.4,2,Low
24,Male,22.9,6.4,4.6,4.7,2.35,12.0,4.3,3,0,0,0,0,0,1.0,1.0,0,Low
35,Male,17.5,6.2,5.4,4.4,1.88,50.0,3.0,3,0,0,0,0,0,2.4,6.1,1,Low
27,Male,30.3,5.5,6.7,11.3,0.8,102.0,0.0,5,1,0,1,0,0,8.6,4.5,1,High
55,Female,30.8,6.4,4.5,10.6,3.95,284.0,2.6,3,0,1,1,0,1,3.8,4.8,1,Low
40,Male,20.4,7.4,6.0,3.4,0.65,292.0,2.1,4,0,0,1,1,0,1.0,5.3,0,Medium
47,Male,23.0,7.2,5.8,1.9,2.27,168.0,5.8,3,0,0,0,0,1,2.8,2.6,2,Low
66,Female,20.4,9.7,2.7,8.2,1.58,222.0,0.3,2,0,0,1,0,0,5.0,1.7,2,Low
43,Female,24.0,6.7,4.2,7.5,2.91,127.0,7.2,0,1,1,0,0,0,4.0,5.0,0,Medium
55,Male,25.0,4.1,6.0,9.5,2.78,54.0,4.9,2,0,0,0,0,0,5.8,8.2,3,Medium
20,Female,22.9,9.1,8.0,3.0,1.32,0.0,2.4,2,1,0,1,0,0,4.1,5.4,2,Medium
26,Male,16.3,4.5,8.0,8.0,1.47,186.0,2.1,5,0,0,0,0,0,3.4,1.2,0,Medium
67,Female,21.9,5.6,9.8,4.0,0.86,249.0,1.6,3,1,0,0,0,1,4.7,10.0,5,High
62,Female,27.7,6.9,6.3,7.7,2.26,94.0,3.7,0,1,0,0,0,1,2.1,1.6,4,Low
51,Male,23.6,7.2,4.3,5.9,2.67,281.0,1.3,2,1,0,1,0,0,5.3,1.0,3,Medium
35,Female,23.0,4.2,5.1,11.3,1.75,108.0,2.7,4,0,1,0,0,0,2.4,8.8,0,Medium
25,Female,20.3,5.3,4.9,7.3,1.9,159.0,0.6,4,0,1,1,0,0,4.4,2.6,1,High
61,Male,21.8,4.1,4.3,5.1,3.63,126.0,4.6,2,0,0,1,0,1,5.7,3.4,0,Low
58,Female,30.8,7.5,6.0,6.4,2.85,286.0,3.4,5,1,1,0,0,1,4.0,7.4,1,High
28,Female,19.4,8.4,6.1,5.7,3.18,204.0,2.0,0,1,1,1,1,1,4.8,8.6,1,High
47,Male,27.7,4.5,2.6,2.8,0.31,144.0,2.5,3,0,0,0,0,1,6.6,4.2,4,Medium
49,Male,24.7,8.1,7.6,11.4,2.54,158.0,1.5,0,0,0,0,0,0,3.1,6.4,2,Medium
41,Male,25.6,8.0,1.2,10.5,2.3,19.0,3.7,2,0,0,1,0,0,9.1,8.9,2,Low
65,Female,21.2,5.4,4.7,5.5,1.1,0.0,0.2,3,0,1,0,0,0,1.7,1.8,2,Low
21,Female,22.9,3.3,7.7,8.0,1.26,92.0,5.0,2,0,0,1,0,0,7.9,5.3,3,High
29,Male,24.5,4.8,6.5,11.7,1.93,129.0,3.4,3,0,0,1,0,1,5.9,3.7,2,Medium
20,Male,22.2,5.5,4.4,9.5,1.03,208.0,2.0,2,1,0,0,0,1,6.0,1.7,4,High
53,Female,26.0,9.0,9.5,5.1,1.46,132.0,4.3,0,0,0,1,0,0,7.4,6.8,0,Medium
50,Male,26.6,6.3,4.2,5.8,1.73,98.0,3.9,1,0,0,0,0,0,4.9,7.5,0,Low
69,Female,34.3,4.9,1.0,1.2,2.56,0.0,0.7,4,0,1,0,1,1,5.4,6.1,3,Low
44,Male,25.8,6.7,6.2,8.2,1.53,208.0,5.9,1,0,0,0,1,0,5.1,6.0,3,High
23,Male,15.9,4.4,1.3,9.5,1.74,173.0,0.0,3,0,0,1,1,0,7.0,3.9,0,Low
39,Male,29.7,7.3,3.4,9.5,2.92,240.0,5.4,1,0,0,1,0,1,7.5,5.4,3,Low
19,Male,23.6,4.9,6.6,8.0,0.69,153.0,2.6,9,0,0,1,0,0,4.9,5.9,2,High
51,Female,33.6,5.2,4.2,7.0,2.28,276.0,5.2,3,0,1,0,0,0,4.0,10.0,2,High
52,Male,31.1,7.1,6.5,3.2,2.41,89.0,6.2,1,1,0,1,0,1,2.3,1.0,4,Low
62,Female,22.2,9.3,2.7,6.9,2.43,146.0,2.1,4,1,0,1,0,1,5.4,3.1,2,Low
33,Male,27.7,10.0,7.1,4.2,1.7,176.0,2.2,2,0,0,0,0,1,3.7,4.1,2,Low
32,Male,21.8,4.8,1.5,7.5,1.25,223.0,3.7,2,0,0,0,0,0,1.0,5.7,1,Low
18,Female,24.5,5.5,8.1,3.9,3.32,196.0,0.5,4,1,0,0,0,1,4.6,8.2,1,High
37,Female,27.5,7.3,4.2,7.5,1.41,203.0,2.3,1,0,1,1,1,1,5.1,7.1,4,High
41,Female,29.5,8.4,8.6,9.7,1.21,180.0,2.1,2,1,0,0,0,0,6.9,3.9,2,High
56,Female,28.5,3.0,3.4,7.1,2.12,129.0,0.4,1,0,1,1,0,0,4.9,6.1,4,High
56,Female,24.8,6.6,9.4,6.9,1.51,249.0,2.0,0,0,0,1,0,1,2.3,4.3,2,Medium
22,Male,35.7,5.7,3.1,8.6,2.94,0.0,4.7,0,0,0,0,0,0,7.5,5.2,1,Low
30,Female,22.9,3.4,1.3,11.0,1.89,81.0,4.5,3,1,0,1,0,0,1.0,7.1,4,Medium
43,Male,17.3,4.4,5.3,5.7,3.04,325.0,2.6,1,0,0,0,0,0,1.1,1.0,2,Low
33,Male,18.1,5.6,7.9,7.5,2.46,76.0,3.1,2,0,0,0,0,0,4.2,4.0,2,Medium
16,Male,31.1,6.6,6.9,10.2,1.79,141.0,2.3,2,0,0,0,0,0,4.1,2.3,2,High
61,Female,24.2,8.1,7.8,7.9,2.99,303.0,0.0,1,1,1,1,0,0,4.3,2.5,3,Medium
55,Male,25.2,7.1,7.0,0.4,1.58,136.0,0.8,0,1,0,1,0,0,2.8,3.1,0,Low
43,Male,22.1,8.0,3.4,4.0,1.84,58.0,5.1,1,0,0,0,0,0,7.2,1.0,1,Low
32,Male,22.5,6.5,6.9,8.1,2.52,282.0,5.6,0,0,0,1,0,1,4.3,7.7,2,Medium
61,Male,21.0,5.4,5.4,4.9,2.28,118.0,1.1,4,0,0,0,0,0,1.4,10.0,3,Medium
16,Male,26.6,6.2,3.6,10.0,1.56,126.0,5.5,2,0,0,1,0,0,5.7,5.1,5,Medium
39,Female,24.1,7.6,5.6,11.2,0.87,0.0,0.4,4,0,1,1,0,1,2.8,8.5,3,High
59,Male,26.5,8.2,5.1,4.3,2.09,136.0,1.9,4,0,0,0,0,1,2.4,3.0,3,Low
67,Female,26.0,6.3,8.3,3.1,1.52,225.0,2.7,1,0,0,1,0,0,4.6,7.8,2,Low
28,Male,22.6,5.0,4.1,5.0,2.12,103.0,2.4,1,1,0,1,0,0,8.8,3.5,4,Medium
50,Female,17.9,7.0,4.0,4.8,1.76,9.0,1.5,0,0,0,0,0,0,1.0,3.2,0,Low
25,Female,17.5,7.3,3.7,10.3,1.53,97.0,3.3,2,1,0,0,0,0,1.0,5.0,4,Low
21,Female,38.1,8.5,9.4,3.1,1.89,82.0,4.7,0,1,0,1,0,0,2.5,9.0,1,High
34,Female,31.2,5.4,3.8,8.1,2.04,122.0,0.0,1,0,0,1,0,0,8.9,7.4,2,High
63,Other,30.5,5.4,8.1,9.9,2.66,93.0,3.3,3,0,0,1,0,0,1.9,8.1,2,High
52,Female,21.5,7.7,2.9,8.3,2.44,333.0,5.1,2,1,1,0,0,0,7.3,1.2,2,Medium
41,Male,24.5,5.8,6.3,7.2,3.78,183.0,2.1,5,0,0,1,0,1,6.9,2.0,1,High
30,Female,20.8,5.8,5.8,5.5,2.21,0.0,1.8,2,1,0,1,0,0,7.5,3.4,1,Medium
22,Male,18.6,8.5,7.9,11.2,1.56,158.0,1.1,4,0,0,0,1,0,2.4,8.2,2,High
29,Female,21.9,4.3,7.6,5.3,1.97,146.0,7.4,3,1,1,0,0,1,4.9,6.3,1,High
23,Female,30.5,9.8,5.4,8.7,2.55,281.0,6.3,2,0,1,1,0,0,6.5,1.0,2,Medium
25,Female,28.3,5.5,4.0,5.6,2.9,133.0,2.4,1,0,0,0,1,0,5.7,3.9,2,Low
52,Male,20.1,7.9,8.8,0.8,3.17,130.0,5.6,1,1,0,0,1,0,10.0,3.0,0,Low
22,Other,23.1,6.3,3.8,5.2,1.29,355.0,1.8,1,0,0,0,0,0,9.5,4.3,1,Low
17,Other,27.9,6.9,1.0,5.6,3.12,32.0,2.7,1,0,0,0,0,1,7.7,10.0,1,Low
44,Female,21.9,6.1,1.1,5.6,2.06,238.0,0.7,1,0,0,1,0,0,6.5,4.1,2,Low
30,Female,24.9,7.9,1.6,4.2,1.36,157.0,0.0,0,0,0,0,0,0,6.7,3.6,0,Low
40,Female,26.3,5.9,6.5,7.8,1.94,95.0,1.7,2,0,0,0,0,1,7.5,1.8,0,Medium
22,Female,26.3,5.6,10.0,8.1,3.07,79.0,2.1,4,0,0,0,0,0,9.2,6.6,2,High
26,Male,25.6,9.4,1.0,5.1,2.47,299.0,3.9,1,0,0,1,1,0,2.8,4.3,3,Low
39,Female,21.6,6.5,3.5,5.1,1.13,201.0,4.4,2,0,1,1,0,0,7.8,2.5,3,High
52,Male,22.0,5.4,5.4,3.1,1.14,216.0,2.7,4,0,0,1,0,0,5.5,6.2,3,Medium
37,Male,19.4,4.1,8.6,6.7,1.11,248.0,0.8,3,0,0,1,0,0,7.5,3.7,1,High
44,Female,17.5,9.5,3.5,9.9,1.51,188.0,1.6,0,0,1,1,1,0,5.1,4.1,0,Low
43,Female,24.0,5.6,6.5,9.9,2.16,33.0,6.5,3,1,0,1,0,0,3.8,2.1,2,High
29,Female,28.2,9.8,4.6,4.3,1.2,0.0,4.4,2,1,1,1,1,0,3.8,1.0,1,Low
30,Female,18.3,7.1,10.0,11.6,1.76,319.0,6.1,1,0,0,1,0,1,5.2,6.5,3,Medium
38,Female,25.7,6.7,5.5,5.0,3.22,173.0,6.9,1,1,1,0,0,1,6.2,5.6,2,Medium
16,Male,28.0,6.8,6.0,3.2,3.39,159.0,1.6,2,1,0,0,0,0,3.9,5.3,1,Low
52,Female,16.2,10.0,5.4,2.2,3.34,349.0,4.8,1,0,1,1,0,0,1.3,4.3,3,Low
48,Male,23.3,3.0,4.3,3.0,0.66,33.0,1.0,4,0,0,1,0,0,6.6,3.2,1,Low
31,Male,31.9,6.8,7.3,6.9,3.44,0.0,5.3,1,0,0,0,0,0,4.6,4.8,3,Medium
35,Male,27.0,6.1,2.7,5.3,2.17,0.0,4.8,2,0,0,0,1,0,1.0,6.2,1,Low
33,Male,16.1,6.2,1.0,4.2,2.16,92.0,0.0,1,1,0,0,0,0,1.0,5.5,5,Low
50,Female,27.5,6.7,4.9,3.6,2.92,163.0,3.9,5,0,0,1,0,1,5.6,2.9,5,Medium
56,Female,21.1,6.1,7.0,3.0,2.66,303.0,1.1,6,1,0,0,0,0,6.6,6.9,0,Medium
20,Female,27.6,6.8,3.9,3.5,0.61,243.0,2.3,2,0,0,0,0,0,7.7,4.7,1,Medium
37,Male,21.4,6.5,5.6,8.8,1.61,0.0,1.5,1,0,0,1,0,0,3.6,4.7,2,Medium
15,Male,24.3,4.4,2.5,11.0,1.81,458.0,5.0,1,0,0,0,1,0,3.3,3.3,1,Medium
39,Female,22.1,7.1,7.5,11.2,1.04,105.0,1.5,1,0,0,1,0,0,6.3,3.5,3,Medium
28,Female,24.5,7.6,6.6,7.9,2.9,285.0,0.2,2,0,1,0,0,0,2.8,5.1,1,Medium
33,Female,21.9,5.6,5.2,4.6,3.25,210.0,1.2,2,0,1,1,0,1,2.9,1.4,2,Medium
40,Female,23.5,9.5,5.6,4.1,2.09,151.0,2.5,3,0,1,1,1,1,5.4,3.6,2,High
32,Other,19.2,8.6,2.1,8.1,2.34,124.0,3.9,3,0,0,0,1,1,5.6,3.3,4,Low
36,Female,26.7,7.9,2.2,5.3,2.09,28.0,5.6,4,0,1,0,0,0,6.3,4.1,3,Low
57,Female,25.3,7.8,4.9,7.2,2.18,8.0,4.1,1,1,1,0,0,0,5.2,5.3,2,Low
59,Female,17.2,6.5,6.3,11.4,2.99,132.0,4.3,3,0,0,0,0,1,2.4,1.2,3,Low
15,Female,29.0,8.3,6.4,6.6,0.69,0.0,4.6,3,1,1,1,1,1,4.0,8.6,2,High
35,Female,23.7,9.0,4.4,12.4,2.49,331.0,4.8,0,0,0,0,1,0,5.1,4.5,0,Low
61,Male,25.2,7.8,6.8,2.8,2.11,161.0,5.3,3,0,0,0,0,0,8.1,6.0,2,Medium
44,Female,27.9,5.6,8.3,7.3,1.53,380.0,8.5,0,1,0,1,0,0,6.7,6.9,1,High
26,Male,26.0,6.4,5.0,6.9,1.7,102.0,4.8,3,1,0,1,0,0,5.4,9.0,1,Low
47,Female,29.7,7.4,5.9,3.2,3.57,85.0,3.6,1,0,0,0,1,1,6.6,5.0,0,Low
22,Female,23.2,7.8,4.7,8.2,1.04,215.0,2.0,1,0,1,0,0,0,8.2,2.4,3,Low
16,Female,29.2,6.4,4.9,10.3,1.97,121.0,3.7,5,0,1,1,0,0,1.7,1.6,1,Low
49,Female,25.1,5.6,5.6,12.2,3.4,257.0,5.5,2,1,1,0,0,0,5.0,5.7,2,Medium
43,Female,26.8,9.0,8.9,7.2,1.08,308.0,0.3,1,0,0,1,0,0,1.0,3.8,1,Medium
56,Female,26.3,4.8,7.2,0.7,1.74,271.0,5.8,1,0,1,1,0,0,5.0,8.5,1,Medium
33,Male,30.1,5.0,7.0,7.3,2.13,300.0,2.1,2,1,0,0,0,1,3.8,2.9,0,High
61,Male,27.7,4.4,4.2,8.1,2.43,240.0,2.5,0,0,0,1,1,0,8.3,2.2,2,High
38,Male,22.5,5.0,3.2,5.3,2.04,90.0,4.1,0,1,0,0,0,0,7.9,2.0,1,High
55,Female,21.6,8.5,6.1,6.6,1.38,275.0,1.8,6,1,1,0,0,0,10.0,10.0,2,High
20,Male,24.3,8.5,7.9,4.6,2.46,227.0,4.0,1,0,0,0,0,0,4.3,8.5,1,Low
20,Male,21.1,6.4,9.0,5.6,2.02,82.0,0.5,1,1,0,1,0,0,5.6,2.2,3,Medium
58,Female,19.8,7.3,1.0,8.8,2.6,96.0,4.9,1,1,1,0,0,1,4.9,3.8,1,Low
60,Female,15.0,6.5,10.0,9.9,2.84,140.0,3.4,2,1,1,0,0,0,8.3,3.7,3,High
66,Female,17.5,4.6,6.1,2.4,0.91,272.0,3.0,2,0,0,0,0,0,4.9,1.0,1,Medium
32,Male,33.4,10.0,7.2,4.6,2.93,163.0,3.6,2,0,0,1,1,1,2.6,4.3,3,Low
16,Female,21.5,8.7,1.4,1.6,1.9,149.0,3.0,4,0,1,0,0,1,1.0,6.2,3,Medium
68,Female,33.1,7.1,4.7,11.1,2.76,132.0,4.0,2,0,1,0,1,0,8.2,4.8,0,Medium
48,Other,26.3,5.1,7.0,8.4,2.5,111.0,2.5,3,0,0,0,0,0,5.8,4.0,6,Medium
28,Female,24.3,6.1,2.6,0.4,3.58,22.0,2.4,2,0,1,1,0,1,5.5,3.7,1,Medium
57,Male,17.7,5.4,1.0,5.8,2.11,237.0,0.0,4,1,0,1,0,0,8.9,3.6,0,High
64,Male,24.5,6.7,5.9,5.2,1.78,38.0,6.0,2,0,0,0,0,0,5.4,5.1,2,Medium
30,Male,33.0,7.0,5.1,3.9,1.69,157.0,0.4,0,0,0,0,0,1,1.3,8.1,4,Low
57,Male,31.5,6.0,8.4,8.9,1.27,105.0,6.6,0,0,0,0,0,1,1.9,3.7,3,High
58,Female,25.7,4.2,4.8,8.8,2.75,234.0,2.5,2,1,0,0,0,0,6.5,2.8,2,Medium
42,Male,19.3,9.9,5.0,6.8,1.22,112.0,5.7,1,0,0,1,1,0,6.8,2.4,2,Low
49,Male,20.2,6.9,6.7,4.2,2.74,39.0,5.3,1,0,0,1,1,0,10.0,9.1,5,High
29,Male,20.7,7.2,7.5,4.2,1.92,259.0,5.1,1,1,0,0,0,1,5.2,9.1,4,Medium
66,Female,30.3,5.8,3.6,6.1,0.69,59.0,3.1,3,0,0,1,0,1,9.8,4.5,2,Medium
69,Female,31.8,4.0,7.3,4.7,3.29,167.0,0.4,4,0,1,1,0,1,2.3,4.9,2,High
68,Female,25.4,6.4,4.1,6.0,0.3,290.0,2.6,4,0,0,1,1,0,3.3,4.0,0,Medium
55,Female,23.1,6.0,5.2,7.6,2.03,70.0,2.3,3,1,0,0,0,1,2.4,1.9,0,Low
17,Male,31.5,7.6,6.7,1.7,2.29,139.0,2.8,1,0,0,1,1,0,5.7,4.5,2,Medium
35,Male,20.1,7.9,7.1,3.9,0.3,103.0,0.3,3,1,0,0,0,0,8.2,1.1,4,High
39,Male,24.7,7.7,5.9,5.9,2.45,164.0,2.4,1,0,0,1,0,1,4.7,2.7,0,Low
67,Male,26.6,8.1,2.8,10.4,1.56,142.0,0.0,0,0,0,0,1,1,2.8,3.4,3,Low
45,Female,20.6,9.4,1.1,8.4,1.9,251.0,2.3,2,0,0,1,0,1,6.7,7.2,5,Medium
44,Female,21.6,7.1,4.8,6.0,3.17,82.0,3.3,1,0,1,0,0,0,4.8,4.8,3,Low
23,Female,21.3,8.3,7.3,7.1,2.21,290.0,1.3,1,1,0,0,1,1,6.8,2.3,3,High
58,Female,30.9,7.3,6.2,5.7,1.82,327.0,2.4,1,1,0,0,1,0,4.9,7.2,5,High
33,Female,33.1,3.5,5.7,9.0,1.96,178.0,3.4,2,0,0,0,0,1,4.9,4.3,1,Medium
20,Female,25.0,6.3,5.2,7.2,3.52,63.0,5.2,2,0,1,0,0,0,10.0,2.2,0,Low
69,Female,23.3,5.1,5.9,9.6,2.42,145.0,5.3,1,1,1,1,0,0,2.5,6.1,2,High
25,Male,21.8,6.9,3.0,2.2,1.39,136.0,3.7,4,0,0,0,0,0,6.2,5.0,3,Medium
15,Female,24.5,5.2,6.9,3.7,1.71,345.0,2.9,2,1,1,0,0,0,7.0,1.0,1,High
19,Female,22.0,7.5,7.1,6.8,1.15,139.0,3.8,1,1,0,0,0,1,7.8,5.0,2,High
39,Female,24.1,8.1,4.4,7.4,1.74,302.0,7.0,2,1,1,1,0,0,2.4,3.0,4,Low
20,Male,26.4,8.4,6.2,12.7,3.39,162.0,4.1,3,0,0,1,0,0,6.1,2.6,2,Low
61,Male,22.7,9.1,1.4,0.9,1.97,155.0,3.6,2,1,0,1,0,0,4.0,3.8,2,Low
43,Female,23.6,3.8,5.6,5.9,1.03,111.0,5.4,1,0,1,1,0,0,5.0,1.0,0,Low
32,Female,23.7,4.6,4.9,5.8,2.44,121.0,3.1,2,1,0,0,0,1,4.1,4.0,3,Medium
15,Male,23.1,11.0,8.0,6.7,1.79,248.0,1.1,3,0,0,0,1,0,3.8,5.2,2,Medium
41,Male,22.5,8.1,4.8,10.9,2.55,70.0,4.0,1,1,0,1,0,0,9.0,2.6,2,Medium
23,Male,27.9,6.9,7.1,8.5,1.91,256.0,3.4,0,0,0,1,0,0,7.7,3.9,4,Medium
68,Female,16.5,6.6,4.3,1.5,3.26,308.0,2.5,5,0,0,1,1,0,1.7,4.7,1,Low
31,Male,31.6,6.4,1.0,10.3,1.37,85.0,4.2,1,1,0,1,1,0,4.4,5.7,2,Medium
41,Male,25.1,3.4,4.7,10.2,1.17,283.0,0.0,3,0,0,0,0,0,4.8,6.1,2,High
16,Female,27.2,5.3,5.6,6.7,2.85,265.0,1.8,0,1,1,0,0,0,8.5,3.1,1,Low
22,Male,27.8,6.3,5.5,1.5,0.5,246.0,1.1,2,1,0,1,0,1,2.2,3.9,3,Medium
26,Female,21.3,5.4,5.6,5.6,1.96,80.0,1.3,2,0,0,1,0,0,3.4,1.0,0,Low
17,Male,20.4,5.6,4.1,7.3,2.74,137.0,2.7,0,0,0,0,0,1,3.2,3.0,3,Low
54,Female,19.9,10.6,4.5,8.8,0.34,137.0,1.0,3,0,1,1,0,0,1.0,7.8,3,High
66,Female,23.4,6.1,2.7,1.0,2.15,380.0,6.7,2,0,0,0,0,1,1.0,2.2,2,Low
69,Male,27.6,6.9,1.0,3.8,0.9,149.0,4.0,2,1,0,0,1,0,5.7,7.4,0,Low
29,Male,21.9,6.9,5.0,9.1,0.62,130.0,1.3,2,0,0,1,1,1,3.2,1.9,2,Medium
58,Female,27.2,7.4,3.6,10.2,1.25,24.0,0.0,1,0,0,0,0,0,5.6,6.3,0,Low
42,Other,15.0,5.7,7.6,7.2,1.95,43.0,1.7,1,0,0,0,0,0,1.0,5.2,2,Medium
17,Female,22.8,8.5,1.0,9.2,1.54,75.0,2.3,2,0,0,0,0,0,2.2,8.6,1,Low
19,Female,29.8,7.2,5.8,7.3,2.99,190.0,1.6,4,0,0,0,0,1,3.9,1.0,1,Low
45,Male,23.7,4.4,9.9,8.7,2.17,0.0,8.6,4,1,0,0,1,1,1.3,2.7,1,High
38,Female,20.8,6.3,4.8,6.4,1.71,77.0,0.0,5,1,1,0,0,1,4.2,8.6,5,High
15,Female,21.5,6.2,5.2,7.3,1.05,0.0,3.1,1,0,1,1,0,1,4.2,4.8,0,Medium
66,Male,15.0,6.2,6.1,2.6,2.28,304.0,2.7,0,0,0,0,0,1,4.0,5.9,3,Low
55,Female,19.9,7.3,6.3,8.0,3.75,162.0,2.5,2,0,0,0,0,1,1.6,2.6,1,Low
42,Female,29.3,7.5,4.3,2.5,1.54,184.0,0.0,3,0,1,1,0,0,7.9,2.0,3,Medium
69,Female,21.9,7.3,3.0,8.0,1.63,30.0,2.9,4,0,0,1,0,0,2.0,7.5,1,Low
68,Male,22.4,7.0,6.6,4.8,1.25,278.0,3.4,1,1,0,1,0,0,4.5,4.5,2,High
68,Female,15.0,6.6,1.0,7.0,3.05,315.0,4.6,1,0,0,0,0,1,4.6,10.0,3,Low
29,Female,17.2,3.1,7.0,3.3,2.84,157.0,4.1,1,1,1,1,0,0,5.1,5.0,2,High
63,Male,29.9,7.7,4.3,4.6,1.74,97.0,5.7,1,1,0,1,0,1,1.5,6.5,3,High
42,Female,27.3,7.3,5.2,7.0,1.62,211.0,0.0,2,0,0,0,0,1,5.7,7.1,2,Low
54,Female,18.7,4.9,4.0,8.1,1.34,231.0,2.5,1,0,0,0,0,0,3.2,5.8,4,Medium
62,Male,21.7,6.9,8.3,9.1,1.87,246.0,8.5,1,0,0,0,0,0,6.3,6.5,1,Medium
23,Male,24.4,7.5,5.7,2.8,2.92,223.0,5.3,1,0,0,1,0,0,7.2,7.8,1,Low
39,Female,19.1,8.4,4.5,1.8,2.13,256.0,0.0,2,1,1,0,0,0,5.1,4.5,2,Medium
22,Male,15.5,7.3,4.4,3.3,3.13,74.0,3.2,1,1,0,1,0,1,3.6,3.2,2,Low
30,Male,23.8,7.0,4.9,3.0,1.52,250.0,0.7,3,0,0,0,0,0,9.0,7.0,2,Medium
37,Female,27.1,8.0,10.0,10.4,0.3,100.0,2.1,3,0,1,1,0,0,6.0,8.5,0,High
62,Male,27.2,6.0,2.3,9.8,4.18,0.0,7.4,2,0,0,1,1,0,3.0,2.9,4,Medium
62,Male,28.4,7.2,7.6,3.2,2.27,99.0,5.1,2,0,0,0,0,1,2.1,8.7,2,Low
36,Male,17.5,5.5,6.4,10.8,2.72,89.0,0.0,2,0,0,0,0,1,5.9,1.8,0,Low
33,Male,24.8,8.3,8.6,9.6,1.47,177.0,1.3,3,0,0,0,0,0,4.2,4.7,1,Medium
44,Male,23.3,3.9,6.6,1.4,1.01,242.0,3.0,4,1,0,1,0,0,2.2,1.0,1,Low
65,Other,24.1,7.8,5.2,3.1,2.22,171.0,2.4,4,0,0,0,0,1,5.2,1.0,0,Low
68,Male,23.5,6.5,7.4,1.4,0.51,371.0,3.7,4,0,0,1,0,1,1.9,4.1,4,Low
27,Male,21.5,8.0,5.7,5.8,1.89,92.0,1.3,2,0,0,0,0,1,5.2,5.8,2,Low
25,Male,15.0,5.3,6.9,6.0,2.92,0.0,2.2,0,0,0,1,1,1,5.7,4.3,1,Low
53,Male,29.7,6.6,8.3,6.0,2.46,181.0,1.3,1,0,0,0,0,0,2.9,9.1,1,High
31,Male,26.0,6.6,5.4,0.3,2.3,90.0,2.2,4,1,0,0,0,0,5.8,1.7,6,Medium
25,Female,17.8,7.2,4.3,2.0,3.49,31.0,4.5,1,1,1,1,0,0,3.1,4.6,2,Low
16,Female,26.6,4.8,3.8,6.7,2.4,117.0,3.7,0,0,0,1,1,0,4.9,2.9,2,High
37,Male,22.5,7.5,6.2,7.7,0.58,64.0,1.5,3,0,0,0,0,0,1.1,3.6,4,Low
36,Female,22.6,3.5,3.3,0.3,1.98,75.0,5.5,3,1,0,1,0,0,5.2,3.1,3,Medium
45,Male,21.0,5.4,4.4,2.4,3.64,317.0,5.3,2,0,0,0,0,1,7.6,3.6,1,Low
26,Male,26.9,4.0,3.1,8.9,1.85,164.0,3.0,0,0,0,1,1,0,1.2,4.2,2,Low
54,Male,20.9,7.8,6.3,2.6,3.59,121.0,2.4,2,0,0,1,0,1,6.8,1.6,5,Low
52,Female,19.6,7.1,3.5,6.0,2.92,326.0,6.9,1,0,1,1,0,1,3.6,7.1,1,Low
40,Male,29.6,7.2,2.4,2.3,1.77,117.0,6.5,0,0,0,1,1,0,7.2,7.5,4,Low
24,Female,23.7,8.9,2.8,8.3,1.24,15.0,0.0,4,0,0,0,0,0,9.3,4.9,1,Low
42,Female,23.8,6.0,3.9,0.4,2.37,4.0,5.6,2,1,0,0,0,0,5.2,4.1,2,Low
52,Female,27.6,7.5,4.1,5.1,3.12,141.0,6.8,3,0,1,1,0,1,6.3,3.9,2,Low
35,Female,21.5,6.6,5.8,8.6,0.84,0.0,4.4,3,1,0,0,0,0,5.9,6.9,4,High
29,Female,22.4,6.4,4.8,7.7,2.2,21.0,2.0,0,0,1,1,0,0,7.4,2.2,3,Medium
42,Male,25.9,8.6,6.0,4.7,0.47,108.0,2.2,1,0,0,0,0,0,4.4,5.9,3,Low
34,Male,17.6,9.8,6.2,4.0,1.83,275.0,6.8,1,1,0,0,0,0,6.6,3.7,1,Medium
37,Female,25.5,5.8,6.8,5.3,0.78,292.0,4.8,2,1,1,0,1,1,3.2,3.5,0,High
34,Female,21.1,7.8,1.0,2.4,2.55,223.0,4.2,2,0,0,0,0,0,7.8,4.3,0,Low
31,Female,28.3,7.0,2.7,5.7,1.55,150.0,8.1,3,1,1,0,0,0,2.3,5.0,1,Low
54,Other,27.0,7.0,6.4,5.8,3.03,87.0,0.8,4,1,0,1,1,0,3.8,1.1,4,Low
40,Male,26.4,6.9,5.7,4.8,1.67,193.0,2.8,0,0,0,0,1,0,3.4,2.3,3,Low
40,Female,17.3,6.0,7.3,8.8,1.59,346.0,3.4,3,0,0,1,0,0,5.9,3.1,3,High
50,Female,24.0,2.0,1.8,3.0,0.81,166.0,2.5,1,0,0,0,0,0,6.9,5.2,5,High
34,Female,19.2,9.0,4.2,1.2,2.41,99.0,0.0,1,0,0,0,0,0,6.3,1.0,4,Low
20,Male,24.3,5.4,4.5,4.5,2.49,133.0,5.2,3,0,0,0,0,0,3.7,6.8,3,Low
61,Female,15.0,6.1,5.6,6.3,2.85,121.0,1.3,4,0,0,0,0,1,8.6,8.3,0,Medium
18,Female,17.6,6.1,5.3,5.7,2.62,210.0,1.3,3,1,1,0,0,0,7.9,2.6,2,High
46,Female,29.9,5.2,6.2,5.6,2.42,66.0,2.2,1,0,0,0,1,0,5.7,4.6,2,Low
29,Female,26.2,6.9,4.9,2.8,2.58,195.0,2.5,0,1,1,0,0,0,3.5,7.0,1,Low
26,Female,22.9,6.4,8.2,3.2,2.66,212.0,2.7,8,1,1,1,1,1,1.6,4.4,3,High
17,Female,20.4,5.4,8.9,4.6,2.83,188.0,5.1,1,0,0,0,1,0,6.7,3.9,2,Low
64,Male,19.6,6.7,2.7,4.4,0.88,31.0,5.6,0,1,0,1,0,0,4.2,6.7,2,Medium
38,Female,25.4,6.4,5.3,9.1,1.73,134.0,2.4,1,0,1,0,0,0,7.4,7.6,1,High
33,Female,23.0,8.0,7.0,6.7,0.8,92.0,1.7,3,0,1,1,0,0,7.6,3.2,1,Medium
55,Male,31.5,4.4,6.5,4.5,2.37,142.0,2.7,5,1,0,0,1,1,3.9,3.1,2,High
17,Female,23.7,5.2,4.3,9.1,3.4,77.0,1.0,2,0,1,1,0,0,5.0,5.7,1,High
46,Male,24.8,7.7,5.8,7.2,2.82,287.0,2.9,3,1,0,1,0,0,4.9,3.1,2,Medium
42,Male,18.3,5.5,1.7,2.2,1.61,171.0,0.9,4,0,0,0,0,0,8.6,2.1,3,Medium
45,Female,22.9,5.1,5.2,0.0,2.5,0.0,7.7,1,0,0,0,0,1,4.1,3.2,0,Low
21,Male,25.3,5.6,2.0,2.3,2.38,4.0,3.3,3,0,0,1,0,0,6.6,2.2,1,Low
67,Male,22.8,6.3,6.3,7.7,2.29,283.0,1.8,3,1,0,0,0,0,5.2,1.5,1,Low
28,Male,22.3,6.3,2.7,8.5,1.06,130.0,4.6,2,1,0,0,0,0,8.9,8.4,3,Low
52,Female,26.0,6.2,5.6,1.4,3.15,107.0,0.3,1,0,0,1,0,1,3.3,1.5,0,Low
56,Female,31.3,4.9,5.9,7.8,1.16,274.0,1.4,3,1,0,0,1,1,2.4,4.7,3,High
33,Female,25.2,7.7,5.4,7.7,1.81,133.0,3.9,2,0,1,1,0,0,1.0,1.0,0,Low
22,Other,29.6,8.6,3.8,9.9,2.87,19.0,3.3,3,1,0,0,0,0,5.4,8.4,1,Medium
31,Male,27.3,3.4,4.7,8.7,1.8,26.0,5.3,1,0,0,0,0,0,5.6,4.7,1,High
59,Female,29.4,4.0,7.8,9.8,2.16,219.0,0.0,5,0,0,0,0,0,4.5,8.2,3,High
64,Female,21.8,8.1,4.3,7.4,2.2,373.0,4.8,2,0,0,0,1,1,7.3,2.7,6,Medium
66,Female,23.6,9.0,5.2,7.3,2.15,242.0,1.8,1,1,0,0,0,1,8.8,10.0,3,Medium
27,Female,23.6,3.1,4.0,5.1,2.19,108.0,0.4,1,0,0,1,0,0,3.1,1.8,1,Low
48,Male,27.0,7.8,7.4,8.3,2.27,125.0,0.0,1,1,0,0,0,0,4.4,5.9,2,Low
23,Female,28.1,9.1,5.4,2.3,2.16,155.0,1.8,3,0,1,1,0,1,1.0,1.0,0,Low
54,Male,25.1,5.1,3.5,5.6,1.38,0.0,6.5,3,0,0,0,1,0,5.1,3.5,2,Low
37,Male,28.4,9.0,5.2,7.5,0.86,153.0,5.1,2,0,0,0,0,0,3.4,4.4,2,Low
54,Male,22.0,6.2,4.7,9.9,2.9,214.0,6.6,3,0,0,0,0,0,3.9,4.6,2,Medium
52,Male,28.5,7.0,8.3,4.7,2.94,345.0,2.7,2,0,0,0,0,1,4.6,3.4,1,Low
69,Female,29.1,5.3,5.1,8.7,2.37,270.0,3.2,2,0,1,0,0,1,6.2,5.6,7,High
41,Male,27.5,8.1,2.2,5.4,2.36,362.0,0.0,1,0,0,0,0,0,4.3,3.3,2,Low
33,Male,25.1,7.8,6.3,8.8,1.37,335.0,0.0,2,1,0,1,0,0,9.9,8.1,0,High
43,Female,27.7,9.3,9.1,3.8,0.3,303.0,2.7,3,1,0,1,1,0,4.7,5.7,2,High
23,Female,20.5,8.8,7.8,8.0,1.9,153.0,0.0,2,0,0,0,1,0,1.4,1.4,4,Medium
21,Female,25.4,6.5,2.8,5.7,0.58,188.0,1.1,2,1,1,0,0,0,3.1,5.6,2,Medium
43,Female,25.9,11.0,4.6,2.7,2.25,0.0,3.1,4,0,0,0,0,0,6.4,4.5,2,Low
60,Female,18.5,8.7,5.1,5.6,3.14,164.0,5.8,2,0,0,0,0,0,6.6,1.0,5,Low
44,Female,26.6,7.4,5.2,9.7,1.61,212.0,3.0,4,1,0,0,0,0,4.9,8.2,2,High
58,Male,18.9,4.9,6.0,3.1,1.65,119.0,0.0,1,1,0,1,0,0,4.9,2.2,1,Medium
24,Female,22.6,4.1,4.4,1.8,1.3,0.0,0.0,0,1,1,1,0,1,5.3,4.9,2,High
39,Female,24.7,4.2,3.2,7.1,2.14,324.0,3.3,3,0,0,0,1,1,6.5,5.5,2,Low
48,Female,21.2,5.0,7.3,1.3,2.07,195.0,1.6,3,1,0,1,0,0,4.8,4.6,3,High
34,Female,24.9,8.7,2.7,10.4,1.28,339.0,3.3,4,0,1,0,0,0,1.7,6.5,5,Low
15,Other,24.8,7.3,3.4,10.3,2.83,232.0,2.6,2,0,0,0,0,0,3.1,6.7,1,Low
19,Female,20.8,5.5,2.7,8.9,4.26,301.0,2.8,3,0,0,0,0,1,3.4,5.1,2,Low
66,Female,27.1,6.3,6.5,6.0,3.05,278.0,5.6,2,0,0,1,0,0,1.9,2.3,0,Low
48,Female,21.1,6.1,5.4,10.7,2.01,75.0,5.3,1,0,1,1,1,0,1.8,4.8,3,Medium
29,Female,34.8,7.8,7.1,9.8,2.0,94.0,3.8,4,0,1,1,0,1,5.7,7.4,0,High
29,Male,24.0,5.1,3.5,4.5,1.69,103.0,1.0,2,0,0,0,0,0,4.7,4.3,1,Low
17,Male,19.2,7.1,2.4,10.0,1.67,44.0,1.8,3,1,0,0,0,1,6.5,1.1,1,Medium
66,Female,20.1,7.0,4.2,3.4,2.87,344.0,4.7,1,0,0,1,0,1,9.2,7.3,2,Low
20,Male,29.7,5.1,4.8,5.4,2.9,155.0,5.9,2,0,0,1,1,1,6.7,3.5,3,Medium
56,Female,22.7,9.0,5.7,1.0,1.16,201.0,0.2,3,1,1,1,0,0,6.5,6.7,2,Medium
28,Male,18.4,6.0,1.5,6.4,2.39,4.0,6.4,5,1,0,1,0,0,1.1,3.3,3,Low
33,Male,28.3,4.9,6.3,5.2,2.99,240.0,1.3,0,1,0,0,0,0,6.3,5.8,1,High
30,Female,22.6,7.9,3.2,4.7,1.82,105.0,4.5,2,0,1,0,0,0,4.7,4.0,1,Low
60,Male,27.4,6.6,3.8,5.5,1.93,289.0,9.2,3,0,0,0,0,1,7.7,3.1,1,Medium
16,Male,28.7,7.2,7.8,4.4,2.66,75.0,0.0,3,0,0,1,0,0,1.7,5.8,3,Medium
34,Female,25.7,4.6,1.0,6.1,2.68,297.0,4.1,2,1,1,0,0,0,7.0,2.7,5,High
30,Other,35.3,7.8,5.9,9.6,2.44,253.0,2.3,2,1,0,0,0,0,3.4,1.0,2,Low
30,Male,16.7,10.0,5.9,3.0,2.3,99.0,4.0,3,0,0,1,1,0,2.3,6.3,1,Low
25,Female,20.8,4.5,3.4,8.4,2.41,306.0,1.6,1,0,0,0,0,1,9.9,3.2,1,Medium
65,Male,23.3,7.1,4.2,6.6,1.88,276.0,0.0,5,1,0,0,1,0,5.0,5.3,4,High
35,Male,34.7,5.2,7.9,7.0,1.21,204.0,1.3,0,0,0,1,0,0,4.6,5.2,2,Medium
38,Female,32.6,10.8,9.5,5.9,0.85,41.0,3.8,0,0,1,1,0,0,3.5,6.2,2,Medium
36,Female,30.3,8.5,7.5,4.0,2.58,238.0,6.0,2,1,0,1,0,1,4.0,6.8,1,High
68,Male,20.9,7.0,9.3,7.2,2.19,157.0,3.9,4,1,0,0,0,0,3.8,5.8,3,High
33,Male,21.5,4.5,3.7,7.5,2.46,155.0,6.2,0,0,0,0,1,0,4.2,6.1,1,Low
33,Female,20.8,4.9,1.7,3.8,1.44,158.0,1.9,4,1,1,1,0,0,4.5,6.8,4,Medium
33,Female,21.0,7.7,5.1,2.3,2.18,147.0,1.7,3,1,1,0,0,0,4.2,3.3,2,Low
32,Female,31.2,4.3,7.0,6.2,2.16,55.0,3.8,2,0,0,0,0,0,2.2,3.1,1,Medium
19,Male,23.4,4.4,1.1,8.1,3.12,0.0,2.2,3,0,0,1,0,1,4.9,6.0,2,Medium
48,Male,24.0,6.5,3.2,8.8,2.78,0.0,5.5,2,0,0,0,0,0,5.5,1.0,1,Low
16,Female,28.0,6.7,3.4,9.4,1.51,183.0,0.0,1,1,1,0,0,0,6.8,1.6,2,Medium
27,Male,17.0,7.1,6.0,7.0,2.5,0.0,4.9,2,0,0,0,0,0,7.5,1.0,1,Low
26,Male,24.7,5.8,5.7,5.3,1.5,230.0,5.7,5,1,0,0,0,1,4.0,7.3,1,High
31,Female,19.6,8.0,3.5,6.0,0.3,206.0,3.8,2,0,1,0,0,0,5.7,7.2,2,Medium
56,Female,23.2,5.1,5.6,2.5,3.48,117.0,5.0,0,0,1,0,1,0,6.7,6.6,3,Medium
47,Male,21.9,7.5,2.7,4.1,1.8,263.0,1.6,1,1,0,1,0,0,3.4,4.7,4,Medium
69,Female,21.6,6.8,4.3,5.9,2.93,121.0,1.2,1,0,0,0,0,0,5.4,3.5,3,Low
34,Female,25.5,7.5,2.4,5.3,1.57,196.0,3.8,0,0,0,0,1,0,5.7,4.1,1,Low
66,Male,25.5,8.4,4.9,6.3,1.45,0.0,1.4,5,1,0,1,0,0,1.0,5.5,2,Medium
17,Male,23.5,5.8,3.4,2.2,1.66,0.0,3.7,0,0,0,0,1,0,4.8,6.3,2,Low
42,Female,26.2,5.4,6.7,2.8,2.3,124.0,3.7,2,0,1,1,0,1,5.2,1.9,3,Low
58,Male,20.6,3.8,5.1,8.2,2.24,197.0,2.9,1,1,0,0,1,1,3.1,6.3,3,High
44,Male,27.6,3.3,4.7,3.7,2.5,255.0,3.6,2,1,0,1,0,1,7.2,7.2,2,High
66,Female,23.6,6.2,9.1,4.1,1.7,131.0,4.4,0,0,0,0,1,0,9.2,6.6,4,High
32,Female,22.3,6.3,6.0,6.3,2.13,177.0,2.8,3,0,1,0,0,0,5.7,1.0,1,Medium
16,Male,20.9,4.8,4.4,3.4,1.43,236.0,2.0,2,0,0,0,1,0,1.9,6.4,2,Low
57,Male,23.4,5.1,3.9,9.1,3.28,136.0,4.8,2,0,0,1,1,0,4.3,4.4,4,High
18,Female,32.9,8.9,2.6,2.5,1.05,215.0,3.6,1,0,0,0,0,1,2.6,8.3,3,Medium
57,Male,24.2,7.9,5.1,6.0,1.44,26.0,4.0,4,0,0,1,0,0,9.9,4.3,3,Medium
55,Male,19.4,4.5,5.9,3.9,1.76,0.0,4.3,2,1,0,0,0,1,3.5,7.2,1,Medium
61,Male,28.6,5.8,1.0,6.4,4.01,91.0,3.3,2,0,0,0,0,1,5.3,8.1,4,Medium
41,Male,22.4,7.1,2.2,4.6,2.71,235.0,2.2,4,1,0,1,1,0,7.6,6.5,1,High
64,Female,25.8,5.5,4.1,5.9,1.42,72.0,1.6,3,0,0,1,0,1,2.8,3.3,0,Low
24,Female,21.8,5.2,2.8,9.4,2.76,222.0,2.8,3,0,0,0,0,0,3.1,5.8,4,Medium
38,Female,30.3,6.0,5.3,4.1,2.51,37.0,4.1,5,0,1,0,1,1,8.0,2.7,5,High
21,Male,21.8,8.2,5.6,4.1,2.32,86.0,4.2,3,0,0,1,0,0,7.9,3.3,2,Low
57,Male,30.8,8.4,4.9,5.1,2.66,177.0,3.3,4,0,0,0,0,0,2.5,7.4,1,Low
54,Male,19.8,5.3,6.4,10.1,2.15,77.0,3.8,5,1,0,0,0,1,2.4,4.7,4,High
59,Female,23.2,7.2,3.9,5.7,2.24,95.0,0.6,0,0,0,1,1,1,6.3,4.3,2,Low
57,Male,30.8,6.5,5.1,9.5,0.86,0.0,2.0,2,1,0,0,0,1,6.3,8.6,3,High
31,Female,25.3,4.9,3.0,5.5,3.25,242.0,4.5,2,0,1,1,0,0,3.5,8.0,1,Medium
18,Female,34.7,6.0,5.8,9.3,1.74,137.0,1.2,5,0,0,0,1,1,5.6,2.0,2,High
66,Female,23.3,4.5,5.4,7.1,1.11,46.0,3.3,2,0,1,0,1,1,2.1,4.9,1,Medium
42,Male,25.7,8.4,2.6,7.6,1.7,352.0,3.1,8,1,0,0,0,0,6.2,3.7,3,High
20,Female,33.1,9.0,4.9,2.0,1.73,63.0,2.7,1,0,0,0,0,0,5.5,4.0,0,Low
65,Male,17.7,5.8,5.1,1.6,1.46,93.0,4.5,1,0,0,1,0,0,1.0,7.1,5,Medium
69,Other,17.1,5.5,5.8,9.0,2.72,44.0,3.5,1,1,0,1,1,1,4.0,6.2,2,High
39,Male,20.9,8.2,5.9,9.0,2.88,271.0,0.4,4,1,0,0,0,1,4.1,1.0,4,Medium
57,Female,28.2,8.4,3.6,12.8,0.53,308.0,4.1,2,1,0,0,0,0,6.5,7.3,3,Medium
16,Male,17.3,4.7,6.9,1.8,1.69,297.0,1.9,2,0,0,0,0,0,2.3,3.5,0,Low
20,Male,27.2,6.3,6.4,7.4,1.75,296.0,0.0,1,1,0,0,0,0,7.7,5.7,2,High
30,Female,26.9,6.4,3.6,3.1,1.96,84.0,4.6,1,0,0,0,1,0,5.1,6.3,1,Low
51,Male,33.6,5.3,2.7,3.9,3.47,334.0,0.4,3,1,0,1,0,0,7.5,6.4,2,High
22,Male,29.2,7.1,3.8,4.6,1.45,128.0,2.2,2,0,0,1,1,0,1.5,3.3,2,Medium
16,Female,26.1,5.4,2.0,7.1,3.35,0.0,3.6,2,0,1,0,0,0,5.6,5.7,1,Low
51,Female,30.6,5.6,5.7,4.1,1.98,103.0,2.8,0,0,0,1,0,0,5.4,6.7,1,Low
57,Female,26.9,6.3,7.8,6.1,3.36,186.0,1.6,1,0,0,1,0,0,5.4,4.3,4,Low
55,Female,22.4,4.1,8.3,8.3,1.85,79.0,0.8,2,0,1,0,0,0,5.8,3.5,5,High
58,Male,19.3,3.2,2.8,9.2,1.76,166.0,1.3,2,0,0,1,0,0,5.6,2.2,3,High
59,Female,21.9,8.0,6.9,7.9,2.08,209.0,0.6,4,1,0,0,0,1,1.0,8.9,0,Medium
48,Female,24.3,5.3,5.4,7.3,3.13,195.0,2.7,4,1,0,0,0,0,9.1,1.7,3,Medium
43,Female,25.3,9.9,1.0,5.6,2.23,222.0,1.8,4,1,0,0,0,0,3.4,2.4,3,Low
62,Female,15.0,9.7,4.5,4.4,2.27,130.0,0.0,2,0,0,0,0,0,3.5,5.2,3,Low
34,Female,23.5,5.7,4.2,7.5,2.61,70.0,2.4,2,1,0,0,0,1,5.1,2.2,3,Low
20,Male,24.6,10.2,7.9,3.1,1.4,0.0,1.6,2,1,0,1,0,0,6.2,8.9,0,High
56,Female,27.0,8.0,3.3,6.3,2.37,140.0,3.6,2,0,1,1,0,1,1.7,1.7,2,Low
30,Female,31.8,5.5,6.4,3.0,1.6,91.0,3.8,1,0,0,1,0,1,1.3,5.1,0,Low
68,Male,25.3,2.4,5.0,5.9,3.28,137.0,6.0,4,0,0,0,0,0,8.7,6.8,4,High
37,Other,20.4,7.6,2.0,3.0,2.43,0.0,4.4,0,0,0,1,0,0,4.1,1.7,4,Low
61,Female,16.3,6.6,4.0,4.9,2.65,0.0,0.6,2,1,1,1,0,0,5.7,2.7,1,High
17,Female,27.6,7.2,8.6,4.1,0.47,206.0,0.0,3,1,1,0,0,0,2.5,4.9,3,High
51,Female,20.6,6.1,4.8,3.8,2.67,0.0,0.0,0,1,0,0,0,0,9.0,3.0,4,Medium
39,Female,28.4,4.7,7.2,5.8,1.96,129.0,1.9,4,0,1,1,0,0,7.1,5.6,3,High
40,Female,30.8,5.8,7.1,0.0,0.95,59.0,0.0,3,1,1,0,0,1,3.6,4.1,1,High
29,Male,17.6,7.6,4.2,1.0,2.18,52.0,1.6,6,0,0,1,0,0,8.8,4.9,3,Low
68,Male,27.0,5.9,2.4,8.3,0.89,159.0,3.1,2,0,0,0,0,1,6.7,6.2,3,High
36,Female,30.3,5.9,2.7,6.4,2.59,153.0,1.8,1,0,1,0,0,0,7.0,2.5,4,Medium
61,Male,29.1,4.1,8.4,4.0,3.25,210.0,3.6,1,1,0,0,0,0,7.2,4.6,4,Medium
38,Female,15.1,6.6,5.5,8.7,0.67,29.0,1.7,0,1,1,0,0,0,4.1,4.1,3,High
17,Female,20.7,4.7,1.4,4.2,2.08,53.0,1.3,1,0,0,0,1,1,9.5,2.4,1,Low
63,Female,18.7,8.0,7.0,4.4,1.97,274.0,6.8,2,0,1,0,0,1,9.4,6.6,0,High
25,Female,26.9,5.3,1.3,3.8,0.51,125.0,2.9,2,0,0,1,0,0,9.5,1.0,2,Medium
29,Male,26.4,6.0,3.4,11.3,2.83,190.0,3.2,3,1,0,1,0,0,1.0,1.3,3,Medium
62,Female,15.0,10.0,5.4,6.7,2.6,95.0,4.9,1,0,1,1,0,0,5.1,6.2,4,Low
64,Male,23.1,6.0,10.0,6.5,3.72,200.0,4.9,4,0,0,0,0,1,5.9,1.2,1,Medium
65,Female,28.1,5.8,7.0,7.3,2.5,0.0,2.2,2,0,1,0,0,0,4.2,8.7,3,Medium
38,Male,25.2,7.4,4.1,0.8,1.4,277.0,5.3,2,0,0,0,0,1,5.0,1.1,1,Low
56,Male,25.2,3.6,5.3,4.3,2.51,100.0,2.0,5,0,0,1,0,1,4.9,8.2,1,High
33,Female,22.9,8.5,7.2,7.3,3.13,13.0,5.2,2,0,0,0,0,1,8.4,6.8,1,High
55,Female,19.7,8.1,8.3,6.0,1.73,33.0,0.3,4,0,0,0,1,0,8.0,1.0,2,High
42,Male,24.4,7.3,4.7,12.2,2.78,121.0,2.3,0,0,0,1,0,0,5.9,4.7,1,Low
17,Female,24.7,2.0,4.7,4.5,0.3,138.0,3.5,3,1,0,1,0,0,6.1,1.2,3,Medium
37,Female,27.3,6.1,3.4,8.6,3.28,166.0,3.8,1,0,1,0,0,1,5.1,2.6,1,Medium
40,Male,27.6,4.5,6.7,8.3,2.74,19.0,1.1,0,1,0,1,0,0,10.0,3.5,2,Medium
29,Female,24.9,8.3,7.5,6.4,0.3,246.0,0.0,1,0,1,0,0,0,6.0,1.0,2,Medium
35,Female,29.4,8.2,1.0,6.9,2.41,92.0,4.0,3,1,1,0,1,1,9.4,2.9,3,High
42,Female,22.8,7.1,4.3,5.2,0.51,87.0,2.5,1,0,1,1,0,1,7.4,4.0,2,High
17,Female,18.0,4.6,2.5,0.5,1.61,125.0,2.1,1,1,1,1,0,0,6.5,4.0,2,High
23,Female,26.6,8.9,5.5,7.0,2.64,223.0,6.6,0,1,1,0,0,0,1.2,1.2,3,Low
57,Female,25.1,6.1,2.5,7.2,1.99,146.0,2.4,3,0,0,0,0,1,8.1,3.4,0,Low
34,Female,26.7,9.4,2.3,7.6,3.11,90.0,1.9,0,1,0,0,0,0,1.0,5.0,3,Low
48,Female,18.8,6.9,7.7,6.2,2.15,114.0,0.0,4,0,1,1,0,0,4.5,6.3,1,High
46,Female,32.6,7.3,4.8,8.7,2.07,284.0,0.6,4,0,1,0,0,1,1.6,10.0,3,Low
45,Male,27.7,5.8,5.1,3.6,2.98,266.0,4.9,2,0,0,0,1,1,7.5,7.3,1,Low
37,Male,23.2,8.8,6.1,10.1,1.83,190.0,1.4,0,0,0,0,0,1,4.0,2.4,3,Medium
41,Female,20.3,7.5,7.3,3.2,2.08,166.0,4.4,0,1,0,0,0,0,6.7,3.3,1,Low
60,Female,29.3,8.8,4.3,5.7,2.19,404.0,0.2,1,0,1,0,0,1,1.0,5.5,0,Medium
68,Male,19.5,6.8,4.3,7.9,2.05,201.0,1.1,4,0,0,0,0,0,7.3,7.6,2,Medium
29,Female,34.7,6.4,4.3,4.6,3.03,170.0,1.0,0,0,0,0,0,0,7.1,8.8,2,Medium
51,Female,21.7,7.5,7.6,8.1,1.57,128.0,4.0,1,1,0,1,1,0,2.5,1.0,1,High
68,Male,32.2,8.8,5.1,5.0,1.44,189.0,2.5,1,1,0,0,1,0,3.7,7.0,2,Medium
15,Female,23.7,8.1,4.6,6.3,1.25,0.0,0.6,1,0,1,0,0,0,8.4,1.5,0,Medium
58,Male,31.6,6.7,6.1,5.5,0.39,263.0,4.6,4,0,0,1,0,1,5.7,3.9,4,High
42,Male,21.2,3.5,9.2,4.4,3.29,10.0,4.1,1,0,0,1,0,0,7.1,6.9,2,High
68,Male,24.6,7.8,5.4,12.3,1.38,71.0,3.7,5,1,0,0,0,1,1.0,2.6,2,High
46,Female,28.1,4.2,4.6,3.6,1.91,0.0,3.6,3,1,0,1,0,0,4.6,3.4,0,Low
61,Female,27.5,6.6,9.5,0.0,3.35,69.0,1.1,1,0,1,0,0,0,7.6,9.2,0,Medium
24,Female,29.5,6.3,8.1,3.7,1.99,113.0,5.8,2,1,0,0,1,0,3.2,8.5,2,Medium
22,Male,22.3,4.2,7.8,6.4,2.51,248.0,2.8,3,0,0,1,0,0,3.4,5.7,1,Medium
65,Male,24.9,7.1,4.1,4.9,0.96,292.0,3.6,0,0,0,1,0,0,5.0,1.0,0,Low
43,Male,30.1,9.9,3.9,8.9,3.22,364.0,3.8,4,0,0,1,0,1,3.1,1.0,0,Low
45,Female,21.3,6.0,1.2,8.8,2.0,161.0,0.9,5,1,0,1,0,0,8.6,4.9,3,High
24,Male,27.1,7.7,7.3,5.1,1.29,126.0,7.2,5,0,0,1,1,0,6.8,5.7,2,High
27,Female,23.5,10.3,5.4,1.3,1.28,236.0,2.9,3,0,1,1,0,0,5.0,5.2,3,High
60,Male,25.4,7.9,1.2,2.4,3.45,56.0,3.1,4,1,0,0,0,0,10.0,2.1,3,Low
31,Female,24.9,5.5,7.8,5.9,1.63,44.0,2.1,1,0,0,1,0,1,4.7,4.5,3,Medium
47,Female,21.0,6.9,4.5,1.6,1.3,110.0,5.5,4,0,1,1,1,0,6.3,7.1,2,High
32,Female,23.3,7.3,4.7,5.0,1.75,146.0,5.6,6,1,1,1,0,0,2.8,4.2,1,High
29,Male,25.2,8.8,1.9,10.0,2.14,0.0,3.3,3,0,0,0,0,1,4.9,2.4,2,Low
24,Female,24.0,8.4,6.3,7.0,2.22,267.0,0.0,0,0,0,0,0,0,6.8,4.8,4,Low
66,Female,31.6,2.1,6.3,6.1,2.46,176.0,2.6,2,0,1,1,0,0,6.7,5.7,3,High
66,Female,29.0,5.1,5.1,3.1,2.29,238.0,2.9,5,1,0,1,1,0,2.8,3.7,0,Medium
21,Female,25.8,6.4,4.3,6.5,2.62,0.0,2.0,1,0,1,0,0,0,1.8,5.3,1,Low
34,Male,21.1,4.9,10.0,5.3,1.88,77.0,0.8,2,0,0,0,0,1,5.2,4.2,3,High
46,Female,20.8,2.0,2.6,6.7,3.76,71.0,0.0,1,1,0,1,0,0,6.0,1.1,5,Medium
36,Female,33.4,5.3,3.6,8.0,1.71,128.0,6.2,2,1,1,1,0,0,1.0,3.8,2,High
54,Male,20.0,6.5,6.8,8.5,3.18,146.0,4.6,0,0,0,1,0,1,10.0,7.0,1,High
29,Female,25.0,5.7,3.0,6.4,1.62,246.0,3.1,1,0,0,0,0,1,5.8,3.7,1,Medium
18,Female,26.1,4.9,2.8,7.4,0.96,161.0,1.6,4,0,1,0,0,0,1.0,9.5,0,High
33,Female,23.1,6.6,7.7,4.6,0.77,68.0,3.8,2,0,0,1,0,1,6.1,1.0,4,Medium
47,Female,20.0,7.0,6.5,9.2,2.34,391.0,3.4,2,0,0,1,1,0,1.0,5.6,2,Low
24,Female,21.0,5.8,6.3,3.5,3.03,121.0,2.1,0,0,0,0,0,0,2.5,6.0,1,Low
59,Female,22.0,8.7,5.6,5.4,1.18,50.0,3.9,2,0,1,0,0,0,6.2,1.9,1,Medium
15,Female,21.3,6.6,3.7,9.5,1.4,0.0,4.1,2,0,1,0,1,0,1.9,4.5,2,Low
18,Male,30.5,5.1,4.6,4.7,2.41,160.0,4.5,3,1,0,0,0,1,2.7,1.0,1,Low
42,Male,24.5,4.7,5.0,2.2,2.1,226.0,1.0,2,0,0,0,0,1,7.2,4.7,2,High
43,Male,22.1,6.2,7.1,4.8,1.63,25.0,3.9,3,0,0,0,0,0,4.8,3.5,2,Low
31,Female,25.0,8.3,6.1,9.9,1.08,219.0,5.6,2,0,1,1,0,1,3.9,5.5,0,Medium
29,Female,27.5,5.2,3.2,0.0,2.35,159.0,3.7,3,0,0,1,0,0,4.6,6.0,3,Low
18,Other,22.9,7.5,6.9,6.3,2.62,0.0,7.9,2,0,0,0,0,1,9.3,4.1,4,Medium
51,Male,28.6,6.7,1.5,4.2,2.49,219.0,2.6,2,0,0,0,1,0,7.1,1.8,3,Low
35,Female,18.8,9.7,4.5,5.5,2.12,121.0,0.0,2,0,1,0,0,1,1.6,1.3,5,Low
21,Female,29.8,7.1,2.7,5.0,1.26,26.0,1.1,4,0,0,0,0,1,8.8,1.9,1,Low
36,Female,24.5,5.4,3.3,8.7,2.35,255.0,1.5,6,0,1,1,0,0,4.0,5.3,4,High
66,Female,24.3,7.7,9.4,6.2,2.29,253.0,4.2,2,0,0,0,0,0,4.8,5.3,3,Medium
29,Female,21.4,7.7,2.0,8.8,1.05,24.0,4.8,3,1,0,1,0,0,2.6,1.0,2,Low
64,Female,19.0,5.9,3.4,9.6,1.86,182.0,3.3,4,1,0,0,0,0,3.9,9.0,3,Medium
29,Male,17.0,4.6,6.3,6.1,2.39,172.0,3.6,1,0,0,1,1,0,5.5,5.3,2,Medium
25,Male,21.1,7.4,4.2,5.0,2.04,143.0,7.2,2,0,0,1,0,0,5.2,3.4,4,Medium
29,Male,27.1,6.6,5.5,7.1,0.53,93.0,1.2,2,0,0,0,0,0,9.3,2.8,6,Medium
32,Female,20.2,4.1,8.3,7.6,1.59,134.0,2.8,1,0,0,1,0,1,2.2,3.5,4,High
21,Male,17.5,6.9,6.6,2.8,1.53,253.0,2.0,1,0,0,1,0,0,4.6,7.5,1,Medium
47,Male,20.4,5.5,4.2,6.7,2.55,195.0,0.4,4,0,0,0,0,1,1.0,6.5,2,Low
33,Female,22.8,4.1,4.9,5.3,4.18,0.0,0.0,0,0,0,0,0,0,3.6,4.3,1,Low
54,Male,22.9,5.9,6.4,4.8,2.21,0.0,5.9,1,0,0,0,0,0,7.6,7.0,2,Low
42,Male,23.9,8.6,6.6,4.1,1.14,0.0,1.3,0,1,0,1,0,1,8.8,6.5,5,High
39,Male,29.1,8.4,5.2,4.2,1.97,1.0,2.4,4,0,0,0,0,0,9.0,4.1,2,Medium
40,Female,30.1,8.0,6.0,9.5,2.11,67.0,3.9,2,0,1,0,0,0,4.1,7.2,2,Medium
23,Male,33.5,6.9,6.0,5.0,2.71,100.0,0.4,0,0,0,0,0,1,4.2,7.7,1,Low
54,Female,17.2,7.5,5.0,9.2,3.09,143.0,1.2,5,0,0,1,1,0,2.6,7.4,3,High
20,Female,20.6,6.7,3.9,6.4,3.21,146.0,3.0,4,1,1,1,0,1,4.5,5.9,2,High
54,Female,27.6,4.7,6.8,2.8,2.53,145.0,2.0,0,0,1,1,0,0,8.0,5.8,2,Medium
69,Female,22.5,5.1,5.8,6.5,2.1,276.0,0.2,2,1,1,0,0,0,7.1,2.5,2,High
57,Female,28.4,5.5,1.0,2.7,3.29,0.0,4.3,0,1,1,0,0,1,3.7,1.0,1,Low
40,Female,25.4,8.7,3.4,7.7,1.82,187.0,2.0,4,1,0,1,0,0,4.2,5.2,2,Medium
32,Male,31.6,8.2,4.1,5.4,2.14,186.0,3.3,3,1,0,0,0,1,4.3,4.0,1,Medium
62,Female,29.2,4.8,4.8,8.4,1.91,11.0,3.1,1,0,1,1,0,0,3.6,3.7,3,High
29,Other,29.3,6.6,7.8,10.0,0.39,209.0,5.1,3,1,0,1,0,0,5.6,1.3,0,Medium
41,Female,22.6,5.9,10.0,1.1,3.12,191.0,3.8,4,0,0,0,0,0,6.9,6.4,3,Medium
57,Male,24.1,6.3,1.0,4.7,2.64,145.0,1.1,2,1,0,1,0,0,10.0,4.2,3,Medium
65,Male,23.1,5.6,5.9,2.6,0.3,0.0,5.6,3,1,0,1,0,0,5.0,2.1,2,Medium
65,Male,17.7,8.7,5.4,12.0,2.9,256.0,2.0,2,0,0,1,0,0,6.7,3.0,1,Low
19,Male,31.1,6.5,4.8,4.8,1.86,175.0,1.2,2,0,0,1,0,0,2.5,2.0,2,Medium
64,Male,27.9,6.8,6.4,2.3,2.89,194.0,0.9,0,1,0,1,0,0,5.3,3.8,3,High
21,Female,22.9,6.9,5.5,12.3,2.16,0.0,0.0,2,0,0,1,0,0,4.6,4.6,1,Medium
47,Female,30.4,4.9,4.4,4.0,1.01,92.0,1.7,5,1,0,1,0,0,6.7,5.7,3,High
66,Female,21.7,6.7,5.3,1.5,2.12,0.0,3.9,2,1,0,1,0,0,6.2,1.0,1,Low
51,Female,16.2,8.2,6.4,2.8,1.38,292.0,0.0,5,0,0,1,1,0,6.7,4.9,3,High
67,Female,29.0,8.9,6.2,6.4,1.12,28.0,6.8,2,0,1,1,0,1,4.7,1.0,4,High
33,Female,18.7,4.7,5.6,6.1,2.79,313.0,0.0,1,1,1,0,0,0,4.1,3.6,2,Medium
32,Male,23.6,4.1,3.9,3.7,2.41,255.0,1.3,2,0,0,0,0,0,2.0,5.6,5,Medium
32,Male,25.4,6.6,10.0,4.6,3.3,174.0,0.0,2,1,0,0,0,0,5.5,4.0,4,Medium
34,Male,26.2,8.3,6.0,6.1,1.78,275.0,5.0,2,0,0,0,0,0,4.8,1.0,4,Medium
52,Male,28.3,7.1,6.9,9.7,1.33,46.0,4.4,0,0,0,0,1,0,8.4,3.5,2,Low
39,Female,27.1,7.6,4.1,6.9,2.61,66.0,2.4,3,0,1,0,0,0,4.6,8.3,6,High
55,Female,27.0,4.3,5.6,4.4,1.43,251.0,0.0,0,0,0,0,0,1,3.7,7.1,0,Medium
37,Male,20.9,5.6,5.6,5.4,1.85,47.0,0.4,4,0,0,0,1,0,6.4,10.0,4,High
31,Male,25.8,3.0,1.0,8.2,2.52,4.0,3.5,1,1,0,0,0,0,1.6,4.8,3,Medium
25,Female,17.7,6.3,3.6,10.7,2.0,115.0,1.5,4,1,1,0,0,1,5.7,2.9,3,High
45,Female,31.5,3.0,3.6,2.9,1.71,53.0,1.8,3,1,0,0,1,0,3.4,3.6,4,Medium
64,Female,18.2,8.6,3.9,9.1,0.98,355.0,2.8,0,0,1,0,0,0,2.0,5.0,1,Low
62,Female,22.9,9.0,2.8,5.1,2.85,235.0,2.1,3,0,1,1,0,1,5.3,3.9,0,Low
28,Female,18.6,6.7,5.3,1.5,1.81,87.0,0.0,2,0,0,0,0,0,1.0,6.3,1,Low
41,Female,21.2,4.1,8.3,0.9,2.59,40.0,0.1,1,0,1,1,0,0,6.4,5.9,1,High
53,Male,24.6,7.1,5.5,9.7,2.49,187.0,0.1,2,0,0,0,0,0,5.2,1.1,2,Medium
48,Male,22.1,9.5,2.6,10.1,2.97,281.0,1.4,2,1,0,0,1,1,3.5,6.7,1,Low
18,Female,29.6,7.3,2.9,4.4,1.91,182.0,3.2,5,0,0,0,1,1,7.4,5.0,1,Low
47,Male,25.5,8.4,4.4,5.4,1.82,45.0,3.1,1,0,0,1,0,1,6.3,8.4,4,Medium
17,Male,22.4,5.7,2.1,1.0,1.21,0.0,5.6,2,1,0,1,0,0,1.8,7.0,4,Low
21,Female,23.9,5.1,5.9,8.1,1.67,108.0,0.0,1,0,1,1,0,0,6.5,7.3,2,Medium
50,Male,30.0,6.4,8.2,5.9,2.37,185.0,3.7,4,0,0,0,1,0,6.3,4.4,2,Medium
20,Female,28.6,3.4,3.9,1.7,1.45,98.0,1.3,2,1,1,0,0,1,3.9,1.5,3,High
33,Male,19.4,10.1,5.4,6.6,2.35,261.0,7.3,2,0,0,1,0,1,4.4,7.8,0,High
47,Female,21.4,6.7,4.3,2.1,3.27,208.0,2.8,1,0,0,1,0,0,9.1,6.4,2,Medium
51,Male,26.6,7.9,3.8,7.6,1.74,176.0,1.8,0,1,0,0,0,1,6.0,8.7,1,High
39,Male,26.1,5.8,5.6,3.0,1.05,206.0,3.6,0,0,0,1,0,0,1.9,3.5,4,Medium
20,Female,19.8,4.0,3.7,6.9,1.77,0.0,3.4,2,1,1,1,1,0,5.3,5.4,0,High
58,Female,27.9,8.8,3.4,4.2,0.96,95.0,2.2,1,1,1,0,0,0,1.2,4.7,2,Low
67,Female,20.5,4.7,1.6,0.0,3.17,36.0,4.3,3,0,0,0,0,0,6.3,3.1,3,Low
63,Male,30.4,7.1,5.3,8.8,2.17,192.0,6.3,1,1,0,1,1,0,3.6,1.0,1,Medium
56,Male,26.9,7.2,7.5,8.9,1.52,37.0,5.0,1,0,0,1,0,0,3.8,3.8,2,Low
37,Female,19.4,6.6,6.8,4.5,1.65,159.0,2.7,0,1,0,0,0,0,2.7,2.7,0,Low
63,Male,22.1,5.2,8.5,6.8,1.15,132.0,6.9,4,0,0,1,0,0,4.2,7.6,4,High
41,Female,22.0,6.3,3.7,7.2,2.91,216.0,4.1,4,0,1,1,0,1,5.6,5.5,3,Medium
22,Female,25.2,5.0,7.1,7.3,3.57,18.0,0.6,1,0,0,0,0,1,3.4,3.4,3,High
61,Female,23.6,7.8,2.8,10.8,0.9,200.0,3.1,0,1,0,1,1,0,3.1,7.5,1,Medium
32,Female,19.3,7.4,6.8,7.2,2.93,32.0,2.5,0,0,0,0,0,0,5.2,6.8,2,Low
66,Female,18.2,6.5,8.8,5.0,1.9,44.0,1.8,4,0,0,0,1,1,4.2,5.0,1,High
35,Female,27.0,5.6,6.3,7.2,3.11,134.0,3.7,2,1,0,0,0,0,4.4,4.6,2,High
62,Female,25.8,9.9,8.9,4.8,0.63,281.0,0.0,3,1,0,0,1,0,3.3,2.4,2,High
44,Male,25.0,4.4,3.9,3.0,2.28,57.0,6.5,3,1,0,0,1,0,2.6,5.2,2,Low
40,Female,25.7,4.0,4.9,9.4,1.77,0.0,4.3,0,1,1,0,0,0,4.7,4.3,0,Medium
31,Male,21.7,6.4,3.2,7.5,2.63,46.0,0.0,3,0,0,0,0,1,6.8,7.5,1,High
60,Male,25.3,6.1,5.3,0.8,2.15,108.0,4.3,3,0,0,1,0,0,4.8,5.8,0,Low
18,Male,35.9,8.3,5.8,4.1,2.12,356.0,4.0,2,0,0,1,1,0,4.2,3.9,1,Low
40,Female,29.8,7.5,5.3,8.1,2.02,193.0,6.2,0,0,1,1,0,1,1.4,7.8,2,Low
35,Male,23.2,6.5,4.2,1.6,3.35,67.0,6.8,0,0,0,0,0,0,3.8,3.3,4,Low
44,Female,22.1,7.3,4.1,3.9,1.96,134.0,7.2,2,0,0,0,0,0,3.7,3.7,4,Low
29,Female,15.0,7.3,6.0,13.5,2.79,323.0,2.4,0,0,0,1,0,0,5.2,5.0,1,Medium
51,Female,29.3,9.9,4.8,5.1,2.6,124.0,4.2,4,1,1,1,0,0,5.1,6.2,0,Medium
36,Female,28.0,6.9,2.7,9.0,2.81,125.0,1.9,3,0,0,1,0,0,10.0,5.7,1,Medium
25,Male,22.1,5.4,1.0,10.2,1.29,105.0,5.2,5,1,0,1,1,0,4.1,9.1,4,Medium
25,Other,18.1,6.8,3.9,3.5,2.67,227.0,0.0,4,1,0,0,0,0,7.0,6.1,0,Low
53,Male,19.3,2.3,2.2,6.7,2.37,92.0,0.2,2,1,0,0,1,1,7.1,1.0,1,Low
29,Female,26.5,6.4,3.4,11.8,1.15,246.0,2.0,0,0,1,0,0,0,6.6,5.2,3,High
31,Male,24.1,8.2,4.3,7.3,1.93,267.0,2.9,2,0,0,0,1,0,5.0,4.9,0,Low
49,Male,27.6,7.5,4.9,12.6,3.94,217.0,3.4,1,0,0,0,1,0,10.0,2.6,0,Medium
33,Female,24.9,7.0,3.7,4.2,1.79,125.0,5.8,1,1,0,0,0,0,2.9,4.3,4,Medium
36,Female,28.9,7.5,10.0,11.0,1.81,0.0,1.6,3,0,0,1,0,1,6.2,1.6,1,High
28,Male,26.2,8.3,2.4,6.0,2.46,125.0,0.2,6,1,0,0,0,0,6.8,5.4,2,Low
33,Female,28.2,8.8,7.9,5.1,1.67,76.0,2.1,2,0,0,1,1,1,1.0,4.4,2,High
53,Female,15.1,7.2,4.8,7.8,2.21,64.0,1.7,1,0,1,0,0,1,1.5,2.4,2,Low
44,Male,18.9,6.0,3.8,5.7,1.74,124.0,4.2,3,1,0,1,0,0,8.1,3.5,3,Medium
69,Female,22.9,2.8,6.5,5.8,2.42,203.0,6.4,3,1,1,0,1,0,5.8,7.6,4,High
57,Female,29.4,8.1,4.2,7.4,2.05,81.0,6.2,2,0,1,0,0,0,2.1,4.9,2,Low
15,Female,33.0,7.3,3.4,0.9,3.66,0.0,5.4,1,0,0,1,1,0,8.0,4.0,1,Low
35,Male,23.8,6.7,9.1,3.8,2.14,45.0,1.7,5,1,0,1,0,0,4.6,3.0,4,High
30,Male,21.7,5.4,1.0,8.0,1.92,336.0,2.6,2,1,0,0,1,1,7.4,6.1,2,Low
47,Male,15.7,8.0,4.7,8.8,2.92,210.0,3.9,3,0,0,1,0,0,9.2,6.6,1,Low
29,Male,28.4,6.1,5.6,7.0,0.99,45.0,1.3,2,0,0,1,0,1,4.5,6.4,2,High
68,Male,22.0,6.4,8.3,6.8,3.45,292.0,1.5,2,0,0,0,1,0,1.0,6.2,1,Low
31,Male,37.8,6.4,4.3,7.1,1.31,124.0,3.8,2,0,0,1,1,0,3.1,7.2,1,Low
43,Female,21.2,7.2,10.0,8.7,3.05,401.0,0.0,1,0,0,1,1,1,1.0,3.9,3,High
21,Female,34.0,4.7,6.9,2.0,3.27,179.0,5.4,1,0,0,0,0,0,2.7,2.9,7,Low
65,Male,27.9,7.4,1.0,4.6,1.68,212.0,2.1,3,0,0,1,0,1,8.5,5.5,3,Medium
65,Male,19.9,5.3,2.0,5.8,1.76,242.0,4.2,2,1,0,1,0,0,3.2,4.9,2,Low
58,Female,25.5,5.4,5.7,6.5,2.01,313.0,3.5,0,1,0,0,0,1,2.2,4.1,2,Medium
34,Male,28.0,7.9,2.7,0.1,2.6,102.0,5.8,1,1,0,0,0,0,8.9,4.8,2,Low
18,Male,23.5,4.9,6.4,2.5,1.3,304.0,0.0,2,1,0,1,0,0,4.5,9.5,2,High
54,Female,28.3,7.9,4.2,6.0,2.01,81.0,5.8,2,0,0,0,0,1,5.6,5.5,3,Low
38,Female,28.2,6.7,2.6,8.8,1.85,110.0,5.7,0,0,0,1,0,1,2.3,6.5,2,Low
69,Female,27.2,3.9,3.1,4.8,1.18,151.0,3.6,0,0,1,1,0,0,8.1,1.2,2,Medium
53,Female,24.4,8.7,7.1,4.1,1.26,251.0,4.1,2,1,1,0,0,0,5.1,7.5,1,High
44,Female,19.2,7.0,1.0,7.5,2.2,114.0,4.3,2,0,0,0,0,0,6.9,4.8,1,Low
69,Female,24.2,7.1,7.5,5.1,2.19,332.0,1.0,2,1,0,1,1,0,1.3,5.0,4,Medium
59,Female,25.3,8.1,7.6,8.5,1.49,296.0,3.1,4,1,0,1,0,0,8.2,4.1,6,High
40,Female,16.1,8.9,4.5,5.4,2.16,154.0,5.0,6,1,0,1,0,1,5.8,1.8,3,High
16,Male,25.3,6.8,2.1,2.9,1.58,44.0,0.0,2,1,0,1,0,1,3.1,1.0,2,Low
20,Male,24.1,7.5,6.4,10.0,3.15,260.0,4.0,2,1,0,1,0,0,3.9,2.7,4,High
39,Female,18.7,7.1,4.1,9.5,2.02,0.0,3.2,3,1,0,0,0,0,3.6,10.0,3,Medium
45,Female,23.0,6.0,1.9,3.3,2.98,232.0,4.4,4,0,1,0,0,0,5.6,8.3,3,Low
16,Female,23.1,4.0,9.4,7.1,0.75,59.0,0.2,0,1,0,1,0,0,5.3,5.0,0,High
21,Female,33.2,6.8,3.3,5.1,2.36,288.0,1.4,0,1,0,1,0,0,9.0,5.6,1,Medium
53,Female,25.5,8.7,2.0,7.7,2.58,0.0,0.0,1,1,0,1,1,0,1.0,8.2,1,Medium
56,Female,29.2,7.4,5.8,3.5,1.99,77.0,0.0,6,1,0,0,0,0,6.5,5.2,2,Medium
16,Female,24.0,4.8,5.1,8.4,1.67,198.0,4.8,2,1,0,0,0,0,1.0,1.0,0,Low
42,Male,16.1,8.3,8.5,9.3,1.98,216.0,1.7,2,0,0,0,0,0,10.0,7.7,3,Medium
19,Female,27.5,6.0,4.4,3.3,2.69,81.0,1.5,0,0,1,1,0,1,8.7,4.8,1,Low
54,Male,21.5,3.2,4.4,6.2,1.13,113.0,5.4,5,0,0,0,0,1,4.9,5.2,4,Medium
60,Female,23.0,8.1,5.9,9.4,2.66,255.0,2.2,4,0,1,1,0,0,6.0,4.6,1,Medium
62,Female,19.8,5.0,5.6,3.2,2.35,261.0,5.1,4,0,1,0,0,0,5.1,4.1,2,Medium
47,Male,24.8,9.3,5.7,4.1,1.89,111.0,0.7,4,0,0,0,1,0,3.4,6.5,2,Low
49,Female,29.3,8.3,5.8,7.9,1.93,83.0,2.2,0,0,0,0,0,0,3.1,5.0,1,Low
65,Male,28.7,6.1,5.6,5.6,2.15,0.0,1.0,1,0,0,1,0,0,4.9,5.2,2,Low
48,Other,31.6,7.2,4.3,1.6,3.43,178.0,4.2,2,0,0,0,1,1,1.0,2.6,1,Low
39,Male,32.3,10.4,7.0,5.1,2.38,239.0,2.5,2,1,0,0,0,0,8.3,10.0,3,High
56,Female,15.3,8.1,4.4,10.9,1.35,167.0,4.6,1,1,0,0,0,1,9.3,7.8,3,Medium
47,Female,19.1,6.9,7.0,11.8,1.75,48.0,3.3,2,1,1,1,0,0,4.3,7.1,0,Medium
61,Female,16.4,11.0,8.3,4.2,1.18,347.0,0.0,2,0,0,1,0,1,8.6,8.5,2,High
43,Female,27.3,6.7,3.7,3.4,0.59,0.0,2.4,2,1,1,0,0,1,3.7,5.0,5,Medium
62,Female,21.4,7.4,10.0,4.7,1.17,247.0,0.0,1,0,1,0,0,0,3.6,7.1,3,Medium
17,Male,22.3,5.0,3.6,11.0,2.2,174.0,3.8,0,0,0,0,0,1,5.5,6.7,1,Low
17,Male,23.5,3.8,3.6,8.4,3.12,202.0,4.2,3,1,0,1,0,0,6.3,5.0,1,Medium
20,Female,26.2,6.0,6.4,10.1,2.9,63.0,4.4,3,1,1,0,1,0,2.9,4.5,2,High
45,Female,17.8,6.6,6.2,8.8,1.18,133.0,2.7,2,1,1,0,0,0,5.8,4.6,2,Medium
53,Male,18.8,7.0,5.4,2.3,1.46,182.0,0.0,4,0,0,1,0,0,5.7,5.1,2,High
26,Male,24.5,4.2,7.0,3.3,1.35,141.0,3.5,2,1,0,0,0,0,1.0,1.5,2,Medium
23,Female,29.9,7.6,5.8,4.1,0.3,0.0,3.9,5,0,0,0,0,0,4.3,6.2,4,Medium
62,Female,24.4,5.2,9.7,4.5,1.97,338.0,2.6,3,0,0,1,0,1,4.4,7.5,6,High
56,Male,20.9,7.5,5.1,4.1,2.74,222.0,3.2,1,0,0,0,0,1,3.5,3.3,5,Low
50,Male,15.0,8.0,3.3,4.4,1.9,154.0,0.0,3,0,0,0,1,0,3.5,3.4,3,Low
41,Male,28.8,5.9,4.0,7.8,1.09,161.0,3.1,5,0,0,0,1,0,6.2,3.0,1,Medium
38,Female,21.2,5.0,6.2,6.4,1.42,335.0,2.8,1,1,1,0,0,1,1.0,3.8,4,High
16,Female,19.3,9.0,6.3,9.4,1.84,68.0,0.3,1,0,0,1,0,0,7.7,1.9,3,Medium
25,Female,16.8,7.9,5.7,6.7,2.72,43.0,4.2,4,1,0,0,0,0,4.7,3.6,2,Medium
64,Female,18.0,6.7,3.3,4.1,1.95,244.0,1.9,2,0,1,0,0,0,8.1,7.1,3,Low
33,Male,20.2,8.8,7.6,6.5,2.61,201.0,3.5,4,0,0,0,0,0,3.4,2.1,1,Low
53,Female,23.4,6.6,9.5,1.8,2.03,39.0,4.1,3,0,0,0,0,0,7.4,4.2,1,Low
53,Male,19.1,5.5,5.3,0.0,2.29,270.0,3.7,1,1,0,0,0,0,6.4,6.4,2,Low
32,Male,25.3,4.9,9.2,7.8,1.35,182.0,0.1,1,1,0,0,0,0,1.0,5.6,1,High
26,Other,23.4,6.3,7.1,8.9,1.55,51.0,2.2,2,1,0,1,0,0,4.5,6.1,2,Medium
53,Male,34.5,7.7,10.0,6.2,1.1,204.0,7.7,4,1,0,0,0,1,10.0,5.9,2,High
20,Male,16.8,8.7,6.2,4.9,2.58,187.0,6.1,1,0,0,0,0,1,7.1,5.1,0,Low
42,Female,25.2,6.5,5.5,2.2,1.87,140.0,4.8,2,0,0,1,0,0,2.2,1.9,2,Low
63,Female,25.3,8.4,7.1,9.3,0.3,192.0,3.6,2,1,1,0,0,0,3.8,4.8,4,High
54,Female,19.9,6.2,4.2,7.4,2.48,219.0,0.8,3,0,0,1,0,0,7.1,3.1,1,Low
57,Other,24.9,5.2,6.1,6.8,2.88,251.0,2.6,3,1,0,0,0,0,5.8,6.6,2,High
19,Male,28.0,4.4,8.1,6.0,1.45,162.0,2.1,1,1,0,0,0,0,1.2,3.1,3,High
25,Female,24.9,5.7,7.0,4.7,2.48,120.0,2.8,2,0,0,0,0,1,1.0,7.1,4,Medium
30,Female,30.7,4.5,5.1,2.9,1.93,176.0,0.0,0,0,0,1,0,0,6.8,4.9,1,Medium
31,Female,15.0,9.7,5.6,6.7,0.41,281.0,5.1,2,0,0,0,0,1,4.3,5.8,0,Medium
25,Female,20.7,7.2,6.9,4.5,3.66,219.0,0.0,1,1,0,1,0,1,7.7,6.2,2,High
68,Male,31.1,6.3,6.8,4.8,1.94,114.0,4.9,4,0,0,0,0,0,5.9,8.0,1,High
24,Female,28.6,9.3,6.9,10.8,2.26,156.0,4.9,3,0,0,1,1,0,3.0,6.8,3,Medium
53,Male,26.9,4.4,5.9,5.9,1.6,333.0,8.1,3,1,0,0,0,0,4.9,3.8,1,Low
47,Male,30.0,6.3,3.4,0.0,1.86,232.0,2.5,1,0,0,1,0,0,3.9,6.4,1,Low
48,Female,15.9,9.7,3.7,4.5,2.23,167.0,1.9,0,1,1,1,0,0,5.7,5.8,5,High
26,Female,28.1,6.3,6.2,3.2,1.27,275.0,3.3,2,1,0,0,0,0,2.8,7.0,4,High
31,Other,29.3,10.4,7.0,5.6,3.46,90.0,4.2,2,0,0,0,0,0,1.2,5.1,3,Medium
48,Male,21.5,7.8,6.7,2.0,2.77,186.0,2.8,1,0,0,0,0,1,4.6,8.4,2,Medium
31,Female,36.3,8.6,3.7,7.2,2.51,356.0,0.4,2,1,0,0,0,0,2.9,5.3,1,Medium
53,Female,25.4,8.6,4.9,5.2,1.99,222.0,4.2,1,0,0,0,0,1,7.4,1.1,1,Low
17,Male,15.0,6.5,2.6,4.7,1.49,328.0,3.0,1,1,0,1,0,0,4.4,5.1,3,Medium
19,Male,26.2,5.7,2.1,6.4,2.92,141.0,0.8,3,0,0,1,0,0,5.7,2.9,2,Medium
55,Male,21.3,6.3,5.4,5.8,2.59,98.0,0.0,2,1,0,0,0,0,4.1,3.9,2,Low
48,Male,29.7,4.9,8.2,5.6,1.78,278.0,8.4,0,1,0,0,0,1,5.4,4.6,3,Medium
17,Male,27.0,6.4,5.4,5.4,1.23,0.0,4.8,2,0,0,1,0,1,6.5,6.0,3,High
64,Female,21.8,6.5,9.4,5.9,0.84,170.0,4.2,1,1,0,1,1,0,5.6,3.9,1,Medium
15,Male,31.3,9.2,4.8,7.0,2.12,263.0,2.7,2,0,0,0,0,1,1.0,8.5,5,Low
67,Female,28.7,7.4,5.3,6.6,1.9,212.0,4.5,3,0,0,0,0,1,3.9,5.0,0,Low
55,Male,20.8,10.3,3.0,9.2,3.05,0.0,0.7,3,0,0,0,0,0,10.0,4.3,3,Low
69,Other,23.8,3.0,4.4,4.5,2.89,2.0,3.4,3,1,0,0,0,0,5.9,7.2,1,Low
67,Other,26.8,4.6,2.6,6.7,2.13,137.0,3.5,4,0,0,1,0,0,3.9,5.5,2,Medium
32,Female,22.9,5.9,1.8,12.8,2.04,202.0,0.7,1,1,0,0,0,0,3.7,1.4,1,Low
56,Male,23.0,8.9,2.6,5.9,1.18,207.0,2.8,3,0,0,0,0,0,8.5,2.2,0,Low
26,Male,24.7,6.3,5.4,6.0,2.95,149.0,2.1,3,0,0,0,0,1,6.3,9.0,2,Medium
40,Other,19.7,4.2,3.6,2.5,2.05,230.0,1.3,3,0,0,0,0,1,1.8,4.8,2,Low
28,Male,15.0,6.1,4.1,4.0,2.58,198.0,1.8,4,0,0,1,0,0,10.0,4.7,0,Medium
41,Female,25.6,4.6,6.1,5.7,3.04,136.0,0.0,1,0,1,0,0,0,5.7,7.9,2,Medium
62,Female,15.5,4.3,1.8,7.5,1.65,209.0,5.3,3,0,1,0,0,0,5.6,4.8,2,Low
38,Male,20.0,9.7,5.4,7.8,1.44,79.0,6.4,3,0,0,1,0,0,8.7,4.0,1,Medium
20,Male,16.5,5.9,7.1,6.9,4.07,220.0,1.0,1,1,0,1,1,0,5.4,4.9,1,Medium
32,Male,17.1,6.8,7.3,8.3,2.58,57.0,5.4,0,1,0,1,0,0,6.1,4.0,2,Medium
58,Male,26.4,6.4,6.3,3.2,1.88,204.0,2.9,2,0,0,0,0,0,1.2,4.6,2,Low
43,Female,23.5,6.1,5.1,7.4,3.09,201.0,3.0,1,1,1,0,0,0,4.8,5.1,4,Medium
45,Female,23.3,5.2,3.8,6.0,1.85,117.0,0.2,0,0,1,1,0,0,1.8,5.9,4,Medium
38,Male,18.6,6.0,5.0,6.3,2.36,220.0,1.8,4,0,0,0,0,0,3.7,4.3,4,Medium
31,Female,21.5,7.0,8.8,5.0,1.65,320.0,4.2,3,0,1,0,0,0,5.6,4.7,1,High
47,Male,26.2,8.8,5.8,3.3,2.09,38.0,0.9,2,1,0,1,0,0,1.0,4.9,1,Low
49,Male,24.3,8.0,5.0,2.6,1.88,255.0,1.4,4,0,0,1,0,0,5.8,10.0,3,Low
64,Male,28.2,4.5,6.4,6.9,1.5,270.0,1.9,2,0,0,0,0,0,7.1,5.9,3,Medium
48,Female,28.8,8.1,5.3,7.4,2.29,127.0,0.0,2,0,1,1,0,1,1.0,1.0,2,Low
69,Male,23.4,7.3,5.7,5.6,1.59,238.0,3.7,1,0,0,0,0,0,3.3,4.4,2,Low
60,Female,16.2,5.5,4.7,6.0,2.56,122.0,4.4,3,0,0,1,0,0,1.2,1.7,1,Low
19,Female,21.1,6.8,4.3,4.0,1.86,288.0,3.8,2,1,0,0,0,0,6.3,4.0,1,Low
36,Female,24.1,7.4,7.4,7.4,0.72,0.0,5.1,5,1,0,1,0,0,3.7,4.1,2,High
36,Female,21.0,6.6,1.0,6.2,2.6,309.0,2.0,2,0,0,0,0,0,7.8,1.0,1,Low
15,Male,19.8,7.3,6.3,5.0,2.61,28.0,7.0,2,0,0,1,0,0,1.7,9.1,4,High
24,Male,24.8,5.1,4.2,8.4,3.9,160.0,1.1,4,0,0,1,0,0,5.5,5.1,1,Medium
56,Female,35.4,9.7,1.0,7.8,2.11,60.0,2.5,2,0,0,1,0,0,2.9,7.2,1,Low
34,Male,22.3,3.4,3.1,1.7,2.25,315.0,2.3,1,0,0,1,0,0,5.0,3.1,3,Low
23,Female,24.5,7.4,5.1,6.1,2.48,125.0,3.4,0,0,0,1,0,0,4.2,4.6,3,Low
30,Male,18.6,7.1,5.4,3.3,2.92,90.0,2.5,3,1,0,0,0,0,6.8,6.4,2,Low
30,Male,30.1,7.5,6.8,6.4,2.87,273.0,2.8,3,0,0,1,0,0,5.7,1.8,3,Medium
24,Male,28.4,5.4,7.0,0.0,2.36,231.0,1.5,0,1,0,0,0,0,7.9,10.0,2,High
20,Female,28.1,8.4,1.8,6.6,2.07,113.0,2.0,2,1,0,0,0,1,4.8,7.6,2,Low
57,Female,30.6,6.3,6.0,8.0,2.77,41.0,0.0,1,1,1,0,0,1,2.7,5.2,0,Medium
60,Female,22.6,4.6,6.8,5.7,2.04,26.0,4.8,2,0,1,1,0,1,6.5,3.3,0,Low
42,Male,23.1,4.7,5.7,2.7,1.07,290.0,0.8,1,1,0,1,0,0,4.8,5.2,2,High
48,Male,32.2,6.7,6.3,11.5,0.9,196.0,1.9,0,0,0,1,0,0,4.3,1.0,5,Medium
65,Female,27.3,3.9,1.0,9.2,1.87,169.0,0.7,1,1,0,0,1,0,5.9,5.6,3,High
61,Female,15.0,9.4,3.0,4.5,2.2,204.0,4.3,2,0,1,0,0,0,3.1,8.2,1,Low
16,Male,26.5,8.2,8.2,5.3,4.08,0.0,1.8,1,1,0,0,0,0,9.5,1.2,2,Low
67,Female,21.9,9.4,4.6,0.5,2.0,114.0,0.0,2,0,0,1,0,1,7.6,3.3,2,Low
18,Male,28.5,9.3,10.0,7.3,2.14,117.0,3.6,2,0,0,0,0,0,5.9,2.5,1,High
16,Male,26.3,5.9,2.4,2.2,1.78,258.0,1.4,2,1,0,1,0,0,5.6,7.4,2,Medium
37,Female,16.7,5.1,8.6,7.9,2.6,0.0,2.9,1,0,1,0,0,1,5.1,5.9,2,Medium
56,Female,25.7,2.2,3.9,8.9,2.32,266.0,4.8,1,1,0,0,1,0,3.7,3.3,1,High
19,Female,25.4,5.9,7.1,5.8,1.59,347.0,0.8,1,1,0,0,0,0,6.3,4.6,0,Medium
31,Female,26.1,9.3,4.6,3.0,1.29,0.0,2.9,0,0,1,0,0,0,3.9,5.1,5,Low
29,Male,27.1,5.2,5.5,9.5,1.78,152.0,1.3,0,1,0,0,0,0,9.1,1.9,2,Low
36,Male,31.2,6.2,6.5,6.0,1.43,205.0,5.2,2,1,0,0,0,0,8.6,2.1,5,Medium
69,Female,26.4,5.6,3.9,6.3,1.92,246.0,3.2,2,0,1,0,0,0,5.6,3.5,2,Medium
33,Female,24.6,7.1,7.0,3.4,2.21,0.0,2.9,2,1,0,1,1,0,7.3,2.5,4,Medium
26,Female,29.7,8.6,4.6,6.5,1.7,187.0,0.3,1,1,1,0,1,1,1.2,4.4,2,Low
21,Female,34.6,4.0,5.6,5.4,3.26,126.0,4.7,1,0,1,0,1,1,5.4,2.7,0,Medium
25,Male,28.6,4.3,1.0,2.3,3.03,119.0,4.9,0,0,0,0,0,0,1.0,5.0,2,Low
22,Male,25.4,8.9,4.5,9.8,1.92,378.0,1.3,2,1,0,0,0,0,5.3,4.5,1,Medium
46,Male,26.4,7.7,8.0,10.9,1.33,126.0,3.3,1,0,0,0,0,1,3.0,6.2,0,Low
38,Female,25.7,6.1,6.7,8.9,2.08,199.0,4.3,0,0,0,0,0,0,7.3,5.3,5,Low
42,Male,24.6,9.2,7.2,8.4,1.99,137.0,7.9,7,1,0,1,0,1,5.2,1.0,2,High
60,Female,34.2,4.3,5.3,10.9,2.05,177.0,3.9,0,1,1,1,1,0,4.1,3.6,3,High
46,Other,21.1,8.0,8.9,3.1,1.78,211.0,3.0,1,0,0,0,0,0,4.1,5.8,2,Low
23,Male,29.7,6.4,5.8,3.0,1.26,248.0,2.7,2,1,0,1,0,1,1.0,7.6,1,High
35,Male,23.9,7.5,3.7,4.8,2.13,65.0,2.8,3,0,0,0,0,0,7.2,7.5,2,Low
32,Female,17.8,2.7,7.1,6.8,1.82,167.0,4.7,4,1,0,0,0,0,8.4,7.8,3,High
60,Female,23.7,6.1,7.2,5.2,1.89,171.0,1.1,2,0,0,0,1,1,6.9,4.9,3,Medium
31,Male,22.0,7.7,6.6,3.1,2.18,0.0,5.1,0,0,0,1,0,0,3.8,7.3,0,Low
22,Female,27.1,6.4,4.3,6.0,2.04,45.0,0.0,1,0,1,1,0,0,2.8,9.2,1,Medium
55,Male,24.9,8.5,5.8,5.7,2.16,248.0,4.5,5,1,0,0,0,0,1.0,6.7,2,Low
38,Female,19.9,8.5,8.3,8.4,1.78,99.0,5.1,1,0,0,1,0,0,4.0,5.4,1,High
20,Other,31.1,5.0,6.3,6.1,2.39,437.0,4.8,1,1,0,1,0,0,1.0,6.0,0,Medium
52,Female,29.4,7.8,1.9,0.7,1.53,256.0,3.6,2,1,1,0,0,1,1.0,1.0,4,Low
26,Male,31.6,4.9,3.8,7.1,1.23,200.0,3.9,5,0,0,0,0,0,7.4,3.6,1,Medium
62,Female,25.6,6.6,3.7,10.4,1.39,316.0,2.1,1,1,1,1,1,1,9.0,1.0,3,High
60,Female,24.3,7.5,3.5,6.1,1.56,235.0,0.5,3,1,1,0,0,1,3.4,4.5,3,Medium
35,Female,27.7,5.2,1.0,8.8,1.07,170.0,3.5,1,0,0,0,0,0,6.2,2.6,2,Medium
45,Female,21.9,7.8,9.4,4.6,0.75,0.0,3.2,5,0,1,1,1,1,3.8,1.0,1,Medium
46,Male,25.1,5.7,3.3,7.6,2.5,223.0,5.0,3,1,0,0,0,0,7.9,5.7,1,High
50,Male,23.7,5.6,3.4,3.9,3.12,304.0,2.7,1,0,0,0,0,0,5.6,2.9,4,Low
18,Other,17.9,7.6,1.0,5.3,2.55,85.0,3.3,2,0,0,0,1,0,6.5,4.2,2,Low
32,Other,25.1,5.2,7.1,5.3,1.71,0.0,3.6,3,0,0,0,0,1,1.0,5.6,2,Medium
24,Male,22.5,5.1,5.0,7.3,0.73,32.0,4.3,1,1,0,1,0,0,4.8,1.0,2,Low
53,Female,23.4,8.2,4.4,3.7,2.25,343.0,5.1,0,1,0,1,1,0,3.7,6.3,2,Low
18,Male,26.1,6.7,4.5,1.9,0.81,159.0,0.9,2,0,0,1,0,0,8.4,4.7,5,Medium
43,Female,30.2,4.2,6.5,7.3,2.03,311.0,4.5,2,1,0,0,1,1,3.6,5.8,3,Medium
55,Male,20.7,7.9,4.1,7.2,1.46,152.0,2.6,1,0,0,0,0,0,4.4,2.8,0,Low
67,Female,23.0,5.8,1.0,6.3,0.3,95.0,4.4,1,1,1,0,0,0,1.0,7.2,2,Low
30,Male,21.1,4.3,2.4,8.6,3.28,385.0,6.3,1,1,0,0,0,0,5.4,4.7,3,Medium
15,Female,20.8,2.5,2.2,5.4,1.1,109.0,0.0,0,0,1,1,0,1,5.3,5.0,1,Medium
54,Female,21.8,7.9,5.8,6.8,1.82,123.0,5.7,0,1,0,1,0,0,4.3,3.7,4,Medium
15,Female,23.6,5.1,7.2,5.0,2.0,201.0,2.7,4,0,1,0,0,1,8.2,1.1,2,High
18,Female,27.1,4.5,8.4,5.3,1.72,118.0,1.1,2,0,0,0,0,0,5.0,4.8,4,Medium
69,Female,25.9,7.5,1.6,7.0,2.47,236.0,2.0,1,0,0,0,1,0,3.4,6.1,1,Low
62,Female,19.7,7.8,6.6,12.3,1.51,199.0,0.7,1,0,0,0,0,0,3.0,4.2,5,Low
53,Female,30.3,5.2,3.8,8.1,2.41,203.0,4.1,2,0,0,0,0,0,6.9,2.3,3,Medium
60,Male,28.7,8.0,10.0,7.5,2.35,82.0,0.7,2,1,0,1,0,0,1.0,3.6,1,Medium
19,Female,20.4,9.8,8.2,8.2,1.0,0.0,5.6,2,0,1,1,0,1,3.3,5.9,2,High
19,Male,30.0,8.7,8.9,0.0,2.29,58.0,4.5,1,1,0,1,1,0,4.7,6.6,1,Low
31,Female,26.0,8.4,7.0,6.9,1.26,68.0,3.5,2,0,1,1,0,1,4.0,6.9,1,Low
16,Male,23.8,7.0,6.0,8.5,1.17,182.0,0.0,1,0,0,1,0,1,4.8,7.0,0,Medium
63,Female,26.1,5.8,4.3,6.2,2.33,60.0,0.1,1,0,1,1,0,0,7.8,2.1,2,High
18,Female,24.4,6.4,3.9,5.9,1.77,0.0,2.8,2,1,1,1,1,1,4.3,5.6,2,High
44,Male,27.0,7.2,3.4,3.4,2.4,24.0,2.9,3,0,0,0,0,0,2.5,5.1,3,Low
61,Male,25.3,4.5,6.6,4.8,2.41,193.0,5.1,3,0,0,0,0,0,8.8,3.8,0,Low
55,Female,23.0,5.3,8.6,3.7,0.96,226.0,0.0,3,0,0,1,0,0,4.3,1.0,2,Medium
27,Female,15.4,4.2,4.4,8.8,2.69,94.0,1.3,2,0,1,0,0,0,6.1,3.6,2,Medium
40,Female,26.9,6.9,3.6,10.2,2.33,106.0,4.8,4,0,1,0,1,1,8.7,8.8,2,Medium
45,Female,22.8,6.6,1.9,11.4,1.63,218.0,2.3,0,0,1,0,0,1,3.2,5.4,2,Low
57,Female,28.0,5.5,5.7,3.6,1.99,168.0,2.0,3,0,0,0,0,0,9.5,4.1,3,Medium
38,Male,26.7,7.8,7.9,4.1,2.72,280.0,0.0,3,1,0,0,0,0,9.5,2.5,1,Medium
30,Female,22.9,4.8,8.0,3.9,1.84,133.0,5.3,1,0,1,1,0,0,3.2,6.2,0,Medium
58,Male,29.1,5.4,8.2,3.1,3.79,59.0,1.9,1,0,0,1,0,0,3.6,8.5,1,Medium
63,Female,25.4,7.7,6.1,3.2,3.29,270.0,5.4,1,0,0,0,0,0,6.8,6.0,4,Medium
41,Female,25.2,8.0,5.4,4.6,2.19,116.0,6.2,2,1,0,0,0,0,8.6,1.7,2,Low
16,Female,23.9,5.2,8.0,8.4,1.92,63.0,5.9,1,0,1,1,0,0,7.1,2.3,7,High
42,Female,32.1,6.9,2.8,4.0,1.95,248.0,2.9,3,0,1,1,0,0,4.9,1.8,2,Medium
63,Female,21.3,5.3,4.2,8.9,1.62,309.0,1.9,1,1,1,0,0,0,6.3,9.7,2,High
69,Male,23.0,6.2,9.0,9.8,2.2,170.0,1.8,0,0,0,1,0,1,6.8,5.2,0,High
37,Male,18.9,6.7,2.8,6.8,2.65,40.0,7.3,0,1,0,0,0,0,5.8,6.3,0,Low
23,Female,27.8,7.4,5.1,9.4,1.02,319.0,2.5,1,0,1,1,1,0,3.9,5.5,3,High
46,Female,21.9,7.0,6.6,2.2,2.61,191.0,5.3,1,1,0,1,0,0,7.0,5.6,1,Medium
60,Male,22.4,6.9,5.4,4.4,2.85,174.0,4.1,2,0,0,0,0,0,4.3,2.8,1,Low
66,Female,22.2,4.8,7.7,6.5,2.56,106.0,2.1,4,1,0,0,0,0,1.0,2.2,1,Medium
17,Female,24.8,7.1,8.6,6.6,2.0,274.0,2.4,2,0,0,0,0,1,1.6,1.8,3,Medium
30,Male,18.9,7.4,6.3,10.0,2.52,28.0,5.6,1,0,0,0,0,0,8.2,4.6,0,Low
41,Female,15.0,7.6,8.3,3.2,3.14,18.0,3.1,0,0,0,0,0,0,2.3,3.4,1,Low
20,Female,26.6,5.3,3.2,4.5,2.05,358.0,2.0,3,1,0,1,0,1,5.3,3.3,0,Medium
63,Female,15.0,8.0,4.9,5.8,2.12,55.0,1.2,6,1,1,0,0,1,8.2,4.9,3,High
21,Male,28.3,4.4,10.0,4.5,3.81,256.0,3.7,3,0,0,0,0,1,5.5,1.0,1,High
51,Female,31.5,5.8,9.5,3.1,2.35,302.0,1.9,2,1,0,0,0,0,10.0,1.7,1,Medium
65,Male,23.8,6.1,2.4,4.7,1.29,173.0,4.3,3,0,0,0,0,0,4.8,7.3,1,Low
52,Female,30.3,4.5,5.2,5.3,2.8,53.0,8.6,4,0,1,0,0,0,3.0,7.9,4,Medium
56,Female,24.4,6.0,5.5,10.1,2.42,219.0,4.1,1,0,1,0,0,1,1.4,8.3,1,Medium
29,Female,31.7,6.9,6.1,3.1,1.58,303.0,7.0,0,0,1,1,0,0,1.0,3.9,2,Low
60,Male,22.4,3.6,8.0,8.3,1.22,188.0,1.4,4,0,0,1,0,0,8.9,4.4,0,High
38,Female,15.0,5.9,9.2,9.6,2.29,68.0,4.5,1,0,0,1,0,0,2.2,7.3,2,Low
18,Male,24.1,3.7,5.3,4.6,2.05,184.0,5.8,0,0,0,0,0,0,1.0,1.0,3,Low
35,Female,32.2,9.8,7.7,6.7,1.1,0.0,6.0,4,0,1,1,0,1,4.1,4.1,3,High
34,Female,26.9,6.8,6.6,7.6,2.03,43.0,5.8,1,0,1,0,1,0,3.5,5.6,3,Low
43,Female,22.2,6.7,5.2,7.2,1.98,122.0,3.0,0,0,1,1,0,0,3.3,3.9,2,Medium
29,Female,26.0,6.9,1.5,6.2,2.05,157.0,5.0,2,1,0,0,0,0,8.2,7.2,1,Medium
40,Female,28.9,7.5,7.4,4.1,2.49,18.0,0.8,1,0,0,1,0,0,5.6,4.8,2,Low
38,Male,24.1,8.1,6.5,7.9,0.69,177.0,6.5,4,0,0,1,1,0,7.2,1.7,4,High
32,Male,36.3,4.0,6.1,5.0,1.21,207.0,0.9,1,0,0,0,0,1,10.0,3.6,1,Medium
53,Male,22.2,8.6,3.0,6.1,1.71,126.0,5.8,1,1,0,0,0,0,3.0,2.4,2,Low
31,Male,29.0,8.5,9.5,6.5,3.16,0.0,5.3,2,1,0,0,0,0,5.6,7.1,6,Low
57,Female,27.9,6.4,5.5,8.4,3.99,161.0,5.3,1,1,0,0,1,0,1.5,6.5,2,Medium
28,Male,21.4,6.3,2.7,11.4,2.1,350.0,7.5,0,1,0,1,0,1,8.9,6.4,2,High
62,Female,22.6,2.0,2.3,3.9,2.14,200.0,5.3,2,0,0,0,0,0,4.5,6.4,2,Low
35,Male,29.1,4.5,6.7,6.1,0.3,152.0,0.1,3,0,0,1,0,0,1.0,6.8,0,High
17,Male,25.2,7.3,6.8,1.8,2.82,109.0,4.3,0,1,0,0,0,0,1.7,10.0,1,Low
23,Female,26.0,8.4,4.2,10.1,2.46,213.0,0.0,3,0,0,0,1,1,8.7,4.0,1,Low
59,Male,17.1,7.7,6.2,6.1,2.33,173.0,2.8,2,1,0,0,1,0,1.0,4.6,2,Medium
62,Male,27.5,6.4,6.7,5.2,1.1,228.0,2.1,0,1,0,1,0,1,4.8,4.6,1,High
26,Female,25.8,9.6,5.5,6.1,3.68,29.0,4.4,0,0,1,1,1,1,6.2,5.3,2,Low
48,Male,24.2,8.1,3.7,6.3,3.32,163.0,1.2,0,0,0,1,0,0,6.4,5.4,1,Low
46,Female,26.1,5.9,7.3,4.0,2.34,99.0,1.3,5,1,0,1,0,0,10.0,8.3,1,High
22,Female,22.7,10.0,7.0,9.3,2.89,191.0,4.1,1,1,1,0,0,0,4.8,8.3,2,Medium
39,Female,21.8,4.7,6.4,7.8,2.14,0.0,5.6,1,0,0,0,0,1,2.6,5.2,3,Low
53,Male,23.4,4.1,3.4,8.2,2.76,107.0,3.0,2,0,0,1,0,0,2.8,6.8,4,Low
68,Female,22.4,5.8,2.3,4.1,1.05,210.0,8.1,3,0,1,1,0,1,7.9,1.0,2,Medium
61,Male,34.3,5.3,5.4,3.9,0.3,227.0,2.2,0,0,0,1,0,0,1.0,6.1,2,Low
20,Female,28.6,5.9,7.2,5.7,1.08,147.0,4.5,3,0,0,1,1,0,5.6,9.2,2,High
28,Female,20.1,7.8,7.5,8.2,1.45,0.0,3.8,1,0,1,0,0,0,9.1,1.0,3,High
39,Male,33.7,6.4,6.5,7.4,1.59,221.0,2.2,2,0,0,0,0,0,5.2,6.6,3,High
23,Female,22.6,6.5,4.2,3.8,2.46,324.0,5.9,5,0,0,0,0,0,8.3,7.0,1,Low
46,Male,24.6,6.6,3.4,7.9,1.89,58.0,1.0,1,0,0,1,0,0,1.0,4.4,1,Low
15,Female,28.5,2.8,5.2,3.3,2.08,103.0,0.0,2,0,0,0,0,1,8.2,6.5,4,High
21,Other,15.6,4.1,5.2,4.1,1.15,239.0,2.7,1,0,0,0,0,0,5.5,3.8,2,Medium
17,Male,23.4,5.9,7.6,6.4,1.08,242.0,2.4,5,0,0,0,1,0,3.7,9.0,1,High
31,Female,21.9,5.2,4.1,2.7,2.13,271.0,5.3,2,0,0,1,0,0,3.7,7.1,1,Low
56,Female,25.4,6.1,4.3,3.3,1.67,262.0,0.3,1,0,0,0,0,1,9.4,5.6,3,High
24,Female,26.2,8.7,9.7,10.3,2.1,0.0,4.2,1,0,0,0,0,1,2.9,1.6,2,Low
69,Male,24.2,6.4,8.6,9.8,2.54,97.0,3.9,2,0,0,0,0,0,3.0,3.1,1,Low
29,Male,23.9,4.4,3.3,12.4,3.41,219.0,3.7,2,1,0,0,0,0,9.0,1.0,1,Medium
17,Female,29.3,5.2,8.4,7.3,2.08,141.0,5.3,1,0,0,1,1,0,5.8,4.7,2,High
33,Female,25.9,9.2,2.7,7.8,3.55,190.0,2.9,3,1,0,0,0,0,6.2,5.5,3,Low
56,Male,24.7,9.0,4.2,5.6,2.43,136.0,3.1,1,0,0,0,0,0,2.4,4.1,1,Low
20,Female,25.2,7.5,4.5,5.0,2.65,102.0,4.0,1,1,0,1,0,0,2.4,4.0,4,Low
18,Male,32.8,4.0,5.0,8.4,2.94,123.0,2.8,2,0,0,0,0,1,9.4,3.8,1,Medium
61,Male,25.3,7.0,6.6,9.8,2.68,27.0,0.0,4,1,0,0,0,0,5.8,2.7,1,Low
47,Female,22.2,7.1,5.4,8.2,1.46,70.0,2.1,0,0,0,1,0,1,4.9,4.1,1,Low
33,Female,15.9,6.5,6.6,3.6,2.97,143.0,2.4,2,0,0,0,0,0,4.2,5.4,4,Low
56,Female,18.0,5.6,4.3,7.1,1.8,145.0,1.8,0,0,0,0,1,0,4.6,1.0,2,Low
61,Female,22.4,5.9,6.0,3.8,2.34,212.0,2.3,1,1,0,0,0,0,3.0,8.4,0,Medium
34,Male,24.0,5.5,5.4,5.1,2.21,119.0,3.4,2,1,0,0,0,0,6.0,3.8,2,Low
45,Male,22.0,4.7,2.1,10.6,3.02,334.0,2.4,0,0,0,1,0,0,3.3,3.1,1,Low
15,Male,26.1,8.7,6.3,2.6,2.41,285.0,4.9,1,0,0,0,1,0,3.9,6.8,0,Low
31,Female,21.9,7.9,5.4,12.1,0.99,95.0,4.9,4,1,0,0,1,0,6.1,7.5,1,High
47,Female,20.4,6.0,3.6,7.5,3.77,172.0,0.0,0,1,1,1,0,0,8.5,9.0,0,High
25,Male,27.3,7.1,4.3,4.7,2.77,283.0,0.0,0,0,0,0,0,0,8.1,8.0,1,Low
69,Female,30.7,7.1,4.3,6.2,1.66,80.0,0.0,1,0,1,0,1,0,3.3,1.5,1,Low
68,Female,19.5,10.2,4.7,4.1,1.19,68.0,2.4,5,1,0,0,1,1,4.4,5.7,5,Medium
29,Female,25.6,7.9,9.1,4.5,2.86,293.0,2.3,2,1,0,1,0,0,1.0,7.0,1,Medium
36,Male,15.9,7.8,9.8,6.2,1.28,226.0,3.3,2,0,0,0,0,0,6.5,6.7,2,Medium
25,Male,17.9,6.6,1.0,5.1,2.74,268.0,4.9,4,0,0,0,0,1,6.8,1.1,3,Low
42,Female,21.9,5.8,6.3,3.4,2.96,185.0,2.9,3,0,1,1,0,0,5.0,2.9,1,Medium
21,Male,29.6,8.7,7.3,5.4,1.58,122.0,1.7,3,1,0,1,1,0,8.1,3.1,2,High
36,Female,21.0,7.5,4.7,2.3,1.51,2.0,3.0,1,1,0,0,0,0,3.4,6.6,3,Low
45,Female,20.8,5.2,7.2,2.4,1.72,165.0,1.9,2,0,0,1,1,0,5.2,3.6,4,Medium
48,Female,24.7,7.2,8.8,2.4,1.31,286.0,0.0,2,0,0,0,0,1,2.0,6.1,1,Low
47,Male,24.7,7.8,2.2,10.7,2.28,287.0,5.1,1,0,0,1,0,0,4.6,4.3,2,Low
27,Female,21.0,3.1,5.5,7.1,2.4,268.0,3.9,1,0,0,0,0,1,3.7,6.6,2,High
58,Female,33.4,5.0,9.5,7.7,2.68,237.0,6.2,3,1,1,0,0,1,6.4,5.4,3,Medium
53,Female,23.3,7.1,2.5,6.0,1.43,393.0,0.3,2,1,1,0,0,0,4.0,5.7,4,High
56,Male,25.0,3.4,4.9,7.4,2.77,0.0,0.0,1,1,0,0,0,0,7.9,1.0,4,Medium
40,Male,22.7,3.7,4.2,9.3,1.31,175.0,0.9,0,1,0,1,0,1,1.0,2.7,1,Medium
64,Female,26.5,6.1,7.5,7.1,2.77,47.0,3.9,0,0,0,0,0,0,6.4,6.5,2,Low
36,Male,30.1,7.3,7.8,10.6,0.91,321.0,4.9,2,1,0,0,0,0,1.0,4.1,1,High
59,Female,32.0,7.4,5.6,5.9,3.35,89.0,3.6,0,1,1,1,0,0,4.7,2.3,9,High
26,Female,21.1,9.0,5.3,7.7,1.68,261.0,3.3,0,0,1,0,0,1,7.9,1.3,2,Medium
28,Male,29.5,6.6,1.4,8.0,2.58,101.0,4.9,1,0,0,0,0,1,4.7,1.0,2,Low
43,Male,27.0,5.9,8.3,3.4,2.64,196.0,2.0,1,0,0,0,0,0,8.0,5.9,1,Medium
45,Female,28.9,4.4,4.4,6.1,1.08,138.0,5.3,1,1,1,0,1,1,2.4,9.6,2,High
56,Male,24.1,5.9,4.9,0.8,2.77,148.0,7.4,3,0,0,0,0,0,5.4,1.0,2,Low
31,Female,23.7,7.6,7.3,5.6,1.66,187.0,0.7,3,0,1,0,0,0,2.9,5.7,1,Medium
62,Male,28.7,7.7,5.6,5.2,1.86,251.0,2.4,5,0,0,1,1,0,8.6,4.0,2,High
33,Male,28.8,6.9,7.4,5.1,1.56,138.0,0.0,1,0,0,1,0,0,2.8,4.4,2,Low
44,Other,31.5,7.4,6.5,4.9,3.39,248.0,0.9,4,0,0,1,0,0,2.5,5.3,0,Medium
66,Female,25.4,8.5,5.6,7.4,1.16,264.0,3.9,0,0,0,1,0,1,8.1,1.1,1,Low
44,Male,24.0,6.6,5.9,3.5,2.44,104.0,0.0,4,0,0,0,0,1,1.8,5.0,2,Medium
52,Male,15.0,8.7,2.7,11.2,1.6,357.0,1.3,4,1,0,0,0,0,2.9,9.0,2,High
64,Female,17.2,5.3,4.9,7.6,2.97,232.0,5.3,3,1,1,1,0,0,6.3,5.4,8,High
68,Female,22.7,6.4,7.6,3.8,3.96,103.0,3.5,3,0,0,0,0,0,5.5,5.1,3,Medium
42,Other,19.5,5.7,3.2,7.8,1.6,218.0,4.7,1,0,0,0,0,0,3.2,5.1,4,Low
37,Female,28.2,7.8,3.6,8.8,2.21,264.0,0.2,2,0,0,0,0,0,4.6,4.4,0,Low
25,Male,18.6,4.9,3.3,7.0,1.79,215.0,3.1,2,1,0,0,0,1,9.4,6.7,3,High
44,Female,22.2,6.0,5.5,3.2,2.93,172.0,7.2,3,0,0,0,0,0,2.4,7.6,2,Medium
65,Male,22.4,3.5,8.3,12.3,1.9,0.0,1.5,1,0,0,0,0,0,4.9,4.1,5,Medium
41,Female,29.9,7.5,6.4,7.8,2.82,44.0,1.9,3,0,1,1,0,0,4.2,1.3,1,Low
34,Male,21.8,8.5,1.0,2.5,1.78,225.0,4.3,6,0,0,1,0,0,7.4,7.1,3,Low
20,Male,26.5,8.0,6.6,6.6,3.89,41.0,1.0,4,0,0,1,0,1,1.9,4.5,1,Low
36,Female,25.4,7.8,4.2,5.4,0.35,207.0,4.6,4,0,1,1,0,1,3.2,4.2,0,Low
28,Male,28.6,7.8,6.3,6.0,2.4,247.0,0.0,3,0,0,0,0,0,4.1,7.1,2,Medium
68,Male,28.3,7.6,4.9,2.7,2.09,138.0,0.0,3,1,0,1,0,0,3.2,4.3,0,Low
44,Female,24.3,7.5,3.3,6.2,2.06,0.0,3.7,1,0,1,1,0,1,6.0,7.5,1,Low
22,Female,16.9,7.6,5.0,3.7,2.33,69.0,0.8,1,0,0,0,1,0,6.7,7.9,4,Medium
18,Male,23.5,5.5,4.2,5.0,2.15,225.0,1.8,2,0,0,0,0,1,6.0,7.5,1,Medium
61,Male,24.4,6.2,5.9,7.1,2.28,288.0,4.9,3,1,0,1,0,0,1.0,5.9,2,High
66,Female,25.8,6.6,3.3,4.7,2.43,0.0,4.4,3,0,1,0,1,0,4.1,4.8,1,Medium
56,Male,21.2,6.0,2.7,5.2,3.5,159.0,0.3,4,0,0,0,1,0,4.3,3.8,2,Low
21,Female,29.6,4.0,6.8,8.3,0.3,0.0,4.1,2,0,1,0,0,0,2.1,2.3,3,Medium
20,Female,24.6,4.5,7.6,3.5,3.58,160.0,2.3,3,1,0,0,1,1,2.7,7.9,0,Medium
25,Male,20.4,6.9,6.5,4.2,4.15,133.0,3.9,2,1,0,0,0,1,9.3,4.9,3,High
56,Female,22.4,7.9,3.8,2.5,0.7,410.0,3.0,1,0,1,0,0,0,6.9,3.5,1,Low
57,Female,33.2,6.5,3.6,3.7,2.14,91.0,0.0,5,0,0,0,0,1,1.9,6.2,2,Low
61,Female,27.5,10.9,3.7,6.4,3.2,265.0,1.4,2,0,1,0,0,0,6.5,8.3,1,High
20,Female,29.2,5.0,7.2,7.8,2.83,261.0,0.0,0,1,0,1,0,0,6.4,5.2,5,Medium
23,Female,19.8,7.2,3.4,3.7,3.44,129.0,3.4,2,1,1,1,0,0,3.0,7.2,1,Low
64,Male,21.4,8.6,7.1,7.7,2.4,163.0,3.9,2,0,0,0,0,0,6.1,7.5,2,Medium
66,Female,21.4,8.2,6.6,6.3,0.47,150.0,1.5,0,0,1,1,0,0,3.8,5.0,3,Medium
54,Male,25.3,7.5,7.9,2.1,3.14,68.0,2.7,2,0,0,0,0,0,1.0,4.1,1,Low
20,Male,23.7,8.2,7.5,6.5,2.61,59.0,0.9,2,0,0,0,0,1,3.8,7.0,4,Low
18,Female,22.3,6.6,6.4,9.3,3.27,105.0,5.8,1,1,0,0,0,1,2.2,5.4,1,Low
18,Female,22.9,9.2,2.0,0.7,0.87,25.0,0.2,3,1,1,0,0,1,3.4,5.4,4,Medium
53,Male,20.9,8.6,6.5,11.6,1.13,95.0,2.3,2,0,0,0,0,1,6.2,4.6,1,Low
61,Female,23.7,5.1,5.5,4.3,2.11,128.0,0.1,1,0,0,0,0,0,6.2,5.3,1,Low
49,Female,29.5,7.0,4.4,1.4,3.17,168.0,3.5,3,0,0,1,0,0,5.9,3.6,2,Medium
29,Male,17.7,4.0,8.2,6.4,3.39,199.0,5.3,2,1,0,0,0,1,5.7,3.6,4,High
56,Male,26.1,8.9,4.9,8.3,1.52,128.0,0.0,1,0,0,0,0,0,2.3,10.0,2,Low
18,Male,30.7,6.9,4.0,5.2,1.77,65.0,4.4,4,0,0,1,0,0,3.0,4.6,4,Medium
60,Female,23.7,8.7,7.7,6.9,4.4,197.0,6.6,1,1,1,1,0,0,7.9,6.5,4,Medium
64,Female,22.1,6.3,4.3,11.9,1.66,237.0,3.3,0,0,0,0,0,0,9.4,4.0,3,Medium
54,Female,28.7,3.5,3.9,6.6,2.64,97.0,1.5,1,0,1,0,0,1,5.0,8.0,2,Low
63,Male,20.1,10.7,2.7,14.4,1.74,42.0,2.9,2,1,0,1,0,0,5.7,5.6,4,High
47,Female,24.4,6.7,3.4,9.5,2.48,101.0,1.8,2,0,1,1,0,0,10.0,4.4,2,Medium
40,Female,19.8,4.9,3.6,6.1,1.41,130.0,7.3,3,1,1,0,0,1,3.9,1.0,0,Low
32,Female,16.1,8.3,6.6,6.8,1.43,276.0,4.8,5,0,0,0,1,0,5.4,3.3,3,High
65,Male,23.8,9.8,3.0,5.1,1.8,226.0,5.0,2,1,0,0,1,0,3.3,6.6,2,Low
53,Male,18.8,6.2,1.1,6.7,1.66,150.0,7.7,3,1,0,0,0,0,1.0,1.0,1,Low
25,Female,24.4,6.3,5.9,7.6,1.86,359.0,6.0,2,1,1,0,0,1,3.5,2.6,2,High
67,Female,29.5,6.9,3.8,4.9,2.52,146.0,2.7,1,1,1,1,0,1,5.9,1.0,3,Medium
18,Female,32.8,4.7,5.2,2.1,3.61,306.0,3.1,2,0,0,1,0,0,1.0,1.0,2,Low
47,Female,24.9,5.4,8.0,9.7,1.63,284.0,8.2,1,0,0,1,0,0,6.2,5.3,3,High
25,Female,29.1,9.4,5.4,8.7,1.31,277.0,1.4,4,0,0,1,0,0,1.8,1.6,2,Medium
51,Female,26.3,6.3,8.5,2.0,2.11,185.0,2.6,1,0,0,0,0,0,3.4,5.4,2,Low
37,Male,22.8,5.2,5.1,6.5,1.42,163.0,0.8,1,0,0,0,0,0,4.5,7.3,1,Medium
39,Male,15.8,5.8,7.4,8.9,0.79,151.0,0.0,0,0,0,0,0,0,2.7,4.0,1,Medium
51,Other,31.8,8.2,4.0,8.6,2.95,244.0,1.1,2,1,0,0,0,0,5.1,4.6,2,Medium
56,Male,19.8,3.3,5.4,4.1,2.16,63.0,1.1,1,1,0,1,0,1,4.7,3.1,0,High
35,Female,30.7,6.9,3.1,8.7,2.24,121.0,1.6,1,0,1,0,1,0,5.2,5.3,1,Medium
69,Female,26.9,10.4,3.4,6.0,0.56,333.0,4.3,1,0,1,0,0,1,8.7,4.6,2,Medium
42,Female,20.1,9.7,4.7,7.1,1.63,219.0,3.0,4,1,0,0,1,1,2.9,1.6,0,Low
23,Male,25.9,7.4,2.3,3.4,0.97,255.0,5.2,2,0,0,0,0,0,6.2,3.5,5,Low
15,Female,34.1,8.6,5.6,0.0,2.08,16.0,3.3,2,0,1,0,0,0,3.1,7.8,2,Medium
26,Female,31.4,8.6,4.5,3.8,2.21,102.0,3.4,2,1,0,0,1,0,5.0,7.8,2,Medium
53,Female,22.2,6.3,5.7,7.5,2.21,187.0,2.4,2,0,1,1,1,1,7.4,4.9,2,High
44,Female,21.3,8.0,2.3,5.4,1.57,145.0,7.3,3,1,1,1,0,0,7.5,1.0,3,Low
33,Male,25.0,9.4,6.7,7.8,1.42,15.0,2.1,3,0,0,0,0,0,3.8,6.8,3,Medium
41,Male,23.8,4.5,8.9,9.1,1.95,234.0,5.0,0,0,0,0,0,0,7.3,1.4,0,Medium
61,Female,29.9,7.4,8.5,5.1,2.39,269.0,0.4,4,1,0,0,0,0,5.7,3.2,4,High
46,Male,27.8,7.1,9.4,4.8,1.64,119.0,2.5,3,1,0,1,0,1,5.3,4.7,3,High
18,Female,16.9,6.7,5.3,0.0,1.35,238.0,7.4,1,0,0,0,0,1,5.7,8.2,2,Low
17,Female,26.6,6.5,4.4,1.7,1.38,373.0,4.5,0,0,1,0,0,0,4.9,4.0,3,Medium
41,Female,23.7,6.9,6.3,2.2,1.57,318.0,0.0,0,0,1,0,0,1,2.8,6.1,3,Low
37,Male,24.7,7.0,4.7,7.6,1.74,124.0,0.7,2,0,0,0,0,0,4.7,1.0,4,Low
61,Male,25.6,8.3,1.4,5.1,1.22,29.0,6.5,1,0,0,1,1,1,8.6,5.2,2,Low
47,Female,29.9,7.3,7.0,4.5,1.74,175.0,3.2,1,0,0,0,0,0,3.4,7.1,4,Medium
56,Male,28.9,6.2,4.7,4.2,3.09,408.0,2.4,4,0,0,0,0,1,10.0,3.7,1,Medium
47,Female,21.1,5.2,2.0,3.8,1.86,297.0,1.3,4,1,0,1,0,0,3.1,4.3,1,Medium
33,Female,24.2,5.7,4.1,8.6,1.11,149.0,2.3,4,1,0,0,1,0,7.2,8.1,0,High
51,Male,22.5,6.9,4.7,6.3,0.3,322.0,6.1,2,0,0,0,0,0,1.4,3.7,4,Medium
49,Male,16.9,5.4,5.2,8.8,3.57,279.0,1.5,2,1,0,0,0,0,6.0,5.7,1,Medium
54,Male,24.0,8.0,5.3,0.0,3.01,0.0,1.7,3,0,0,1,0,0,1.0,2.7,1,Low
25,Male,32.8,7.2,8.2,7.5,2.33,267.0,4.3,2,1,0,1,0,0,7.2,4.4,1,Medium
50,Female,16.8,8.3,2.4,4.6,3.03,163.0,0.7,1,1,0,0,0,1,5.1,2.1,1,Low
30,Male,24.4,5.5,4.9,5.2,2.52,55.0,0.9,1,0,0,0,0,0,7.5,1.0,1,Medium
58,Male,24.2,5.2,3.3,9.8,2.04,160.0,3.0,2,1,0,1,0,0,2.0,3.5,1,Medium
58,Female,25.8,8.3,8.0,4.9,1.11,196.0,3.1,3,0,1,1,0,0,5.5,7.5,0,High
49,Female,20.2,6.7,4.0,7.4,3.63,63.0,1.2,0,1,0,1,0,0,6.5,5.2,2,Low
67,Other,18.1,6.2,4.4,3.1,1.75,137.0,4.0,0,1,0,1,0,0,6.5,6.4,0,Medium
44,Female,18.3,7.6,7.5,6.1,1.79,114.0,3.5,4,0,0,1,0,0,2.8,1.9,0,Medium
16,Female,30.5,7.6,8.1,1.5,2.13,237.0,0.0,8,0,0,0,0,0,5.4,9.7,5,Medium
48,Male,20.1,4.5,8.4,5.8,2.14,117.0,4.7,2,0,0,1,1,0,3.7,6.9,1,Medium
57,Male,22.3,8.7,1.6,7.1,2.56,0.0,1.7,2,0,0,0,0,0,5.5,2.2,1,Low
20,Other,34.0,5.8,6.3,9.1,2.47,101.0,4.8,6,1,0,0,0,0,1.0,3.5,0,Medium
20,Male,21.2,9.2,5.8,3.7,1.64,46.0,7.6,2,0,0,0,0,0,8.7,1.0,3,Low
30,Female,26.0,4.4,5.1,4.5,2.12,8.0,2.9,1,0,1,1,0,0,3.5,1.0,4,Medium
61,Male,29.3,7.0,5.3,4.2,2.53,280.0,1.6,3,0,0,0,0,0,6.2,5.6,3,Medium
44,Female,29.1,6.2,8.0,5.3,1.57,238.0,6.0,6,0,1,1,0,0,2.1,1.0,3,Medium
68,Male,18.5,3.3,7.5,3.3,3.26,44.0,1.2,5,0,0,0,0,0,1.0,4.9,5,Medium
63,Female,21.3,7.6,7.2,0.0,2.08,10.0,7.2,1,0,1,1,0,1,6.7,2.8,1,Low
45,Male,25.9,3.4,5.7,3.1,3.38,139.0,2.0,2,1,0,0,0,1,6.6,5.9,2,High
52,Male,33.2,6.0,10.0,5.9,0.99,4.0,1.6,1,0,0,0,1,0,7.1,4.9,1,High
33,Male,21.1,8.3,4.3,5.6,2.62,123.0,8.2,1,0,0,0,0,0,5.9,1.2,2,Low
19,Female,22.3,5.7,1.6,7.5,1.39,158.0,3.8,3,1,1,1,1,0,7.9,4.0,3,High
36,Female,26.4,5.1,4.6,8.4,1.59,183.0,6.6,7,1,1,1,0,1,5.9,4.9,3,High
47,Female,27.3,7.8,5.3,4.7,2.82,187.0,2.9,1,0,0,0,0,0,2.7,4.8,2,Low
25,Female,27.6,6.1,8.1,1.6,1.92,64.0,2.8,4,1,0,1,1,0,10.0,4.4,0,Medium
27,Male,20.7,5.9,4.1,7.1,4.18,158.0,0.0,2,1,0,1,0,0,2.9,7.5,5,High
15,Female,22.1,8.5,6.3,6.0,2.51,291.0,5.2,5,0,0,0,0,0,7.1,7.2,5,High
55,Male,25.5,4.6,2.0,5.3,1.54,0.0,3.8,4,0,0,1,0,0,6.2,1.9,2,Low
64,Female,30.2,5.8,7.6,9.4,2.52,186.0,2.8,2,0,0,0,1,0,7.7,1.2,2,High
60,Female,23.4,7.9,5.4,7.3,1.91,20.0,4.3,2,1,1,1,0,0,4.8,1.5,3,High
35,Male,24.4,4.5,4.6,6.3,2.77,304.0,3.1,2,1,0,1,0,0,5.8,4.1,3,Medium
47,Female,19.9,9.3,9.9,6.5,1.86,240.0,0.9,0,0,1,1,0,0,3.4,5.1,1,Medium
67,Female,32.9,6.2,7.6,8.4,2.43,236.0,3.8,3,0,1,1,0,1,6.5,8.9,2,High
47,Female,25.2,7.9,2.9,4.1,2.26,56.0,2.6,1,0,0,1,0,0,1.8,2.4,1,Low
31,Female,29.3,7.9,5.0,3.5,2.16,179.0,4.6,1,1,1,1,0,1,8.2,4.6,2,Medium
33,Male,24.6,6.3,10.0,5.3,2.93,191.0,2.4,2,0,0,0,0,0,10.0,4.0,1,Low
54,Female,24.9,5.7,9.6,2.7,0.66,0.0,2.0,2,0,0,0,0,0,7.8,5.7,1,High
39,Female,17.7,6.4,7.2,5.9,2.18,166.0,1.8,2,1,0,0,0,0,1.0,4.4,4,Medium
61,Male,15.0,7.6,1.1,6.3,1.54,217.0,1.1,3,0,0,1,0,0,3.7,2.5,0,Low
62,Female,30.1,4.9,8.1,5.8,1.02,0.0,1.9,2,0,1,0,0,0,7.5,4.9,2,High
16,Male,24.9,4.6,3.8,5.0,1.43,216.0,4.0,0,1,0,0,0,0,2.2,8.7,3,Medium
54,Female,25.4,8.9,8.1,10.6,1.6,161.0,1.4,1,0,0,0,0,1,1.6,4.4,1,Low
35,Male,18.9,5.3,3.6,8.6,1.91,302.0,0.4,2,1,0,1,0,0,5.3,8.6,3,High
43,Female,20.4,7.1,6.3,5.7,2.37,105.0,4.7,0,0,1,0,0,0,3.8,4.3,3,Low
29,Female,29.3,6.2,3.8,6.3,2.53,170.0,2.7,5,0,0,0,0,0,3.7,7.4,1,Medium
35,Male,32.3,6.2,4.4,9.9,1.77,188.0,4.7,2,1,0,1,0,0,1.5,3.2,0,Low
33,Male,21.7,8.8,6.6,4.4,3.37,0.0,2.5,1,0,0,0,0,0,9.2,5.8,2,Low
17,Male,27.5,6.4,2.3,3.3,1.8,111.0,1.7,4,0,0,0,0,1,2.6,7.3,2,Low
58,Male,25.4,5.9,10.0,6.6,0.54,159.0,0.0,1,0,0,0,0,0,3.9,6.6,5,High
22,Female,24.0,6.1,2.9,7.2,1.82,0.0,0.5,3,1,1,0,1,1,6.0,8.9,2,High
35,Male,32.8,5.7,2.8,7.4,2.14,224.0,1.1,1,1,0,1,0,1,4.4,10.0,1,High
25,Male,22.5,5.4,6.6,8.3,0.3,159.0,3.6,3,1,0,0,0,1,3.8,1.0,1,Medium
23,Female,30.1,5.7,8.0,3.9,3.07,159.0,2.8,4,1,0,1,0,1,7.3,1.8,4,Medium
35,Female,26.2,9.2,4.5,2.1,2.02,229.0,0.7,3,0,0,1,1,0,5.9,1.1,2,Medium
65,Female,24.4,7.6,2.8,4.4,1.18,105.0,0.0,5,0,0,0,1,1,5.8,9.2,3,Low
66,Male,30.7,5.9,3.2,7.6,1.33,155.0,4.0,4,0,0,0,0,0,3.9,3.1,1,Medium
35,Female,25.8,8.1,2.9,3.4,2.71,245.0,4.9,2,0,1,1,0,0,1.7,3.8,2,Low
42,Female,24.1,4.0,5.9,0.6,2.81,156.0,5.1,0,1,0,0,0,1,7.9,5.9,2,Medium
69,Male,30.7,8.7,5.0,6.4,1.58,0.0,0.9,0,0,0,0,0,0,3.2,4.5,3,Low
27,Male,30.1,8.6,6.1,4.4,1.02,156.0,5.3,2,0,0,1,0,0,1.6,5.5,1,Medium
66,Female,29.9,10.1,6.0,1.2,2.2,157.0,4.2,2,0,1,1,0,1,4.1,3.2,1,Low
20,Male,15.0,8.1,7.0,6.2,2.35,249.0,4.2,1,0,0,0,0,1,4.8,8.1,1,Medium
27,Female,26.5,7.2,4.3,4.9,2.55,112.0,1.7,3,0,1,0,0,0,1.5,2.0,2,Low
33,Male,25.5,8.6,3.6,10.7,1.65,42.0,2.7,1,0,0,0,0,1,3.9,4.3,2,Low
17,Female,24.3,5.5,5.5,6.2,2.0,43.0,7.0,2,0,1,1,0,0,4.9,5.2,3,Medium
59,Female,27.2,5.9,5.1,7.6,2.12,309.0,6.7,3,1,0,0,0,0,1.8,6.2,4,Medium
62,Male,25.7,6.4,5.8,6.0,2.87,182.0,2.9,1,0,0,0,1,1,7.8,5.5,0,Low
36,Female,27.6,8.7,3.6,4.3,3.16,303.0,3.4,1,0,1,1,0,0,1.7,3.8,2,Low
61,Female,23.3,5.1,6.6,4.6,3.38,319.0,0.0,1,1,0,1,0,0,6.6,2.9,1,High
57,Female,31.2,5.0,2.6,9.0,3.14,68.0,5.6,3,1,0,1,0,1,5.4,8.8,3,High
59,Male,28.0,6.9,4.2,8.1,3.55,60.0,4.6,2,1,0,1,0,0,10.0,1.5,1,Medium
59,Male,26.9,7.6,7.7,1.8,2.91,136.0,3.8,1,0,0,1,0,1,5.1,6.6,1,Medium
46,Male,26.7,5.4,2.7,2.5,1.63,218.0,1.7,4,0,0,0,1,0,1.5,1.6,3,Low
21,Male,29.7,7.6,7.5,2.7,3.33,0.0,3.1,1,0,0,0,1,0,1.8,5.7,1,Low
65,Male,29.1,8.7,2.1,9.0,1.0,200.0,6.2,1,0,0,0,1,0,4.2,6.9,2,Low
48,Female,24.0,8.4,1.7,1.2,3.99,194.0,3.8,0,1,0,1,1,1,1.0,1.4,2,Low
64,Female,29.0,7.1,1.9,8.2,1.32,26.0,8.8,1,0,0,0,0,0,1.6,6.2,2,Low
67,Male,25.3,6.4,5.5,7.1,2.81,30.0,4.8,3,0,0,1,0,1,6.6,3.0,3,Medium
25,Male,33.1,9.3,6.8,6.4,3.26,199.0,1.0,3,0,0,0,1,1,10.0,1.0,1,Medium
37,Other,29.4,6.5,8.0,4.7,2.47,378.0,2.1,0,0,0,0,1,0,4.7,6.5,0,Low
25,Male,21.7,8.0,7.9,9.3,0.46,118.0,1.4,1,0,0,0,0,1,2.3,2.0,1,Medium
17,Female,35.0,9.6,7.1,6.3,1.34,186.0,4.9,4,1,0,0,0,0,7.6,3.0,2,High
68,Male,15.0,7.8,3.4,2.0,2.39,83.0,5.5,2,0,0,0,0,0,8.3,1.0,1,Low
65,Male,27.4,4.9,3.4,2.6,2.61,176.0,6.8,2,0,0,0,0,1,3.9,2.9,3,Low
66,Male,21.4,4.5,6.9,1.4,1.96,81.0,2.3,1,1,0,0,0,0,6.6,8.0,1,High
63,Male,33.0,6.0,8.3,9.4,2.16,122.0,4.0,1,1,0,0,1,0,8.3,8.9,2,High
50,Male,25.6,7.6,2.9,10.0,0.92,419.0,5.8,1,0,0,0,0,0,5.8,2.6,3,Low
43,Male,20.9,7.2,8.0,9.0,3.52,162.0,6.4,1,0,0,0,1,1,3.3,4.1,1,Low
69,Female,23.3,10.0,1.0,5.6,1.8,0.0,0.3,2,0,0,0,0,0,3.7,5.2,4,Low
45,Male,21.3,7.2,6.1,2.0,2.73,221.0,4.4,2,0,0,1,0,0,1.9,2.0,0,Low
50,Female,23.1,6.0,5.0,3.0,3.22,274.0,0.4,2,0,0,1,0,0,3.0,6.1,2,High
26,Female,23.0,4.7,4.8,3.2,1.18,224.0,1.7,2,1,1,0,0,0,6.6,8.0,2,High
56,Female,21.1,8.4,5.3,5.9,2.2,131.0,0.1,2,0,1,0,0,0,4.4,1.6,2,Low
60,Female,25.7,6.5,3.3,9.9,2.32,49.0,1.6,2,0,1,1,1,0,1.2,7.8,0,Medium
52,Female,26.3,4.1,6.2,9.9,1.89,52.0,0.0,4,0,1,1,0,0,5.9,1.7,2,Medium
42,Male,20.0,6.5,5.3,4.6,2.84,129.0,0.4,0,1,0,0,0,0,7.8,3.9,0,High
25,Male,17.0,4.9,7.3,0.0,1.57,110.0,1.0,2,0,0,0,1,0,4.6,10.0,1,Medium
16,Male,25.9,5.8,8.7,2.7,2.14,89.0,3.7,2,0,0,1,0,0,4.8,9.1,1,Medium
49,Female,26.9,6.5,5.5,9.3,1.8,284.0,3.1,1,0,1,1,0,1,8.7,1.3,4,High
52,Female,27.8,5.1,3.4,6.6,3.96,251.0,0.0,1,1,0,1,1,0,7.9,6.6,0,High
57,Male,27.0,5.7,2.7,5.0,1.57,289.0,9.0,2,1,0,1,0,1,6.4,1.4,2,Low
67,Male,31.6,5.3,8.9,4.8,2.7,63.0,1.9,2,1,0,0,0,0,8.6,5.8,0,High
42,Female,29.0,5.4,8.7,3.9,3.54,49.0,0.1,2,0,0,1,0,0,7.9,3.6,0,Low
60,Male,36.6,4.9,7.2,2.6,1.37,159.0,4.3,1,0,0,0,0,0,4.7,6.1,2,Medium
54,Male,38.5,5.7,5.3,11.8,2.18,196.0,3.0,1,0,0,0,0,1,6.0,5.4,3,Medium
30,Male,16.6,5.1,7.0,10.8,1.31,158.0,1.2,1,0,0,1,0,0,5.3,5.2,2,High
61,Male,15.0,7.4,8.1,3.7,0.49,188.0,3.9,4,0,0,1,1,1,9.9,4.1,2,High
17,Male,24.5,6.8,3.8,1.1,1.47,324.0,1.5,1,0,0,1,1,0,6.1,10.0,0,Medium
47,Male,26.8,8.4,5.3,6.5,1.64,126.0,2.3,2,1,0,0,0,1,5.9,3.4,2,Medium
66,Female,24.2,9.5,2.8,5.6,1.69,239.0,6.2,3,1,0,0,1,0,9.7,3.0,2,High
51,Female,27.7,7.6,4.9,7.8,1.86,207.0,3.3,3,0,1,1,0,1,5.4,8.4,3,High
66,Female,23.3,7.2,8.6,8.4,2.1,160.0,4.4,2,0,1,0,1,0,4.2,2.1,3,Medium
18,Male,21.4,7.7,7.6,2.7,1.14,234.0,1.9,1,1,0,0,0,0,1.0,7.0,2,Medium
44,Male,22.1,7.2,5.5,9.6,2.38,66.0,3.3,4,1,0,1,1,0,3.9,3.8,3,High
57,Female,23.6,6.6,1.0,5.0,3.07,43.0,1.3,1,0,1,0,1,0,5.5,2.5,3,Low
50,Male,28.3,6.5,3.8,7.7,3.16,198.0,1.2,4,1,0,0,1,0,7.5,7.3,1,Low
63,Female,22.3,4.9,5.4,5.3,1.89,0.0,2.1,2,0,1,1,0,0,5.0,5.3,1,Medium
40,Female,23.2,7.8,4.7,8.6,2.82,206.0,1.5,0,1,0,0,0,1,2.8,4.8,4,High
52,Male,27.1,6.4,5.3,0.0,1.56,26.0,5.3,2,0,0,1,0,0,6.0,5.0,0,Medium
38,Female,23.6,8.8,5.7,8.1,1.83,317.0,4.3,0,1,0,1,0,0,1.0,6.3,1,Low
62,Female,29.5,8.0,4.0,3.7,2.42,106.0,0.0,1,0,1,0,0,0,8.2,1.1,3,Medium
21,Female,20.4,5.5,5.2,6.2,1.83,310.0,6.8,1,0,0,0,0,0,8.6,7.2,2,Medium
28,Female,19.4,8.5,4.9,9.5,1.09,127.0,4.4,1,0,0,1,0,1,1.0,1.0,0,Low
20,Male,25.9,2.4,3.7,3.8,2.77,122.0,5.5,0,0,0,1,0,1,2.9,2.0,2,Low
53,Male,26.3,9.6,9.3,3.3,1.44,245.0,2.6,2,0,0,1,0,0,5.9,6.4,2,Medium
27,Male,20.6,4.4,4.2,5.0,1.68,182.0,0.0,1,1,0,1,0,1,9.4,7.1,3,High
32,Male,30.5,7.3,1.0,4.8,2.95,143.0,0.1,2,0,0,1,0,0,4.9,3.3,1,Low
61,Female,33.2,7.2,9.1,3.1,2.53,106.0,6.8,4,0,1,0,0,1,6.0,6.6,0,Low
34,Male,21.7,8.3,3.3,6.3,2.24,107.0,0.0,2,0,0,0,0,0,5.6,3.8,2,Low
23,Female,31.2,6.0,7.2,6.4,0.92,409.0,0.0,7,1,1,0,0,0,1.1,1.0,0,High
16,Female,15.0,3.1,3.7,7.3,1.17,0.0,2.0,1,0,1,0,0,1,4.1,3.1,0,Medium
27,Male,29.3,6.0,6.5,3.7,2.42,18.0,0.0,1,0,0,0,0,0,3.1,1.3,2,Low
65,Female,20.6,6.1,5.1,3.4,2.6,279.0,4.2,2,0,1,1,0,0,5.6,4.6,2,Medium
45,Female,28.9,3.2,7.4,5.7,2.3,271.0,4.3,3,0,0,0,0,1,3.3,5.3,1,Medium
69,Female,20.2,6.6,4.7,5.3,1.72,49.0,3.9,5,1,0,0,1,0,5.1,5.6,4,High
26,Male,24.2,4.8,3.8,5.4,1.69,0.0,1.6,3,0,0,1,0,1,4.9,1.4,4,Medium
34,Female,20.9,7.5,5.8,4.0,2.27,290.0,3.6,1,1,0,0,1,0,5.1,5.6,3,High
23,Female,23.5,6.1,4.4,6.9,1.1,35.0,6.9,3,1,0,0,0,0,7.7,5.9,1,Medium
36,Male,32.7,9.6,1.0,3.4,2.17,96.0,0.0,2,0,0,1,0,0,6.0,7.8,0,Medium
45,Female,24.0,6.1,3.9,5.7,0.99,161.0,5.5,1,1,1,0,0,1,4.4,3.2,2,Medium
59,Male,34.0,7.2,10.0,5.1,1.26,32.0,4.8,0,0,0,0,0,0,6.2,2.0,1,Medium
35,Female,22.8,6.2,1.2,5.9,2.24,252.0,2.8,1,1,1,1,1,0,3.6,2.7,1,Low
57,Male,31.2,3.9,5.7,9.3,2.57,152.0,3.4,3,0,0,1,1,1,2.3,5.1,3,High
49,Other,17.2,6.2,4.7,2.3,2.37,53.0,3.8,3,0,0,1,1,0,7.7,4.5,3,High
31,Female,23.2,7.7,9.2,0.0,1.21,63.0,0.9,1,0,0,1,0,1,3.4,4.2,2,Medium
65,Male,22.1,7.5,2.8,4.3,0.6,293.0,0.0,0,1,0,1,0,1,2.5,3.2,2,Medium
38,Female,31.4,6.0,5.4,2.8,2.09,119.0,5.0,3,0,1,1,0,0,8.8,6.0,6,Medium
23,Male,25.3,4.2,6.7,0.0,0.58,218.0,0.3,2,1,0,1,0,0,7.2,5.9,1,High
67,Male,15.1,7.5,4.8,10.9,2.86,149.0,0.6,1,1,0,0,0,1,4.5,3.9,0,Medium
65,Male,18.6,7.2,3.5,7.6,1.23,0.0,1.9,4,1,0,0,0,0,7.2,10.0,2,High
17,Male,19.9,7.8,5.2,7.9,3.89,232.0,3.6,3,0,0,1,0,1,3.8,1.4,0,Low
64,Male,28.7,6.1,4.5,5.2,1.33,268.0,1.9,3,1,0,0,0,0,6.2,3.3,2,High
67,Male,28.1,3.8,4.5,7.2,2.47,353.0,1.4,0,0,0,0,0,1,5.1,2.2,1,Low
60,Female,23.1,7.4,7.2,4.8,1.51,0.0,5.1,1,0,1,1,0,0,4.1,2.8,2,High
29,Male,22.0,6.5,6.1,8.3,1.97,0.0,2.3,3,0,0,1,0,0,5.6,4.0,5,Medium
49,Male,27.7,8.7,6.4,6.5,2.25,220.0,1.2,3,1,0,0,1,1,2.2,5.4,2,Medium
44,Male,19.4,6.5,5.9,5.9,2.79,84.0,3.9,4,0,0,1,0,0,3.6,4.7,1,Low
49,Female,26.6,6.4,7.3,6.1,2.92,0.0,3.1,3,1,0,1,0,1,1.0,10.0,3,High
48,Female,26.2,7.2,8.1,10.1,2.68,162.0,3.1,0,0,0,1,0,0,4.2,1.0,1,Low
50,Male,23.3,5.5,4.6,6.5,2.93,101.0,4.0,0,1,0,0,0,0,5.6,3.7,3,Low
43,Male,26.3,5.5,7.0,3.1,1.61,10.0,2.7,0,1,0,1,0,0,1.4,6.1,3,Low
52,Female,25.0,6.3,2.3,6.9,2.62,141.0,4.9,0,0,0,1,0,0,6.0,1.0,2,Medium
43,Female,26.7,5.0,1.0,7.4,1.83,212.0,0.0,1,0,1,0,0,0,1.0,6.3,6,Medium
15,Female,18.5,6.1,9.2,5.6,2.89,169.0,5.7,1,0,0,1,0,1,3.5,8.0,3,High
16,Female,27.3,9.6,4.5,5.9,2.19,170.0,1.0,1,0,0,0,0,0,4.8,3.8,3,Low
67,Other,29.1,8.2,5.8,3.0,2.6,199.0,0.0,2,0,0,1,0,0,4.9,2.9,4,Medium
65,Female,25.9,7.0,2.5,6.3,2.33,0.0,1.3,1,1,1,0,0,0,5.6,3.4,2,Low
47,Female,27.2,9.0,2.4,2.6,2.71,144.0,2.2,2,1,1,0,0,0,1.0,5.4,0,Low
24,Female,24.0,5.2,3.6,5.3,1.45,176.0,1.4,0,1,0,0,0,0,5.4,4.9,1,Low
57,Female,28.5,10.5,6.6,4.1,0.84,108.0,0.9,3,1,0,0,0,0,6.7,6.0,1,Medium
22,Other,24.8,5.8,4.1,8.8,2.89,59.0,5.2,3,0,0,0,1,0,3.9,2.6,1,Medium
35,Female,19.3,9.7,4.5,10.3,3.18,68.0,1.1,2,1,0,0,0,0,4.4,6.8,1,Low
33,Female,28.2,9.7,3.6,2.8,2.01,118.0,0.0,3,1,1,0,0,0,1.4,4.3,2,Medium
15,Female,17.1,3.7,7.8,6.0,2.75,251.0,2.2,5,0,1,1,0,1,7.2,10.0,1,High
59,Other,25.8,8.8,7.1,5.1,0.8,318.0,7.5,2,1,0,0,0,1,1.8,2.2,0,Low
43,Other,22.8,6.0,4.1,7.3,1.6,296.0,0.7,2,1,0,0,0,1,7.7,8.0,1,Medium
32,Female,22.5,5.6,6.7,6.3,2.17,0.0,1.0,3,1,0,0,1,0,10.0,2.9,4,High
42,Male,25.3,7.3,4.7,4.9,0.71,47.0,2.1,2,1,0,0,0,0,3.8,1.6,1,Medium
15,Female,21.3,4.9,4.5,6.3,0.88,222.0,6.4,1,0,0,0,0,0,3.1,4.5,0,Low
39,Male,26.8,7.3,5.1,5.4,2.23,293.0,2.2,5,0,0,1,1,0,4.5,1.8,0,Low
43,Female,24.8,5.0,6.6,10.4,1.62,44.0,0.7,2,0,0,1,0,1,7.5,5.5,3,High
33,Male,21.7,6.8,3.2,3.8,1.82,170.0,3.8,2,0,0,0,1,0,2.7,7.0,1,Low
60,Male,30.5,8.6,6.3,6.7,1.77,25.0,3.6,2,1,0,1,0,1,1.0,3.4,1,Medium
28,Female,25.4,7.1,10.0,7.4,1.07,180.0,4.1,3,0,0,1,1,0,7.8,2.6,0,High
22,Female,27.3,5.9,5.6,7.2,1.93,79.0,0.7,2,0,1,1,1,0,5.0,6.9,2,High
44,Female,30.9,7.4,5.3,5.2,2.09,170.0,1.8,5,0,1,1,0,0,4.4,2.1,2,Medium
63,Female,30.8,4.2,5.0,9.8,1.63,17.0,5.5,1,0,0,1,1,0,5.1,1.0,0,Medium
35,Female,27.1,5.2,6.3,0.2,1.7,0.0,3.9,2,1,0,0,0,0,2.9,6.7,4,Medium
17,Female,23.1,5.8,1.7,2.9,1.94,491.0,4.8,2,1,0,0,1,0,4.5,5.1,1,Medium
68,Other,18.1,7.8,8.9,7.9,2.76,158.0,2.9,2,0,0,0,0,0,5.6,4.5,0,Low
39,Female,25.4,7.1,7.4,3.5,2.02,385.0,5.3,1,0,0,1,0,0,6.2,2.4,1,Low
24,Male,29.4,7.4,3.8,3.4,0.56,316.0,3.6,2,0,0,0,0,0,5.1,6.2,1,Low
48,Female,26.1,6.5,5.3,4.7,1.14,0.0,1.8,1,0,0,0,0,0,1.0,6.4,3,Low
32,Female,15.0,5.2,4.0,3.8,2.85,190.0,4.6,0,0,0,0,0,0,4.2,1.0,1,Low
66,Female,28.4,8.9,5.9,7.8,1.55,8.0,1.1,3,0,0,1,0,0,5.1,10.0,2,Medium
31,Male,28.7,5.4,5.3,8.5,2.03,117.0,6.4,3,0,0,1,1,0,5.3,1.3,2,Low
45,Female,23.1,7.2,5.7,6.2,3.64,0.0,5.2,1,1,1,0,0,1,3.9,3.0,1,Low
44,Female,28.9,6.3,2.9,9.0,2.61,0.0,2.4,2,0,0,0,1,0,9.9,3.5,1,Low
28,Male,27.3,7.4,4.1,2.1,0.38,56.0,2.6,2,0,0,0,0,0,3.9,1.0,2,Low
42,Male,21.4,5.5,7.7,6.2,3.26,90.0,3.3,4,0,0,0,0,0,6.1,2.3,1,Low
20,Male,30.2,8.2,4.0,9.8,2.22,154.0,2.6,2,1,0,0,0,1,3.8,3.1,4,Low
50,Female,18.8,8.7,1.0,8.7,2.4,36.0,5.9,2,1,0,0,0,0,6.1,3.7,3,Low
56,Female,24.2,8.1,4.9,10.0,2.34,166.0,1.8,1,0,1,0,0,0,1.3,2.7,5,Medium
67,Male,23.8,6.8,10.0,4.3,2.83,275.0,0.0,0,1,0,0,0,1,8.7,7.4,4,High
32,Male,20.8,5.8,7.1,8.6,2.04,180.0,2.4,3,0,0,0,0,0,5.8,5.4,1,Low
30,Male,25.9,11.0,3.9,4.8,0.91,143.0,4.7,3,0,0,1,0,1,3.6,6.8,1,Low
45,Female,30.4,4.9,5.1,7.7,2.36,188.0,5.2,1,1,0,0,1,0,4.0,3.8,2,High
53,Female,30.1,7.9,6.7,9.7,0.99,0.0,3.3,1,1,0,1,0,1,3.1,6.2,2,High
69,Male,27.8,7.0,1.3,3.8,3.55,255.0,1.6,0,1,0,0,0,0,4.1,5.1,2,Low
16,Male,16.9,6.4,3.3,0.8,1.81,18.0,2.9,4,0,0,0,0,1,4.9,6.4,3,Low
28,Female,18.5,6.8,6.1,11.2,2.06,321.0,1.6,0,1,0,0,0,0,3.6,2.1,0,Medium
29,Male,25.2,5.7,8.7,7.4,1.56,235.0,0.0,1,0,0,1,0,0,6.8,7.4,1,High
29,Male,24.3,7.2,4.2,5.7,2.37,211.0,1.1,3,0,0,0,0,1,10.0,5.0,2,Low
40,Female,22.3,7.0,8.6,5.5,2.46,216.0,4.1,4,0,1,0,0,0,4.4,4.7,4,Medium
63,Female,33.1,10.8,3.5,0.1,1.56,150.0,2.4,1,1,0,0,0,0,1.0,7.9,1,Low
16,Male,25.0,8.2,1.0,6.6,2.46,63.0,2.3,1,0,0,1,0,1,4.1,3.9,3,Low
59,Female,26.9,7.3,6.8,4.5,2.15,46.0,5.4,2,0,0,0,0,0,4.7,3.7,2,Low
48,Male,28.9,7.4,6.4,6.1,2.02,343.0,0.9,3,0,0,1,0,0,6.9,7.8,2,Medium
48,Male,24.7,9.4,6.8,6.1,1.5,161.0,1.1,1,0,0,0,1,1,3.2,3.7,1,Low
52,Female,36.2,4.9,6.7,0.0,3.95,27.0,3.7,1,0,0,0,1,0,3.2,4.1,3,Low
21,Male,20.3,6.2,5.6,7.4,3.05,207.0,1.4,1,1,0,0,0,0,3.2,1.0,3,Medium
56,Female,21.8,3.4,4.6,6.5,2.68,188.0,1.4,1,0,0,0,0,1,1.7,2.4,2,Low
28,Female,20.3,7.4,4.7,6.9,3.0,114.0,6.4,1,1,1,1,0,1,1.0,7.0,6,High
43,Male,31.5,7.9,4.2,5.5,2.34,51.0,0.6,6,0,0,1,0,0,5.2,5.2,3,Medium
52,Male,28.1,4.9,4.3,6.1,1.82,231.0,1.4,4,0,0,0,0,0,1.3,2.0,0,Low
48,Female,22.1,8.8,1.2,6.5,0.3,254.0,4.0,2,0,0,0,0,0,4.2,3.2,1,Low
32,Male,20.6,5.3,2.5,6.8,1.12,185.0,2.9,2,0,0,1,0,0,6.6,2.3,1,Low
36,Male,30.7,6.0,4.8,7.3,3.83,158.0,0.0,3,1,0,0,0,0,2.7,5.5,5,Medium
41,Male,26.1,6.7,1.0,6.8,3.03,64.0,6.9,2,0,0,0,0,1,7.8,5.7,2,Low
17,Male,30.8,9.1,1.0,11.2,2.26,203.0,1.3,3,1,0,1,0,0,3.1,3.1,0,Low
54,Female,24.2,5.1,4.5,4.0,0.84,80.0,2.5,1,0,1,0,1,0,1.2,2.1,2,Low
20,Female,26.8,7.0,4.9,5.0,2.61,10.0,4.0,4,0,0,1,0,0,3.9,1.0,2,Low
40,Male,25.9,7.7,4.5,10.7,1.88,274.0,7.8,6,0,0,0,0,0,5.8,8.1,2,Medium
51,Female,21.7,7.4,1.0,5.6,2.66,37.0,2.1,3,0,1,0,0,0,7.0,3.9,1,Medium
19,Male,23.9,7.5,8.6,8.6,1.21,0.0,1.0,0,1,0,0,0,0,5.9,5.9,2,High
69,Female,19.2,7.7,2.0,6.4,1.71,294.0,4.1,1,0,1,0,1,0,9.4,2.0,1,Medium
35,Female,26.7,5.6,3.4,5.4,2.81,0.0,7.6,3,1,1,0,0,0,5.5,3.7,0,Low
15,Female,27.9,9.2,2.4,8.8,3.64,107.0,3.3,2,0,0,1,0,0,3.7,1.8,2,Medium
51,Female,29.0,6.3,8.1,7.5,1.57,29.0,2.4,0,0,0,0,0,1,4.8,6.1,0,Low
45,Female,27.5,6.1,6.1,1.7,1.3,70.0,3.9,3,0,0,0,0,1,1.7,6.4,1,Medium
50,Male,23.9,8.7,4.2,6.5,2.92,395.0,0.0,2,0,0,1,1,0,7.1,6.5,1,Medium
56,Male,31.5,5.5,4.0,3.2,1.09,139.0,1.6,2,0,0,1,0,0,1.5,2.7,1,Low
41,Female,28.5,7.0,5.6,9.6,1.15,190.0,0.0,1,0,0,0,0,0,2.4,4.8,3,Medium
60,Female,30.7,5.3,2.5,10.9,2.31,237.0,2.2,3,0,0,0,0,0,4.6,1.7,3,Medium
35,Male,31.0,10.5,6.0,11.2,3.77,79.0,1.9,2,0,0,0,0,0,2.6,4.9,3,Low
44,Female,23.9,10.2,4.0,7.0,1.42,268.0,0.0,0,0,1,1,1,0,5.9,6.5,1,Medium
23,Female,26.2,6.3,6.3,4.7,1.8,191.0,3.4,1,1,1,1,1,0,5.7,3.7,1,Medium
49,Female,28.0,7.3,6.3,6.9,2.19,233.0,4.4,3,0,0,1,0,0,6.8,4.2,5,Medium
29,Male,19.3,6.5,3.9,3.4,1.72,70.0,2.6,3,0,0,1,0,1,6.4,2.3,3,Low
53,Male,19.4,5.9,1.0,12.6,0.69,199.0,0.0,0,1,0,0,1,0,5.5,2.6,2,Medium
59,Male,18.7,6.7,4.7,9.3,2.74,149.0,5.8,0,1,0,1,1,1,4.8,2.6,4,Medium
62,Other,24.0,6.4,2.0,6.9,2.25,274.0,7.2,2,0,0,1,0,0,6.7,2.9,3,Low
66,Male,23.0,4.1,5.4,8.8,2.39,91.0,3.9,1,0,0,1,0,0,5.0,6.9,1,Medium
21,Female,18.0,6.9,4.6,4.6,1.99,374.0,2.2,0,0,0,1,0,0,8.5,2.9,2,Low
22,Female,25.2,6.4,3.9,2.9,3.31,187.0,2.2,3,0,1,0,0,0,7.2,4.5,1,Medium
65,Female,24.1,7.0,2.3,0.0,1.7,136.0,4.0,0,0,1,1,0,0,4.3,6.5,4,Low
35,Female,29.8,6.4,7.8,6.2,1.24,123.0,3.2,4,1,0,0,0,0,8.0,5.3,2,High
16,Male,33.6,5.9,4.2,5.4,3.43,149.0,4.0,2,1,0,0,0,0,8.8,10.0,1,High
30,Female,26.6,7.9,10.0,7.5,0.34,81.0,4.0,6,0,1,1,1,1,10.0,6.2,4,High
60,Female,21.4,7.4,5.3,6.0,1.98,223.0,1.4,1,1,1,0,0,0,7.8,3.8,1,High
34,Female,27.4,8.7,6.0,7.3,2.04,149.0,1.2,1,0,0,1,1,1,2.3,1.2,2,Medium
19,Male,24.5,7.3,5.3,8.3,2.01,364.0,2.4,3,0,0,1,0,0,2.6,7.4,0,Low
54,Male,23.4,6.2,6.0,1.9,0.86,102.0,4.0,3,1,0,1,0,0,2.4,3.5,5,Medium
25,Other,20.6,7.5,7.6,8.4,1.15,137.0,0.0,2,0,0,1,1,0,7.5,2.7,1,Medium
34,Female,22.4,3.3,7.6,4.9,2.87,102.0,2.5,0,0,1,1,1,0,10.0,2.4,3,High
15,Female,23.7,9.9,1.3,7.4,3.21,356.0,2.9,1,0,1,1,1,0,5.9,1.9,1,Low
48,Male,28.1,6.9,7.1,8.9,1.77,0.0,1.9,1,0,0,0,1,1,5.1,4.0,5,Medium
39,Male,26.8,10.0,6.3,8.9,1.36,160.0,6.1,2,1,0,1,0,0,6.3,3.3,1,High
62,Male,32.7,5.1,5.3,6.4,0.67,184.0,5.7,3,0,0,0,0,0,6.4,5.1,1,Medium
33,Female,27.5,4.7,9.0,6.5,2.85,26.0,3.9,0,0,0,1,0,0,8.2,9.9,2,High
26,Female,26.4,7.1,9.1,8.5,2.9,441.0,6.9,5,1,1,0,1,0,3.5,4.7,1,Medium
24,Male,23.1,7.1,7.2,1.8,0.3,48.0,4.9,2,0,0,1,1,0,6.1,8.8,1,Medium
26,Male,19.8,7.0,4.0,3.3,0.3,154.0,3.3,1,1,0,1,0,0,7.0,3.8,1,Medium
39,Male,21.9,6.8,2.6,5.2,2.21,335.0,2.0,1,0,0,0,0,0,5.6,4.0,4,Low
19,Female,21.4,5.5,6.9,2.3,2.31,109.0,2.1,1,0,0,1,0,1,1.1,1.0,4,Low
37,Female,15.0,4.1,8.2,5.2,1.72,166.0,3.8,2,1,1,1,0,1,1.0,7.5,2,High
62,Female,20.0,7.0,1.0,5.1,2.07,112.0,2.2,3,1,0,0,0,0,1.5,2.5,3,Low
57,Male,31.7,4.4,7.6,6.2,1.9,144.0,0.0,0,0,0,0,0,1,7.8,6.5,1,High
50,Female,26.2,4.3,4.6,5.8,2.12,269.0,2.2,2,1,0,1,0,1,8.9,1.0,0,High
64,Female,22.8,5.9,1.2,9.0,1.38,104.0,5.3,0,0,0,1,0,0,2.2,2.9,3,Low
57,Female,26.3,7.2,6.2,7.6,2.09,0.0,0.0,1,0,0,0,0,0,7.0,4.9,2,Medium
50,Male,15.7,9.7,7.2,5.8,1.56,146.0,6.1,1,0,0,0,0,0,1.0,4.1,2,Low
62,Female,25.8,8.1,4.4,5.1,1.49,157.0,4.3,0,0,0,1,1,0,3.5,2.6,0,Low
21,Female,30.2,8.8,2.9,5.9,0.61,171.0,2.5,1,0,0,1,0,0,5.9,5.1,2,High
60,Male,24.0,7.5,9.0,5.9,1.96,130.0,3.6,2,1,0,1,0,0,7.1,6.4,2,High
31,Male,16.5,7.1,3.7,13.1,2.74,55.0,5.1,1,0,0,1,0,0,3.3,1.1,2,Low
55,Male,22.6,10.5,7.8,1.9,1.84,123.0,3.1,3,0,0,0,0,0,4.7,5.8,2,Low
65,Male,30.3,4.4,1.9,3.4,1.82,344.0,5.1,1,1,0,1,0,0,4.8,7.2,1,High
42,Female,25.7,5.8,6.1,3.0,3.1,145.0,4.9,1,0,0,0,0,0,1.7,6.9,2,Low
19,Male,18.1,6.0,6.1,6.8,2.92,222.0,3.4,3,0,0,1,0,0,7.6,4.6,2,High
35,Male,35.2,7.9,7.1,6.6,3.49,36.0,0.6,0,0,0,0,0,0,5.5,3.9,1,Low
37,Female,18.9,4.9,8.5,4.4,3.91,118.0,2.8,1,0,0,1,0,0,3.0,6.1,0,High
66,Male,23.4,7.7,3.4,8.5,2.15,40.0,0.0,1,0,0,1,1,1,4.8,4.2,3,Medium
66,Female,19.8,7.4,6.3,7.0,1.17,292.0,4.0,2,1,0,0,0,0,7.7,7.6,4,High
46,Female,19.8,7.8,2.2,8.6,1.68,0.0,2.1,0,1,1,0,0,1,3.0,10.0,1,Low
67,Female,22.5,7.8,2.2,9.4,2.56,191.0,1.6,2,0,0,1,0,0,2.1,1.8,2,Low
38,Female,27.4,9.0,3.9,0.0,3.25,187.0,4.4,0,1,0,1,0,1,2.2,5.4,0,Low
37,Other,30.3,6.4,6.1,7.9,1.26,180.0,0.2,2,1,0,1,0,0,10.0,4.4,0,High
61,Female,22.8,7.3,8.9,2.4,2.3,0.0,3.2,1,0,0,1,0,1,7.2,1.0,2,Medium
51,Male,20.0,5.3,9.3,6.7,1.47,0.0,2.3,1,1,0,0,0,1,2.6,5.5,2,Low
43,Female,26.7,5.0,4.4,5.8,1.98,163.0,2.6,3,0,0,1,1,1,5.3,4.3,1,High
40,Female,26.8,9.3,5.9,5.9,1.97,48.0,3.6,0,1,1,1,0,1,5.6,6.6,1,Medium
53,Female,25.6,5.2,7.3,2.6,2.4,79.0,7.0,2,0,0,0,0,1,5.1,6.7,3,Medium
56,Female,25.7,7.5,6.9,8.9,3.73,103.0,3.9,3,0,0,0,1,1,3.6,5.0,3,Medium
41,Male,24.0,7.3,4.8,2.4,2.48,34.0,6.0,3,0,0,1,0,0,1.5,6.8,4,Low
16,Male,24.9,8.4,5.4,8.1,1.76,15.0,6.1,3,0,0,1,0,0,3.2,1.6,1,Low
20,Female,23.7,3.8,5.0,2.0,1.62,150.0,4.7,3,0,1,0,0,0,3.7,4.4,2,Low
22,Other,29.3,7.9,4.7,6.0,1.95,0.0,0.0,3,1,0,1,0,0,7.1,7.4,4,High
40,Male,34.5,6.4,4.4,11.1,1.4,94.0,2.5,0,0,0,0,0,0,5.4,6.6,2,Low
48,Male,25.3,5.5,4.9,12.6,2.21,77.0,0.6,4,0,0,0,0,1,6.4,4.2,2,Medium
59,Female,24.5,6.1,4.3,1.5,0.3,147.0,9.3,2,0,0,0,0,0,2.2,5.6,1,Low
27,Female,25.7,8.2,2.7,4.0,1.93,413.0,0.8,2,0,0,1,0,0,4.4,2.7,2,Low
58,Male,21.5,7.7,7.1,4.5,1.99,42.0,0.0,0,0,0,0,0,0,7.6,8.3,5,Medium
51,Male,27.9,6.3,6.3,12.3,1.17,195.0,0.0,1,0,0,1,0,0,1.8,6.9,2,High
17,Female,26.5,4.7,9.3,5.8,1.79,174.0,0.7,3,1,0,0,0,0,9.2,4.9,3,Medium
34,Male,22.6,4.8,6.0,9.0,3.0,212.0,3.3,1,0,0,0,0,1,5.3,5.5,1,Low
31,Female,28.6,7.7,4.3,6.8,3.05,127.0,5.4,3,0,1,1,0,0,6.6,5.7,4,Medium
63,Male,24.6,4.5,3.8,2.6,1.67,309.0,0.6,2,1,0,0,0,0,1.0,6.1,5,High
65,Female,20.1,6.3,5.3,0.8,2.52,225.0,5.6,1,0,1,0,0,0,6.8,3.9,2,Low
60,Male,26.1,10.8,6.4,4.3,0.9,227.0,2.9,2,1,0,1,0,0,2.8,6.2,3,High
44,Female,25.6,7.2,4.7,12.5,1.86,0.0,1.9,3,0,0,0,0,1,5.2,9.3,2,Medium
42,Female,28.8,7.7,2.0,6.7,2.28,161.0,3.4,0,1,1,0,0,0,2.0,6.7,1,Medium
32,Male,28.2,4.8,3.6,9.0,3.32,94.0,6.1,2,0,0,0,0,0,7.5,3.8,1,Medium
57,Female,24.0,4.5,5.2,2.0,3.05,55.0,3.1,0,1,0,1,1,1,2.4,3.8,1,Low
19,Male,22.4,7.8,6.8,5.1,2.27,81.0,0.6,0,1,0,1,0,0,6.2,5.2,2,Medium
29,Male,24.5,6.0,1.9,8.2,1.37,144.0,3.9,1,0,0,0,0,0,5.9,8.2,0,Low
22,Female,26.1,8.4,5.8,2.9,3.19,200.0,3.9,3,0,0,1,1,1,5.7,5.7,3,Medium
42,Female,26.7,6.7,5.7,5.8,1.83,258.0,2.6,1,0,0,0,1,0,4.6,1.0,0,Low
31,Male,25.9,11.0,4.2,3.5,2.46,253.0,5.2,2,1,0,0,0,0,6.4,2.2,2,Low
25,Male,24.1,5.7,3.9,8.3,2.0,182.0,0.0,2,0,0,1,0,0,4.9,2.2,1,High
35,Male,29.0,7.1,3.6,7.1,3.69,156.0,3.8,2,1,0,1,0,0,4.3,6.1,3,Medium
62,Female,21.5,5.2,5.5,7.9,1.61,114.0,4.7,3,0,1,0,0,0,6.8,1.6,3,Medium
45,Male,35.7,8.3,7.7,8.4,2.83,123.0,0.0,2,0,0,0,0,0,10.0,7.2,1,High
60,Female,27.9,7.4,7.8,5.4,2.03,64.0,0.0,1,0,0,0,1,0,4.9,8.7,1,Low
65,Male,19.4,5.1,2.7,8.8,2.56,103.0,5.2,2,0,0,1,0,0,1.7,6.7,0,Low
64,Female,25.3,6.2,4.8,4.3,3.4,189.0,5.6,4,0,0,1,0,0,4.3,1.0,1,Low
34,Female,28.0,8.9,1.0,7.8,0.5,319.0,6.0,0,0,0,0,0,1,6.6,2.6,1,Low
63,Male,22.9,8.7,5.4,0.5,2.05,134.0,1.5,3,0,0,1,0,1,4.1,4.0,0,Low
65,Other,17.8,4.4,6.5,3.9,1.38,61.0,3.4,1,0,0,0,0,1,1.4,3.3,0,Low
67,Female,19.8,5.9,8.7,12.5,2.46,257.0,3.7,1,0,1,1,0,0,5.6,2.4,2,High
34,Male,26.9,9.6,1.3,7.7,2.65,0.0,0.0,1,1,0,1,1,1,4.5,2.7,2,Low
27,Female,16.6,6.4,2.8,7.7,1.72,265.0,3.3,2,1,0,0,0,1,3.4,4.8,4,Medium
47,Female,18.0,7.0,5.5,3.7,1.68,0.0,3.3,0,0,1,0,0,0,5.7,3.4,1,Medium
66,Female,26.9,8.3,1.6,2.9,2.26,222.0,4.6,2,1,0,0,0,0,7.2,3.8,4,Low
64,Female,23.5,4.5,5.6,5.3,1.08,98.0,1.7,0,0,0,0,0,0,4.0,6.3,3,Medium
46,Female,21.4,5.2,6.6,5.8,2.37,185.0,5.8,4,1,0,0,0,1,7.0,1.0,1,Medium
23,Female,22.3,6.1,2.4,11.4,1.45,379.0,3.2,5,1,0,0,0,1,5.3,1.0,3,Medium
38,Female,17.9,8.6,5.5,8.9,2.69,58.0,6.8,2,0,1,0,0,0,2.5,3.4,2,Low
54,Male,26.7,8.3,2.5,6.3,1.05,40.0,4.6,0,0,0,0,1,1,1.0,3.6,1,Low
45,Male,20.9,7.8,8.2,6.2,1.65,159.0,3.6,0,0,0,0,0,1,5.6,3.1,3,Medium
34,Male,22.1,6.4,5.7,8.1,1.5,318.0,0.4,0,1,0,0,1,0,4.9,4.6,0,Medium
33,Female,26.1,8.5,3.8,2.3,1.86,170.0,0.1,2,0,1,0,0,0,3.2,3.7,3,Low
18,Male,23.3,6.4,2.5,0.6,3.2,155.0,6.5,5,0,0,0,1,0,3.5,8.2,4,Low
30,Female,21.3,7.6,6.1,8.1,2.78,169.0,4.9,2,0,0,1,0,0,2.1,2.1,3,Low
51,Male,15.5,8.1,8.2,6.2,1.72,39.0,2.4,1,1,0,1,0,0,5.7,4.8,3,High
28,Male,26.2,9.4,3.5,2.3,1.72,170.0,2.1,1,1,0,0,0,0,2.4,4.0,2,Low
69,Female,24.9,6.6,4.2,0.1,2.81,107.0,3.5,3,1,0,0,1,0,4.3,4.5,1,Low
19,Female,22.2,6.1,3.5,8.5,1.17,295.0,0.0,3,1,0,0,0,0,3.8,3.8,5,High
47,Male,19.8,8.7,8.6,4.5,2.12,238.0,2.0,2,1,0,0,1,0,1.2,6.7,1,High
42,Male,24.6,8.9,1.0,7.1,1.62,4.0,4.3,1,0,0,0,0,0,6.5,5.5,3,Low
60,Male,26.7,5.8,8.0,5.3,1.96,119.0,4.6,3,0,0,0,1,1,4.6,1.9,1,High
63,Male,24.9,4.9,4.4,5.9,2.75,208.0,2.2,0,0,0,0,0,1,10.0,7.5,2,High
44,Male,31.9,8.6,5.0,4.3,1.56,42.0,6.5,1,0,0,0,1,1,2.8,5.8,3,Low
49,Female,27.7,4.0,4.5,5.8,2.88,31.0,5.3,0,0,0,0,0,1,9.5,3.8,3,Low
53,Male,24.0,4.0,5.7,7.6,3.86,99.0,1.3,0,1,0,0,0,0,5.1,6.5,2,Low
43,Female,27.8,6.2,3.6,5.2,2.58,188.0,0.2,0,0,1,0,0,1,3.8,3.1,2,Medium
25,Female,24.7,6.7,7.5,5.1,2.03,264.0,4.3,0,1,0,0,0,0,2.5,5.0,3,Medium
38,Female,24.7,4.8,7.6,7.7,3.03,176.0,2.0,2,1,1,0,0,0,1.7,1.9,2,High
28,Other,30.3,6.9,3.0,7.9,1.21,421.0,1.6,2,1,0,0,0,1,3.4,6.5,2,Low
40,Male,20.5,6.9,6.7,2.8,3.32,76.0,3.5,2,0,0,0,0,0,3.2,5.5,0,Low
48,Female,24.6,5.7,4.4,5.9,1.5,231.0,4.6,2,1,0,0,0,1,3.9,4.6,2,Medium
26,Female,29.9,9.8,5.3,4.5,3.83,28.0,4.7,5,0,0,0,1,0,3.2,5.9,2,Low
28,Female,25.9,7.2,8.6,6.0,1.53,327.0,3.1,1,0,0,0,0,0,7.2,1.0,1,Low
60,Male,22.8,8.3,3.7,10.0,2.63,300.0,0.0,3,1,0,1,0,1,2.3,6.6,1,Medium
35,Male,16.8,4.2,7.2,7.0,0.85,228.0,5.1,1,0,0,1,1,0,3.1,2.8,2,Medium
25,Female,15.0,4.2,6.2,12.1,1.93,0.0,1.2,2,1,1,0,0,0,4.4,8.7,5,High
54,Female,33.8,7.2,4.8,6.6,1.24,227.0,3.7,3,1,1,1,1,1,2.9,4.5,0,Medium
54,Male,25.9,9.5,6.0,5.5,0.95,60.0,2.7,0,0,0,0,0,0,7.3,1.5,0,Low
60,Female,21.9,4.9,5.7,5.9,3.06,200.0,7.9,2,0,1,0,0,0,2.7,10.0,2,Medium
56,Female,26.1,6.7,2.7,6.4,1.12,0.0,7.5,0,1,0,0,0,0,4.2,6.2,3,Medium
69,Female,20.2,4.5,3.9,6.9,1.51,180.0,2.0,2,1,0,0,0,0,4.0,2.1,1,High
46,Female,23.0,5.4,2.9,3.2,1.42,111.0,0.0,0,0,0,0,0,1,4.0,5.2,0,Low
30,Female,20.3,6.8,4.6,5.3,3.01,64.0,0.2,0,0,0,0,1,0,10.0,7.0,1,Low
62,Male,18.1,5.7,8.2,4.0,2.91,215.0,3.6,2,0,0,1,0,0,8.1,1.0,1,Low
29,Female,15.0,4.4,6.5,8.9,3.12,144.0,1.8,1,1,1,0,1,1,6.2,5.0,2,High
31,Female,17.3,4.4,2.0,0.6,1.47,127.0,0.6,1,1,1,0,0,1,5.7,4.6,2,Medium
60,Male,29.1,3.5,4.6,6.4,3.18,231.0,1.8,1,0,0,0,0,0,9.5,4.7,1,Medium
63,Male,20.1,7.3,5.7,1.7,1.46,359.0,4.0,2,0,0,0,1,1,4.5,1.0,0,Low
33,Female,26.9,7.5,6.8,7.2,1.5,180.0,2.8,4,0,1,1,0,1,4.2,4.0,2,Medium
55,Female,28.8,7.4,3.8,4.9,1.54,0.0,1.9,4,0,0,0,0,0,4.7,1.0,3,Low
65,Male,24.6,5.0,2.5,0.9,1.57,0.0,2.2,1,0,0,0,1,0,4.6,5.5,7,Low
58,Female,23.2,8.1,5.1,8.6,2.03,158.0,2.6,1,1,1,0,0,0,5.7,3.2,0,Medium
15,Male,25.1,7.6,6.5,0.0,1.43,263.0,3.5,5,1,0,1,0,0,5.1,5.0,0,Medium
51,Female,22.6,6.5,5.7,5.9,2.29,165.0,3.6,0,0,0,0,0,0,1.0,4.6,2,Low
24,Female,29.9,6.2,3.3,7.9,0.3,206.0,0.0,1,1,1,0,1,1,5.5,5.1,4,High
61,Female,32.9,5.5,9.1,9.9,2.28,144.0,3.4,3,0,1,0,0,0,6.1,3.4,2,High
18,Male,31.0,6.8,5.0,1.5,1.23,256.0,2.2,4,0,0,1,0,0,6.1,4.6,2,Medium
69,Female,15.0,9.1,5.6,4.6,1.56,218.0,0.8,2,1,1,0,0,1,3.2,5.0,1,Low
24,Female,22.5,8.3,3.7,9.0,1.58,38.0,2.2,2,0,1,0,0,0,1.4,7.9,2,Medium
38,Female,24.5,6.1,7.6,9.2,2.85,199.0,5.5,1,1,0,0,0,0,7.8,5.3,2,High
27,Male,26.6,7.4,6.5,9.6,2.5,0.0,4.8,0,0,0,0,0,0,4.1,6.3,3,Low
59,Female,16.7,4.7,5.9,13.2,1.97,199.0,3.2,0,0,0,1,0,0,3.8,6.4,2,High
36,Male,16.7,7.7,2.7,4.6,1.53,119.0,1.0,0,1,0,1,1,0,3.4,4.5,1,Low
55,Male,30.4,5.2,7.6,7.0,2.73,168.0,0.0,0,0,0,1,0,0,6.2,6.1,3,Low
18,Female,22.0,7.6,6.9,5.0,3.54,186.0,0.9,1,0,0,1,0,1,7.2,5.7,1,Low
39,Other,17.8,11.0,7.4,0.5,2.08,181.0,3.0,1,0,0,0,0,0,5.9,1.0,4,High
65,Male,19.5,5.6,5.3,5.7,0.82,306.0,3.1,0,0,0,1,0,1,5.9,6.1,2,Low
65,Female,26.3,11.0,5.0,0.4,1.54,154.0,1.6,1,0,1,0,0,0,4.0,7.1,1,Medium
26,Female,20.8,7.3,4.8,4.5,2.55,171.0,4.9,1,0,0,1,1,0,3.8,5.6,1,Low
36,Female,25.6,5.3,10.0,1.9,1.75,296.0,3.8,0,0,0,0,1,0,4.0,2.2,1,Medium
37,Female,20.1,5.2,4.0,7.2,1.41,359.0,0.0,1,0,0,0,0,0,5.9,2.6,0,Low
46,Female,16.7,10.3,2.6,3.8,1.38,148.0,3.2,2,0,1,0,0,0,3.6,2.7,2,Low
44,Male,30.9,7.3,4.4,1.0,2.17,94.0,4.7,2,0,0,0,0,0,6.3,5.4,2,Low
20,Male,26.3,5.6,4.0,8.4,0.87,99.0,3.4,4,0,0,0,0,1,6.5,6.6,2,High
56,Female,23.0,6.2,8.0,4.3,2.07,200.0,4.3,1,1,1,0,1,0,6.6,1.0,0,High
27,Female,22.2,7.2,2.2,4.8,2.17,128.0,2.4,2,1,0,1,1,0,3.9,3.6,1,Low
32,Female,31.1,6.5,4.0,3.3,1.74,0.0,2.9,2,0,0,1,0,0,2.8,4.6,1,Low
61,Female,27.2,7.1,5.6,9.2,1.27,274.0,2.9,2,0,1,0,1,0,5.0,5.1,2,Medium
52,Female,29.7,9.3,8.0,6.8,2.91,240.0,3.4,0,1,0,1,0,0,3.8,2.5,1,Low
36,Male,21.9,4.7,6.8,4.3,1.03,276.0,1.7,1,1,0,1,1,1,3.4,4.5,2,High
65,Male,24.7,7.5,8.8,0.6,2.24,298.0,5.4,0,1,0,0,0,1,4.3,4.9,2,Low
36,Female,26.3,6.4,6.0,13.0,2.68,171.0,6.1,3,0,0,0,0,0,6.5,4.3,2,Medium
46,Male,22.0,5.7,4.8,11.5,2.23,179.0,1.8,3,0,0,1,0,0,2.8,5.3,1,High
28,Male,24.1,8.2,7.1,10.0,3.08,261.0,0.4,2,1,0,0,0,1,9.2,4.2,3,High
25,Male,21.9,4.2,2.2,4.0,1.19,16.0,0.0,1,0,0,0,0,0,6.3,5.2,1,Medium
42,Female,26.3,2.7,1.4,4.6,1.47,111.0,3.9,3,0,0,0,0,0,3.8,2.8,2,Low
45,Female,18.6,6.9,7.3,7.1,1.73,143.0,4.3,2,0,1,0,0,0,6.8,4.5,0,High
59,Male,27.1,6.3,5.7,3.5,4.73,251.0,3.9,1,0,0,1,0,0,2.8,3.4,0,Low
36,Female,25.9,4.3,7.3,3.2,2.51,91.0,4.1,3,0,1,1,0,0,5.4,4.8,1,Medium
64,Male,23.6,3.8,3.3,10.1,2.66,72.0,1.7,0,0,0,0,1,0,6.1,4.6,2,Medium
48,Female,26.5,9.6,8.0,5.8,2.62,103.0,0.0,2,0,1,0,0,1,6.6,3.3,2,Medium
18,Male,22.9,7.2,6.7,2.9,2.16,202.0,1.9,2,0,0,1,0,0,4.6,3.7,1,Medium
55,Male,21.5,6.5,5.1,8.7,2.94,142.0,6.6,1,1,0,1,0,1,2.3,3.9,1,Low
46,Female,26.9,10.0,5.7,4.4,0.6,0.0,3.6,4,0,0,1,0,0,5.0,3.9,3,Medium
36,Female,27.1,8.1,6.0,0.5,2.32,12.0,3.9,1,0,0,0,0,1,8.0,1.0,5,Medium
40,Male,22.2,9.3,3.3,2.8,2.44,165.0,5.0,0,0,0,1,0,0,3.3,7.6,1,Low
31,Female,21.8,4.6,4.4,4.6,2.91,169.0,1.2,4,0,0,1,0,1,3.2,3.9,4,Medium
48,Male,23.7,4.6,5.9,6.6,1.18,153.0,3.5,1,0,0,0,0,0,4.4,5.9,1,Medium
46,Male,22.0,7.5,4.3,6.5,1.23,98.0,4.1,1,1,0,1,0,0,6.4,1.0,3,Low
39,Female,31.4,7.2,2.0,9.4,1.28,237.0,0.9,0,1,0,0,1,0,2.2,5.0,1,Low
30,Male,25.9,8.5,5.8,5.3,2.52,191.0,3.8,3,0,0,0,0,0,3.5,4.1,1,Low
36,Female,24.6,3.9,7.0,4.7,2.53,187.0,5.8,0,1,1,0,0,1,2.4,1.0,1,Medium
42,Male,20.3,7.6,7.6,9.5,1.34,191.0,2.1,3,0,0,1,0,0,8.4,8.3,0,Medium
40,Female,27.8,8.1,6.4,8.7,3.63,326.0,0.0,1,0,0,0,0,0,2.7,7.8,2,Medium
32,Female,21.7,8.0,7.0,5.4,2.33,37.0,3.4,1,0,0,0,0,0,5.3,5.6,1,Low
47,Female,21.6,5.8,7.4,6.8,2.2,104.0,1.6,1,0,0,0,1,0,3.3,6.6,0,Low
27,Male,28.0,7.3,5.4,4.7,1.93,113.0,3.4,1,0,0,1,0,0,5.9,5.6,2,Medium
42,Male,26.2,5.3,1.0,2.7,2.84,288.0,1.1,3,0,0,0,0,0,7.4,3.6,0,Low
21,Male,15.0,6.0,7.8,12.2,2.41,109.0,3.1,1,0,0,0,1,0,4.6,1.0,1,Low
40,Female,23.8,4.8,3.2,4.5,3.61,63.0,5.7,1,1,0,1,0,0,6.9,2.0,0,Medium
58,Female,25.1,5.3,2.7,6.8,1.13,138.0,2.9,2,0,0,0,0,1,6.4,3.3,1,Low
59,Male,23.0,6.1,2.8,1.8,0.86,162.0,0.0,0,1,0,0,0,0,5.6,9.5,5,Medium
53,Male,25.2,5.7,10.0,8.1,1.51,282.0,3.8,2,1,0,1,0,0,7.2,2.4,0,High
56,Female,16.4,5.3,6.2,2.6,2.54,108.0,3.0,0,0,1,0,0,0,10.0,3.8,1,Low
18,Male,15.0,4.4,2.9,10.7,1.76,74.0,3.5,1,0,0,0,0,0,8.1,4.7,1,Medium
33,Female,20.1,9.6,3.7,11.0,3.12,50.0,5.1,1,0,1,0,0,0,1.0,5.7,1,Low
50,Female,25.8,5.7,5.2,7.6,1.79,112.0,1.8,2,0,0,1,0,0,1.5,4.1,3,High
59,Male,15.0,7.0,6.4,6.3,2.97,432.0,2.4,5,1,0,0,1,0,4.8,3.6,5,High
47,Female,20.7,3.7,5.8,5.5,1.44,192.0,0.7,2,0,1,1,1,0,1.0,10.0,1,Medium
61,Female,15.8,8.7,3.2,5.9,3.05,216.0,3.4,0,0,1,0,0,1,4.6,3.4,3,Low
30,Male,23.4,6.8,5.9,7.1,3.2,150.0,3.4,4,1,0,0,0,0,1.2,10.0,0,Medium
23,Other,33.3,5.8,3.9,6.3,1.65,165.0,2.4,2,0,0,1,0,0,5.4,3.6,2,Medium
19,Female,23.5,5.8,7.5,8.7,2.49,237.0,4.6,0,0,0,0,0,0,5.9,4.8,1,Low
47,Male,24.0,7.9,5.3,3.4,2.31,212.0,0.7,0,0,0,0,0,0,4.6,6.5,1,Medium
51,Female,28.3,2.0,3.5,10.3,2.51,188.0,3.3,1,0,0,1,1,0,4.1,3.7,3,High
30,Female,24.6,5.2,6.7,4.8,3.13,152.0,4.3,0,0,0,0,0,0,3.2,1.4,4,Medium
58,Female,23.5,6.3,6.0,3.9,2.88,111.0,1.8,5,0,0,1,0,0,5.2,5.2,0,Medium
55,Female,28.7,6.3,4.2,7.0,2.51,197.0,0.0,2,0,0,1,0,0,1.9,1.6,4,Low
34,Female,26.6,10.5,6.8,7.2,2.63,159.0,0.0,2,0,1,0,0,0,2.7,1.0,1,Medium
28,Female,25.8,6.0,6.6,1.1,1.08,385.0,3.3,3,1,1,0,0,0,6.0,5.6,0,High
55,Male,23.9,8.1,7.8,4.7,2.07,266.0,6.7,5,0,0,0,0,0,4.1,2.0,0,Low
51,Male,22.9,9.4,6.8,0.0,1.22,76.0,1.7,0,1,0,0,1,1,3.8,6.7,0,Medium
24,Male,28.6,7.6,4.7,4.1,2.09,21.0,4.0,4,0,0,0,0,0,7.4,5.2,2,Low
29,Male,23.0,5.4,1.5,4.2,2.99,106.0,0.0,3,0,0,0,0,1,4.9,6.3,1,Low
41,Female,30.0,4.4,5.6,6.8,2.09,31.0,3.8,3,1,0,0,0,0,3.8,7.8,2,Medium
43,Female,19.8,7.7,6.0,3.8,0.3,100.0,0.6,2,0,0,0,0,0,6.7,6.3,2,High
24,Female,31.0,9.1,5.3,4.5,1.26,43.0,2.1,1,0,1,1,0,1,2.7,7.2,3,High
67,Male,26.6,7.4,1.0,9.7,2.56,114.0,3.2,3,1,0,1,0,1,1.0,3.0,4,Low
36,Female,20.1,8.5,6.7,11.8,1.67,115.0,0.0,5,0,0,0,0,0,8.4,7.3,4,High
35,Female,26.8,10.6,3.2,3.4,2.73,166.0,9.9,2,1,1,0,0,0,2.0,5.9,0,Low
18,Female,21.6,7.8,6.7,8.9,1.13,127.0,1.7,0,0,1,0,0,0,9.1,5.8,1,Medium
63,Female,24.7,4.7,8.9,7.1,2.41,51.0,4.3,4,0,0,0,0,0,3.6,7.1,0,Medium
27,Other,22.3,6.6,4.6,1.1,2.45,284.0,6.3,2,1,0,0,0,0,1.0,7.2,3,Low
69,Male,23.9,8.7,6.2,3.8,2.73,194.0,3.6,1,0,0,1,0,0,2.6,5.3,3,Low
42,Female,28.7,6.1,5.3,0.0,1.58,90.0,0.3,0,0,1,0,0,1,5.9,1.0,2,Medium
63,Male,26.8,8.9,6.4,6.9,2.72,53.0,3.2,2,0,0,0,1,1,8.9,7.9,1,Medium
24,Male,19.4,6.4,5.4,3.0,3.31,0.0,0.0,1,0,0,1,0,0,7.2,3.4,2,Low
24,Female,19.7,7.0,4.1,6.4,0.3,0.0,2.3,3,1,1,0,0,0,7.5,5.4,1,Medium
59,Female,25.7,5.9,3.2,13.2,2.14,265.0,6.7,0,0,1,1,0,0,1.8,6.2,2,Medium
60,Male,26.0,6.8,8.7,10.5,0.65,254.0,0.0,2,1,0,0,0,0,7.0,1.0,3,High
44,Female,21.5,6.8,6.2,3.9,1.41,86.0,1.2,0,0,1,1,0,0,4.4,3.8,1,Low
16,Female,31.7,3.9,7.0,3.2,1.48,300.0,7.1,2,0,0,0,0,0,9.4,5.0,3,High
66,Female,28.2,5.8,6.1,9.6,2.05,218.0,2.6,2,1,0,0,0,0,6.1,10.0,5,High
36,Male,21.7,4.5,7.3,3.2,2.4,172.0,1.0,4,1,0,0,1,1,6.0,6.8,3,High
66,Other,21.2,5.8,3.2,8.8,2.82,245.0,3.9,1,0,0,0,0,0,1.5,2.4,2,Low
62,Male,23.5,5.2,5.4,13.7,2.31,218.0,2.0,1,1,0,0,0,1,6.6,7.5,2,High
61,Female,23.0,8.1,6.3,7.9,2.64,167.0,0.0,3,0,1,1,0,1,3.5,8.1,4,High
52,Female,30.2,8.1,8.0,9.3,1.24,124.0,0.0,4,0,1,0,0,0,6.7,4.0,0,High
52,Male,28.9,7.4,10.0,9.0,2.95,138.0,7.5,1,1,0,1,0,1,4.5,4.8,4,High
44,Male,24.7,4.5,6.1,4.4,0.3,0.0,3.7,0,1,0,1,0,1,3.7,5.9,3,High
16,Male,27.6,6.3,3.7,6.8,3.32,62.0,6.2,3,0,0,1,1,0,6.3,5.9,1,Medium
36,Male,28.2,4.3,2.6,3.3,3.18,348.0,0.7,2,1,0,0,0,0,5.4,4.5,0,Low
55,Female,24.8,6.3,3.2,9.6,2.7,59.0,2.9,1,1,1,0,0,0,1.9,2.0,0,Low
59,Male,26.3,7.5,3.5,3.0,3.88,0.0,2.6,2,1,0,1,0,1,8.8,1.0,1,Low
45,Male,27.2,8.1,1.0,8.0,0.66,249.0,1.8,5,0,0,1,0,0,4.5,2.3,0,Medium
54,Male,26.7,7.3,3.7,9.2,2.72,177.0,3.5,2,0,0,0,0,0,7.1,3.3,0,Low
16,Male,21.0,8.5,6.8,4.6,2.21,184.0,0.5,1,1,0,0,0,0,4.7,4.3,1,Medium
40,Female,21.5,6.9,5.4,4.0,2.3,133.0,5.7,0,1,0,0,1,0,2.8,6.3,1,Low
42,Male,23.2,6.1,4.6,5.5,1.17,250.0,4.0,5,0,0,1,1,0,4.5,2.5,2,Medium
64,Female,21.3,7.9,1.6,3.5,2.42,318.0,2.6,1,0,0,1,0,1,6.4,2.5,0,Low
32,Female,17.9,8.0,7.5,6.4,2.38,93.0,3.3,2,1,1,1,1,1,10.0,5.8,2,Medium
27,Male,27.5,5.7,6.3,3.4,1.55,220.0,2.3,2,0,0,0,0,1,7.5,2.7,1,Low
34,Male,26.1,7.1,5.2,3.6,2.05,273.0,0.0,2,0,0,0,0,0,3.6,3.0,2,Low
24,Male,18.5,6.0,1.0,7.5,1.05,86.0,0.8,1,0,0,1,0,1,1.2,4.3,1,Low
45,Female,23.4,3.3,4.1,7.7,1.78,316.0,2.6,1,1,0,1,0,0,5.1,4.1,3,High
50,Female,23.7,7.2,6.2,5.2,2.87,273.0,2.2,3,0,0,0,0,0,5.1,1.9,1,Low
59,Female,25.3,4.4,5.1,1.4,2.88,13.0,4.4,2,1,0,0,0,0,7.5,6.3,1,High
68,Male,19.6,7.0,5.6,9.3,2.71,325.0,4.2,2,1,0,0,0,1,8.3,7.3,1,Medium
19,Male,18.4,4.0,6.7,4.7,2.87,19.0,1.8,1,0,0,1,1,0,6.6,3.5,1,Medium
28,Male,26.8,5.3,5.5,11.8,2.88,74.0,0.9,3,1,0,0,1,0,7.4,9.9,0,High
31,Female,17.6,5.8,6.6,5.6,1.59,225.0,4.7,1,0,0,0,0,0,4.5,2.9,3,Low
28,Male,23.5,8.4,3.3,6.4,2.37,265.0,3.4,3,0,0,1,0,0,7.2,4.6,4,Medium
60,Male,23.0,5.6,2.5,4.8,2.97,161.0,1.6,1,1,0,1,0,0,5.8,1.5,2,Low
22,Female,23.9,4.8,6.3,6.7,1.0,81.0,0.5,2,0,1,0,1,0,10.0,3.5,0,High
16,Male,25.6,7.1,6.7,15.7,0.99,121.0,1.5,1,0,0,1,1,0,5.6,9.0,0,High
62,Male,31.7,6.2,6.3,5.0,0.95,108.0,3.9,3,0,0,0,0,0,4.5,5.4,3,Medium
67,Female,17.3,7.8,5.5,9.6,0.67,243.0,6.7,1,1,1,0,0,0,6.9,4.7,2,High
27,Female,28.4,4.9,4.5,6.3,1.26,105.0,2.5,1,0,1,1,0,0,8.8,2.6,1,Medium
33,Male,15.0,6.8,5.7,9.3,1.68,78.0,1.2,0,0,0,0,0,0,7.0,1.2,3,Medium
42,Male,30.8,10.5,6.0,0.6,3.31,0.0,7.7,1,0,0,0,1,0,6.1,7.6,1,Low
43,Male,15.3,6.1,6.2,11.4,1.75,85.0,2.2,1,0,0,0,1,0,4.9,5.6,2,Low
69,Male,35.5,6.8,10.0,7.0,0.89,137.0,1.3,2,0,0,0,0,1,2.8,2.6,4,High
37,Female,22.7,3.8,3.2,5.3,2.23,26.0,2.1,2,1,0,1,0,0,8.0,2.4,1,Low
15,Male,30.3,5.1,10.0,8.5,1.95,0.0,2.0,1,0,0,0,0,0,8.0,5.9,2,High
38,Male,29.4,7.2,2.4,6.4,1.47,258.0,5.8,4,0,0,1,1,0,1.0,7.0,1,Medium
45,Female,22.5,6.0,6.0,2.8,1.63,40.0,0.0,2,0,1,0,0,1,2.9,1.1,1,Medium
43,Male,22.9,7.5,2.6,0.0,2.95,6.0,4.3,3,0,0,0,0,1,6.8,4.5,0,Low
43,Female,20.7,7.2,5.9,11.1,0.97,323.0,3.0,1,0,1,1,1,0,3.8,5.2,3,High
65,Female,28.0,4.4,7.4,5.4,0.77,243.0,1.8,1,1,0,0,0,0,6.4,4.9,1,High
59,Female,22.6,8.1,5.3,4.3,2.47,263.0,2.3,1,0,1,1,0,0,2.5,4.3,0,Low
28,Male,20.8,4.5,7.3,4.5,1.61,206.0,2.4,3,0,0,1,1,0,2.9,1.1,3,Low
34,Female,26.9,5.3,4.3,10.1,3.34,294.0,3.2,4,0,1,1,1,0,2.1,4.8,1,Medium
51,Female,20.5,6.9,1.0,4.6,1.98,247.0,2.0,5,1,0,0,0,0,4.7,6.5,2,Medium
37,Male,23.0,9.0,6.6,7.8,2.02,112.0,2.9,0,0,0,0,1,1,5.0,1.2,3,High
38,Female,25.0,4.9,5.3,5.1,2.73,33.0,1.3,4,1,0,0,0,0,2.0,5.0,2,High
24,Male,21.6,6.7,4.1,2.5,0.76,9.0,7.8,2,1,0,0,0,1,2.4,5.6,0,Medium
28,Male,22.3,6.7,4.3,8.5,2.37,135.0,5.2,4,0,0,1,0,0,3.9,1.9,2,Low
55,Female,31.4,7.6,6.1,9.1,1.81,29.0,4.1,1,0,0,1,0,1,4.1,3.1,2,Low
61,Female,23.6,8.4,3.4,4.1,2.92,62.0,2.0,4,1,0,0,0,1,3.1,2.5,2,Medium
58,Other,22.9,5.9,6.0,5.9,1.58,133.0,4.8,3,0,0,1,0,0,6.5,4.7,2,Medium
31,Female,23.7,8.1,7.8,6.3,2.24,304.0,3.7,1,0,1,0,0,1,3.9,2.0,1,Low
22,Female,26.5,8.6,9.7,7.2,1.81,0.0,3.3,2,0,0,0,0,1,5.4,1.0,2,Medium
23,Male,19.8,9.4,8.3,11.5,2.43,153.0,1.8,2,0,0,0,0,1,6.0,5.6,4,Medium
36,Male,26.4,7.3,5.6,5.1,1.9,12.0,3.6,2,1,0,1,0,0,2.8,7.1,3,Low
43,Male,25.7,6.8,5.8,5.1,2.31,89.0,6.7,1,1,0,0,0,0,6.3,3.9,4,Low
64,Male,16.5,5.7,4.3,5.5,3.5,252.0,3.2,3,0,0,0,0,0,5.4,1.0,1,Low
64,Male,32.6,4.2,4.2,3.4,1.87,57.0,2.4,2,1,0,1,0,0,5.2,1.8,2,High
15,Male,31.1,6.1,7.1,1.2,2.42,121.0,3.2,1,0,0,1,0,1,2.9,3.4,0,Low
53,Male,20.9,6.7,4.5,6.4,3.93,166.0,3.1,2,1,0,1,0,0,7.3,5.0,2,Low
31,Male,19.4,6.3,6.0,7.5,2.41,227.0,1.8,7,0,0,0,0,0,1.0,2.7,3,Medium
25,Male,25.5,7.5,3.1,6.0,0.3,90.0,1.4,0,1,0,0,0,0,4.6,5.1,1,Low
45,Female,18.1,4.2,8.2,5.8,1.57,289.0,4.7,4,1,0,0,0,0,2.9,2.5,1,Medium
16,Female,30.6,6.2,4.5,3.5,1.14,101.0,5.7,0,0,1,1,0,0,3.9,7.4,1,Low
33,Female,22.4,9.7,7.6,6.7,2.84,203.0,8.0,5,0,0,1,0,0,1.5,1.0,2,Medium
45,Female,31.8,8.1,3.7,6.5,2.02,129.0,4.0,2,0,0,1,0,0,3.2,4.0,3,Low
29,Female,20.8,7.5,3.5,7.3,2.95,231.0,3.3,2,0,0,1,0,0,2.2,3.2,0,Low
47,Female,24.0,7.1,8.1,6.9,2.59,373.0,5.0,1,1,1,0,0,0,1.2,5.0,1,High
40,Male,30.2,5.9,3.8,7.1,2.59,119.0,1.0,1,1,0,0,0,1,6.3,1.3,3,Medium
58,Female,23.0,3.7,1.8,9.7,1.12,148.0,4.4,2,0,1,1,0,0,3.2,4.9,1,High
24,Female,25.7,7.2,2.9,7.6,2.5,102.0,5.3,5,0,1,1,0,0,4.4,3.3,6,Medium
18,Female,29.4,2.6,7.1,7.3,3.19,86.0,5.3,2,0,1,1,0,0,5.9,5.1,1,High
44,Female,22.0,6.0,6.9,1.1,0.94,73.0,6.7,3,1,0,0,1,0,5.7,3.2,1,Medium
29,Male,18.8,6.5,3.5,8.9,1.85,148.0,1.7,2,0,0,1,0,0,4.6,7.3,2,Medium
53,Female,17.9,5.8,3.8,5.2,2.38,65.0,1.9,1,1,0,0,0,1,3.2,4.5,3,Medium
20,Female,27.1,10.0,6.7,6.2,2.18,68.0,2.5,2,1,1,0,0,1,4.0,3.7,1,Low
46,Male,26.2,9.4,8.1,2.4,3.25,0.0,0.5,0,1,0,0,0,0,5.4,3.8,3,Medium
69,Female,29.3,8.2,5.0,11.9,2.68,302.0,4.2,5,0,0,0,0,1,7.6,3.9,2,Medium
20,Female,23.3,5.0,6.4,0.0,2.42,331.0,4.5,0,0,0,0,0,0,1.0,6.1,2,Low
31,Male,18.1,9.6,7.1,10.2,2.75,221.0,4.2,1,0,0,0,0,0,5.9,4.7,3,Medium
61,Male,15.0,7.5,9.9,7.2,2.71,54.0,3.3,1,0,0,1,0,0,2.0,3.9,1,Medium
44,Male,37.4,5.0,2.7,0.7,2.13,11.0,5.2,0,1,0,1,0,0,3.7,6.3,2,Medium
24,Male,26.9,6.6,3.7,11.7,1.82,0.0,4.3,5,0,0,0,0,0,4.4,9.6,1,Medium
26,Male,25.1,8.0,4.1,7.4,2.89,220.0,1.7,4,0,0,0,0,0,4.7,3.0,1,Low
57,Female,25.8,5.5,7.0,0.0,1.51,289.0,0.0,2,1,0,0,1,0,3.4,5.2,4,High
62,Male,18.1,6.7,4.6,4.8,2.04,168.0,2.3,1,0,0,0,1,0,7.8,2.7,1,Medium
34,Male,20.9,7.0,5.9,7.5,1.17,244.0,3.1,1,0,0,0,0,0,6.4,5.8,2,Low
41,Female,32.3,4.7,5.5,10.8,2.69,199.0,3.1,2,0,0,0,0,0,3.8,7.7,4,High
58,Male,27.5,6.1,5.2,4.9,3.09,65.0,2.6,4,0,0,0,0,1,8.9,1.3,0,Low
24,Female,21.1,4.9,5.4,0.0,1.35,261.0,1.8,4,0,1,0,0,1,3.2,5.4,2,High
26,Male,19.0,7.9,7.5,10.1,1.98,254.0,1.1,0,0,0,1,0,0,3.0,1.0,2,Low
57,Male,22.2,5.0,3.1,7.4,1.72,41.0,0.7,4,0,0,1,0,0,5.2,3.2,3,Medium
25,Female,23.1,7.0,4.9,0.0,2.96,239.0,4.0,2,0,0,1,0,0,3.5,4.4,2,Low
57,Female,33.7,4.3,2.5,7.0,3.23,134.0,5.4,2,0,1,0,0,0,5.9,6.1,1,Low
42,Male,23.7,4.7,5.7,7.3,1.72,121.0,0.2,4,1,0,0,0,1,4.2,2.0,2,Medium
69,Male,19.1,4.6,4.8,5.1,0.3,193.0,2.9,2,0,0,1,1,1,5.8,1.7,1,Medium
16,Female,24.2,6.0,7.6,3.7,3.02,190.0,4.7,4,0,0,1,1,0,2.7,2.8,5,High
67,Female,25.7,6.8,5.2,4.3,2.14,248.0,2.6,1,0,0,1,0,0,9.5,5.0,2,Medium
27,Male,18.7,7.1,4.2,5.1,2.14,57.0,4.6,1,0,0,1,1,0,3.7,1.0,6,Low
16,Female,26.3,3.7,4.7,7.0,2.87,212.0,5.4,2,0,1,1,0,1,8.5,10.0,1,High
54,Male,29.9,6.2,9.0,8.2,1.81,22.0,3.9,2,0,0,1,0,1,1.6,2.9,0,Low
44,Male,25.1,5.3,1.7,0.0,1.6,130.0,1.9,1,1,0,1,0,0,9.4,2.5,3,Low
61,Female,20.9,7.4,3.8,6.7,1.82,138.0,5.9,1,0,1,0,0,0,4.6,1.4,0,Low
20,Male,22.1,6.1,5.3,7.4,2.49,257.0,2.4,2,0,0,0,0,0,4.3,5.8,4,Low
19,Female,17.0,6.4,3.8,6.5,2.8,151.0,2.4,2,0,0,0,0,0,1.0,3.3,1,Low
46,Male,23.9,5.3,6.3,4.9,3.41,121.0,4.1,2,0,0,1,1,0,1.6,5.9,2,Medium
63,Male,25.9,9.3,5.1,10.0,2.42,307.0,2.3,3,0,0,1,0,1,2.5,5.4,2,Medium
37,Female,20.5,4.4,5.8,9.8,1.98,103.0,2.5,2,0,0,0,1,0,2.1,9.1,1,Medium
58,Female,33.2,5.9,5.5,5.0,2.81,98.0,2.2,0,1,1,0,0,0,6.5,1.7,1,Low
64,Female,28.1,6.7,5.0,5.8,1.32,0.0,2.6,0,0,0,0,0,0,3.8,4.4,1,Low
62,Male,16.4,6.1,2.4,8.2,3.24,126.0,3.4,0,0,0,1,0,0,4.9,4.0,2,Low
42,Female,16.5,5.3,5.6,9.6,2.27,47.0,0.0,1,0,0,0,1,0,5.4,1.0,2,Low
53,Male,20.1,3.6,1.3,3.7,1.92,122.0,2.8,0,0,0,1,0,1,1.0,5.7,3,Low
43,Male,31.6,5.4,3.7,3.1,1.33,176.0,0.0,2,1,0,1,0,0,4.1,3.9,2,Low
52,Female,28.5,5.0,6.3,6.8,2.6,31.0,2.1,2,0,0,0,0,0,10.0,6.3,2,High
46,Male,31.8,9.2,7.8,2.9,1.88,59.0,3.7,1,1,0,0,0,0,7.6,5.0,1,Medium
43,Female,24.5,10.1,10.0,0.6,2.02,0.0,2.3,3,1,1,1,0,1,6.1,4.4,1,High
39,Male,23.6,6.4,4.3,3.7,0.76,94.0,4.5,5,0,0,1,0,0,5.2,7.7,1,High
50,Female,18.9,4.3,3.3,7.2,1.75,46.0,3.8,1,1,1,1,0,1,8.4,2.8,1,High
56,Male,26.1,7.7,6.3,10.4,1.65,386.0,0.0,3,1,0,1,0,0,6.4,6.5,0,High
65,Female,23.6,4.9,9.3,4.0,2.43,315.0,5.6,1,0,0,1,0,0,4.5,5.4,0,Medium
48,Female,23.4,5.6,8.6,5.7,1.89,298.0,3.5,1,1,0,1,0,1,5.8,8.5,0,High
20,Male,31.8,5.5,2.9,6.4,0.3,8.0,1.7,3,0,0,0,0,1,6.9,4.0,1,Low
47,Male,23.9,5.7,4.9,4.2,1.77,130.0,2.0,1,0,0,1,0,0,8.0,10.0,3,High
32,Male,30.5,5.9,7.1,4.0,0.94,18.0,0.0,2,0,0,1,0,0,1.4,3.5,0,Low
16,Male,17.4,4.4,7.2,6.9,1.27,353.0,3.5,3,1,0,0,0,0,5.2,5.6,5,High
18,Female,36.6,5.4,6.5,2.6,2.9,241.0,4.4,3,0,1,1,0,0,7.3,3.1,4,High
47,Male,22.8,8.1,4.2,3.9,0.75,34.0,1.5,0,0,0,0,0,1,3.4,6.6,2,Low
66,Female,27.7,6.4,6.5,5.4,2.34,191.0,1.0,3,1,1,1,0,0,4.4,3.3,3,Medium
42,Female,28.4,6.7,7.2,6.9,1.69,0.0,3.3,3,1,1,1,0,0,9.0,10.0,0,High
39,Male,22.3,2.9,3.1,1.8,1.54,135.0,5.6,1,1,0,1,0,0,5.5,5.0,3,Medium
19,Male,28.2,8.0,8.1,5.6,1.32,131.0,5.4,3,0,0,0,0,1,3.0,4.4,1,Medium
52,Female,28.4,5.4,7.4,2.4,2.36,231.0,4.8,1,1,1,0,1,1,1.3,2.4,0,High
18,Female,21.3,8.3,3.6,4.1,2.45,259.0,7.4,0,0,1,1,0,1,4.6,1.0,1,Low
61,Male,21.3,6.7,7.2,8.2,0.72,152.0,5.0,1,1,0,0,0,0,3.4,5.4,1,High
59,Female,24.7,5.6,7.0,5.8,3.02,125.0,5.5,3,0,0,1,0,0,8.0,2.0,1,Low
69,Female,24.0,3.8,7.1,10.7,1.15,0.0,3.2,4,0,0,1,0,0,3.1,6.3,2,High
30,Female,30.8,10.0,8.7,5.8,2.41,322.0,2.2,1,0,1,1,1,0,7.1,1.0,2,High
23,Female,27.7,7.8,5.2,8.7,1.16,78.0,5.5,0,0,0,0,1,0,4.8,2.0,5,Medium
31,Female,24.2,7.9,5.9,8.2,1.73,161.0,0.8,1,1,1,1,0,0,3.8,4.8,1,Medium
58,Other,27.2,9.4,1.0,6.0,1.08,399.0,3.9,3,0,0,0,0,1,4.2,7.9,3,Medium
27,Female,15.3,6.9,7.7,2.3,1.68,19.0,1.7,1,1,0,1,0,0,8.0,4.4,0,Medium
63,Female,21.7,8.7,7.4,5.7,1.94,152.0,3.7,4,0,0,1,0,0,6.9,5.0,3,Medium
23,Male,25.8,5.7,8.2,4.5,1.18,205.0,3.6,1,0,0,0,1,1,5.5,1.9,6,Medium
17,Male,29.5,7.7,3.1,4.4,2.35,270.0,3.4,3,1,0,1,0,0,3.4,4.6,4,Medium
27,Male,25.4,5.5,7.3,6.4,2.46,150.0,3.0,3,0,0,0,0,0,6.8,3.6,0,Medium
56,Male,31.1,5.7,7.4,1.9,4.26,279.0,4.2,1,0,0,0,0,0,5.2,8.5,3,Low
48,Male,28.4,6.7,3.8,3.6,2.84,104.0,4.5,3,0,0,0,0,1,3.9,1.0,3,Low
34,Male,22.3,4.5,7.5,3.2,3.04,210.0,0.0,0,0,0,0,0,0,2.6,6.3,2,Low
51,Male,23.9,7.0,6.2,5.3,0.68,196.0,2.9,2,0,0,1,0,0,3.5,2.9,0,Medium
50,Male,26.3,6.0,1.5,3.8,0.53,140.0,2.1,1,1,0,1,0,1,2.2,4.1,1,Medium
45,Male,22.5,3.3,6.5,4.0,1.86,186.0,3.4,1,0,0,1,0,1,2.9,4.1,1,Medium
43,Female,31.4,5.8,3.5,6.4,3.53,54.0,2.1,0,0,1,1,0,1,10.0,3.4,1,Low
20,Male,19.5,5.9,1.5,4.8,4.08,117.0,5.8,0,0,0,1,0,0,1.0,2.0,4,Low
29,Male,25.9,7.9,6.0,6.0,1.55,8.0,2.8,1,1,0,0,0,1,7.1,1.0,2,Low
44,Female,27.8,7.0,5.1,2.9,1.63,101.0,5.2,1,1,0,0,1,1,6.2,10.0,4,High
22,Male,23.1,8.8,8.3,3.7,2.54,275.0,0.9,0,0,0,0,0,1,1.0,4.2,3,Medium
41,Female,22.1,7.3,5.6,11.7,1.94,196.0,2.4,0,1,0,0,0,0,7.0,2.1,2,Low
21,Female,24.2,5.6,6.9,4.0,1.96,184.0,1.6,2,0,0,1,1,0,10.0,6.3,0,Low
58,Male,28.2,6.4,6.3,0.1,2.61,0.0,3.9,3,0,0,0,1,1,4.9,6.7,2,Low
20,Female,22.3,5.9,7.4,7.0,4.27,185.0,0.4,1,0,0,1,0,1,7.3,4.7,1,Medium
20,Female,19.7,7.3,3.2,4.0,3.14,143.0,0.0,0,1,0,1,0,1,4.6,2.1,3,Low
50,Female,29.7,6.6,5.6,6.7,3.6,209.0,1.6,1,0,0,0,0,0,6.0,6.8,2,High
27,Male,26.3,5.5,4.9,5.7,0.62,302.0,4.2,1,1,0,0,0,0,1.0,2.6,2,Medium
34,Female,29.0,6.5,6.6,7.5,2.96,105.0,1.2,2,0,0,0,1,0,5.0,2.4,1,Low
32,Male,27.9,7.2,5.8,5.7,1.34,115.0,3.6,0,0,0,1,0,1,5.0,2.0,0,Low
26,Male,34.3,4.9,3.8,5.4,3.44,251.0,1.6,0,1,0,0,1,0,3.9,2.0,2,Medium
56,Male,29.5,7.0,4.5,9.2,3.19,84.0,0.0,1,0,0,0,0,0,8.6,6.3,1,Low
53,Male,21.2,4.0,8.8,0.0,2.58,160.0,4.9,3,1,0,1,1,0,4.9,3.3,3,High
28,Male,26.6,8.3,1.5,2.3,1.51,0.0,4.4,2,0,0,0,0,0,4.6,10.0,4,Low
52,Female,22.0,7.3,6.8,3.7,1.71,116.0,2.9,3,0,1,0,1,1,4.1,5.2,5,Medium
54,Male,22.5,9.1,7.9,1.3,1.78,294.0,3.1,2,0,0,0,0,1,3.9,4.9,1,Low
44,Female,18.1,4.7,6.5,4.7,2.71,187.0,2.5,2,1,1,0,0,0,4.6,5.2,3,High
46,Female,23.2,8.3,9.5,4.4,2.42,249.0,0.7,0,0,1,1,0,0,4.3,3.2,3,High
66,Female,27.0,8.0,7.3,8.7,3.24,255.0,5.9,3,0,0,0,0,1,6.1,6.6,3,High
39,Male,24.2,6.2,6.0,5.8,3.39,298.0,2.8,2,0,0,1,0,1,6.4,2.5,1,Medium
36,Female,19.6,5.9,4.2,5.4,1.42,112.0,3.8,0,0,0,0,0,0,8.6,3.4,3,Low
44,Male,17.6,4.8,6.1,4.9,2.48,254.0,1.9,2,1,0,0,0,1,3.9,6.7,3,High
60,Female,34.0,4.3,6.7,3.1,2.47,397.0,4.0,3,0,0,1,0,0,2.5,7.9,2,Medium
54,Female,26.0,5.3,5.2,8.5,2.02,147.0,5.5,3,1,0,0,1,0,5.4,9.6,0,High
19,Female,20.8,4.5,3.6,9.4,2.85,5.0,3.4,0,1,0,0,0,1,5.5,3.5,0,Low
40,Male,26.6,9.1,2.6,2.6,2.49,85.0,3.8,2,0,0,0,0,0,7.3,5.9,2,Low
55,Female,34.4,4.1,5.6,10.5,1.64,202.0,4.9,3,0,0,0,1,0,1.5,1.0,1,Medium
27,Female,27.3,6.7,1.9,4.1,1.99,0.0,4.6,1,0,0,1,0,0,4.8,8.4,2,Low
69,Female,15.0,7.2,4.2,3.9,1.82,66.0,5.3,0,0,0,1,0,0,7.9,4.2,1,Low
59,Female,36.4,7.1,1.0,7.3,1.52,114.0,3.7,4,0,1,0,0,0,7.2,6.3,2,Medium
61,Male,16.2,7.2,7.0,7.6,2.03,162.0,3.7,2,0,0,0,0,0,7.9,6.1,4,Medium
19,Female,23.6,8.0,7.7,5.8,1.06,348.0,3.5,3,1,0,0,1,1,4.1,5.7,1,Medium
46,Female,19.4,5.8,5.4,5.0,2.48,226.0,4.9,5,0,1,0,0,0,1.0,3.1,5,Medium
44,Male,21.2,6.6,9.2,9.3,3.22,27.0,2.1,1,1,0,0,0,1,5.6,2.8,2,Medium
49,Female,25.8,6.0,8.2,4.3,2.14,575.0,4.2,3,0,1,0,0,0,6.2,6.8,2,High
61,Female,15.2,8.6,6.3,5.8,2.86,148.0,8.1,0,1,1,1,0,0,3.3,3.4,1,Medium
34,Male,24.1,9.9,5.0,10.7,2.22,0.0,3.8,2,0,0,0,1,0,5.9,2.9,2,Medium
44,Male,29.7,4.6,4.4,2.3,1.28,36.0,0.4,0,1,0,0,1,1,5.3,4.3,1,Medium
52,Male,20.7,3.3,6.4,4.7,3.71,36.0,2.4,0,0,0,0,0,0,1.3,4.3,2,Low
56,Female,18.2,7.4,4.9,8.9,0.3,2.0,4.4,3,0,0,0,1,0,7.6,3.6,2,Medium
57,Female,23.9,8.2,6.4,7.5,2.11,206.0,1.5,2,0,1,0,1,0,1.2,4.3,1,Low
33,Female,23.0,9.6,6.6,8.5,1.49,0.0,0.8,0,1,1,0,0,0,6.8,5.3,1,Low
69,Female,21.8,7.7,4.7,2.3,3.37,258.0,0.0,3,1,0,0,0,0,2.8,2.2,2,Low
15,Female,19.2,8.7,7.6,6.9,2.27,240.0,2.5,1,0,0,0,0,1,5.4,1.8,4,Low
42,Other,26.8,9.2,4.7,5.2,4.14,100.0,6.5,4,1,0,0,0,0,5.2,6.0,3,Low
48,Male,27.2,8.8,5.2,12.4,2.13,251.0,1.8,0,1,0,1,0,0,5.2,5.6,1,Medium
18,Female,19.7,7.9,3.0,8.3,1.49,30.0,4.9,1,0,1,0,1,0,7.7,3.8,2,Low
39,Female,20.3,4.4,4.6,5.9,0.73,57.0,2.4,2,0,0,0,0,1,7.1,3.3,2,Medium
47,Male,25.1,6.5,9.9,6.8,2.99,210.0,2.1,4,0,0,1,0,1,3.1,6.5,1,High
48,Female,20.2,7.0,3.2,6.2,1.43,127.0,4.1,4,0,1,0,0,1,5.1,1.8,1,Low
21,Female,25.3,6.3,6.2,8.0,1.76,81.0,0.0,2,0,0,0,0,1,6.5,1.9,0,Low
30,Female,31.1,6.4,4.2,3.6,3.08,138.0,6.7,3,1,1,1,1,1,6.4,2.8,0,High
28,Male,24.2,9.0,1.0,9.8,2.94,295.0,4.2,1,1,0,0,1,0,6.3,1.0,1,Low
50,Male,19.0,5.3,6.4,2.3,1.61,291.0,5.3,3,0,0,0,0,1,5.2,9.4,2,Medium
33,Female,26.3,7.8,4.0,6.6,1.74,197.0,2.4,5,0,0,0,0,1,7.2,1.5,0,Medium
46,Female,23.7,7.0,5.9,3.7,0.7,111.0,4.1,1,0,0,0,0,1,6.9,7.0,2,Low
55,Male,23.8,5.1,7.4,6.1,0.46,207.0,5.1,2,1,0,1,0,0,5.9,5.3,4,High
58,Male,26.6,4.8,5.7,8.8,2.71,55.0,2.8,0,1,0,0,0,0,4.5,5.5,6,High
25,Male,27.6,3.8,5.9,1.2,2.8,279.0,1.1,1,0,0,0,0,0,9.1,8.6,3,High
64,Female,24.7,7.3,3.3,5.5,2.39,255.0,0.9,4,0,1,1,0,1,4.2,5.7,3,High
24,Male,24.2,6.4,6.8,2.0,2.25,362.0,2.1,1,0,0,0,0,0,2.8,4.5,3,Low
16,Male,33.8,5.2,4.8,5.2,1.54,62.0,3.5,0,1,0,1,0,1,4.2,8.2,2,Medium
17,Male,29.9,3.5,1.0,2.0,3.27,48.0,2.6,1,1,0,1,1,1,5.4,1.0,2,Medium
26,Female,28.3,7.2,7.0,6.5,0.67,211.0,1.9,3,0,1,1,1,0,4.2,7.7,1,Medium
63,Male,25.1,6.2,7.7,4.8,1.73,120.0,4.5,2,0,0,0,1,0,2.9,4.8,2,Medium
26,Female,20.0,5.4,8.5,8.1,2.23,260.0,2.0,1,1,0,1,0,0,4.7,4.4,2,High
53,Female,29.6,5.0,10.0,9.4,2.1,295.0,1.7,1,0,1,0,0,0,7.8,4.0,4,High
38,Female,25.1,6.1,6.9,6.0,2.1,337.0,5.1,2,1,0,0,0,0,1.6,5.5,3,Medium
17,Male,21.9,7.3,6.3,8.5,1.68,156.0,4.2,2,1,0,1,0,0,5.4,3.4,3,Medium
39,Female,23.4,6.0,7.6,9.9,2.53,247.0,0.3,1,1,0,1,0,1,2.2,2.3,2,Medium
16,Male,20.2,4.6,3.2,3.4,1.13,93.0,0.1,3,0,0,0,0,1,2.2,4.8,2,Low
41,Female,29.3,6.4,1.5,10.0,1.98,174.0,0.6,0,0,1,1,0,1,1.0,6.3,5,Medium
45,Female,27.6,8.2,4.2,5.9,2.45,144.0,2.9,1,1,0,1,0,0,5.0,4.3,3,Low
43,Female,25.3,6.6,8.0,3.3,1.83,138.0,5.6,3,0,1,1,0,1,1.0,5.8,4,Medium
30,Male,24.3,6.6,3.7,6.8,2.1,351.0,6.2,3,1,0,0,0,0,5.3,6.3,3,Low
57,Female,21.4,6.0,6.2,5.8,2.27,2.0,4.7,1,0,0,0,0,1,4.6,6.2,3,Low
47,Female,15.0,5.1,6.5,2.1,0.69,149.0,7.2,2,0,0,1,0,0,6.1,6.0,3,Medium
29,Female,18.1,5.0,5.7,2.9,0.77,156.0,3.4,2,1,0,0,0,1,1.0,6.1,1,High
38,Female,21.2,3.8,2.4,10.6,2.21,221.0,5.4,3,1,0,1,0,0,1.0,5.3,2,Medium
20,Female,20.5,8.4,6.0,6.8,1.61,29.0,1.7,0,1,0,0,1,1,4.0,1.0,1,Medium
65,Female,25.8,7.2,4.3,10.1,1.66,117.0,0.0,1,1,0,0,0,0,4.9,2.9,2,Medium
56,Female,28.2,6.6,8.9,4.8,2.56,84.0,2.3,1,1,1,0,0,1,7.4,3.9,2,High
30,Other,23.9,7.0,7.7,3.8,1.31,0.0,2.7,3,0,0,0,0,1,4.6,6.6,3,Low
52,Female,30.8,7.0,4.4,1.3,0.3,278.0,8.7,2,1,0,1,0,0,2.9,3.4,1,Low
52,Female,21.0,5.3,9.1,8.7,3.43,0.0,3.0,0,1,0,0,0,0,7.8,6.9,2,Medium
48,Female,23.9,6.0,6.0,7.1,3.07,0.0,0.8,2,1,1,1,1,0,3.4,8.0,3,High
17,Female,24.3,5.7,1.5,4.9,3.06,254.0,5.1,2,0,1,1,0,0,1.2,9.9,2,Low
63,Male,29.4,10.5,5.0,3.8,1.2,113.0,1.3,1,1,0,0,1,0,5.8,6.1,3,High
67,Female,25.0,8.1,8.8,9.2,2.04,117.0,3.3,6,0,1,0,0,1,5.0,3.0,1,High
68,Female,25.1,6.8,3.4,5.5,1.09,119.0,4.9,2,0,0,0,0,1,7.1,5.5,2,Low
68,Male,17.1,8.7,5.0,5.5,2.05,268.0,1.0,1,1,0,0,0,0,2.4,6.6,2,Low
66,Female,20.5,8.5,2.2,4.3,1.82,89.0,6.3,2,0,1,1,1,0,5.1,1.0,0,Low
55,Male,29.4,4.3,2.6,4.9,1.24,215.0,5.5,3,0,0,0,0,0,3.3,7.5,2,Low
18,Other,15.2,6.1,3.4,7.5,2.5,24.0,3.8,0,0,0,0,0,0,5.6,3.4,1,Low
40,Female,30.5,6.5,2.5,2.0,1.89,186.0,6.9,3,0,1,1,0,1,3.2,5.1,2,Low
28,Female,26.7,7.5,3.8,6.2,3.48,249.0,2.2,1,0,0,0,0,0,5.0,2.1,1,Low
27,Female,21.1,6.1,9.0,8.7,2.17,305.0,4.7,1,0,1,0,0,0,7.9,7.2,0,Low
60,Female,20.8,6.3,5.1,5.8,0.3,0.0,3.6,1,1,1,1,1,1,5.2,1.0,3,High
59,Female,33.0,5.8,6.9,9.0,0.65,117.0,1.6,2,0,0,1,0,0,4.2,4.5,1,High
43,Male,30.9,8.2,7.6,9.8,3.78,326.0,1.7,0,0,0,1,0,1,8.5,3.4,1,High
55,Female,24.0,4.2,2.8,8.5,1.81,251.0,7.5,2,0,1,0,0,0,4.7,6.5,1,Medium
22,Female,25.1,5.8,3.4,4.5,2.29,128.0,5.3,2,0,1,1,0,1,5.6,3.6,2,Medium
27,Female,21.6,3.6,6.9,5.9,2.11,150.0,5.0,1,0,0,0,0,1,7.1,7.6,1,Medium
62,Other,25.1,4.9,3.8,7.0,3.23,183.0,1.6,2,0,0,1,0,0,4.5,3.9,1,Low
39,Male,21.5,7.0,6.7,4.7,0.57,109.0,4.6,2,1,0,0,0,1,4.7,6.1,3,Low
45,Female,24.1,7.0,8.9,4.6,3.16,210.0,2.2,3,1,0,1,0,1,4.7,6.3,2,High
40,Male,32.6,6.0,2.0,4.4,3.11,204.0,6.7,0,1,0,1,0,1,5.8,5.5,2,Medium
26,Female,24.1,8.3,4.4,13.1,2.1,27.0,5.7,2,1,1,1,0,0,10.0,5.9,3,High
60,Male,19.8,8.7,4.8,5.2,2.43,96.0,5.0,1,0,0,0,0,1,7.9,1.0,2,Low
56,Male,18.4,6.4,4.0,9.0,1.8,100.0,4.8,3,0,0,0,1,0,7.5,3.2,2,Medium
52,Male,25.1,6.9,3.9,3.6,0.75,122.0,2.8,2,1,0,0,1,0,2.8,3.4,1,Low
34,Female,21.1,5.8,4.1,10.8,2.56,180.0,4.1,1,0,0,0,0,1,3.9,6.2,0,Medium
50,Female,25.6,7.5,5.2,4.9,2.3,170.0,6.4,1,1,0,0,0,1,6.4,7.4,2,Medium
67,Other,17.2,4.6,5.6,6.1,2.31,71.0,4.0,2,0,0,0,0,1,1.0,5.3,2,Low
50,Female,27.6,9.4,7.3,0.9,2.49,297.0,1.2,2,0,0,0,1,0,3.0,3.9,0,Low
42,Female,19.7,8.3,5.1,9.1,1.62,151.0,5.8,3,0,0,0,0,1,8.0,4.7,0,Low
29,Male,24.7,4.6,7.7,9.7,3.29,311.0,1.5,1,0,0,1,0,1,7.6,5.3,1,Medium
43,Male,23.0,5.2,3.9,2.7,2.11,308.0,2.9,2,0,0,0,0,1,5.7,4.4,2,Low
35,Male,32.2,7.2,2.6,9.3,2.53,33.0,2.0,4,0,0,0,1,1,6.8,3.0,3,Low
48,Male,25.3,6.0,4.5,2.3,1.88,96.0,0.0,2,1,0,1,0,0,10.0,1.8,1,Medium
17,Male,33.3,7.4,6.2,7.8,2.94,104.0,3.4,1,0,0,0,0,1,4.4,2.2,2,Low
25,Female,27.0,5.9,7.1,5.2,2.18,184.0,7.8,2,0,1,0,0,0,10.0,1.8,0,Low
58,Male,30.9,8.9,8.4,9.7,2.03,230.0,3.7,0,0,0,0,0,0,6.2,5.0,3,High
35,Male,23.6,6.5,5.8,6.7,3.07,166.0,9.5,0,1,0,1,0,0,4.5,3.1,5,Low
38,Male,26.1,10.4,6.9,8.6,0.72,89.0,2.7,5,0,0,1,0,0,8.6,6.1,2,High
44,Female,30.0,7.5,8.2,9.5,1.88,332.0,3.5,3,0,1,1,0,0,3.1,1.0,1,Low
39,Female,28.6,4.3,3.5,5.2,1.61,102.0,2.8,1,0,0,0,0,0,5.1,2.7,2,Low
56,Male,26.9,9.8,4.7,5.9,2.4,232.0,3.1,7,1,0,0,0,0,4.5,4.2,5,High
28,Female,23.0,8.3,10.0,2.9,2.35,146.0,3.8,2,0,0,0,0,0,9.0,5.0,3,Medium
56,Female,23.8,7.1,7.1,5.2,2.09,143.0,6.3,3,0,1,0,0,0,4.1,4.8,2,Medium
26,Male,29.6,7.5,6.3,11.4,1.53,224.0,1.2,2,0,0,0,0,1,4.4,6.9,1,High
35,Female,30.6,4.6,7.2,8.1,2.08,320.0,3.0,6,1,1,1,0,0,4.8,8.2,2,High
47,Female,21.8,3.6,2.3,3.1,2.36,184.0,4.4,2,0,0,1,0,0,1.0,5.7,1,Low
63,Female,21.2,6.4,3.8,10.6,1.96,96.0,5.8,4,1,1,0,0,0,8.1,4.9,4,High
27,Female,20.4,8.7,3.0,7.1,2.99,313.0,0.0,1,0,0,0,0,0,4.9,5.9,1,Low
47,Male,28.2,7.1,6.1,8.3,2.59,204.0,0.0,2,1,0,1,0,1,4.0,4.4,1,Medium
18,Female,20.3,9.2,4.4,7.4,2.12,169.0,3.1,4,0,1,0,1,1,7.1,7.5,3,High
19,Female,28.2,8.6,5.4,7.2,0.3,263.0,5.5,2,0,0,1,0,0,4.4,4.5,0,Low
57,Female,27.0,6.5,4.5,0.4,1.93,185.0,1.9,9,0,1,1,0,0,5.9,4.1,1,High
54,Female,22.0,8.4,1.6,9.1,2.6,420.0,4.5,1,0,0,0,0,0,2.8,5.8,1,Low
35,Female,31.5,8.9,7.1,0.0,1.88,150.0,7.4,1,0,0,1,0,0,3.4,3.0,3,Low
49,Female,17.9,6.4,1.3,8.8,2.34,276.0,3.0,3,0,1,0,0,0,5.7,8.3,2,Medium
35,Female,32.0,6.2,3.6,6.3,1.92,199.0,2.5,4,0,1,1,0,0,3.5,1.0,2,Medium
30,Female,25.9,6.7,2.3,8.3,2.29,198.0,4.0,4,0,1,0,0,1,1.0,2.1,3,Medium
38,Female,15.2,2.6,3.3,6.4,3.22,110.0,3.4,0,0,0,1,0,0,8.6,7.2,3,High
32,Female,31.7,6.9,5.6,8.9,2.73,111.0,3.6,0,1,1,1,0,0,1.5,8.5,2,Low
59,Female,28.9,7.7,7.9,6.0,1.06,205.0,2.6,3,0,0,0,0,0,7.1,9.4,1,High
37,Female,22.6,6.7,1.8,6.8,0.77,54.0,2.4,6,1,0,1,0,0,4.5,3.3,1,High
32,Female,20.2,7.1,4.0,7.1,2.45,87.0,0.8,0,0,1,0,1,0,7.8,4.4,3,Medium
44,Female,17.4,6.4,1.4,11.3,3.03,152.0,4.3,2,1,0,1,0,1,5.1,5.4,2,Low
56,Female,35.4,3.3,3.9,7.7,0.77,286.0,0.7,2,1,0,0,1,0,4.7,5.7,0,High
30,Male,20.3,9.2,5.4,2.3,1.93,159.0,1.2,1,0,0,0,0,1,6.2,7.2,2,Medium
66,Female,18.8,5.9,6.9,4.4,4.0,157.0,0.4,3,0,1,0,0,1,5.1,5.7,2,High
40,Male,25.7,5.5,1.0,7.7,1.89,34.0,2.3,2,0,0,0,0,0,5.6,10.0,1,Low
51,Male,17.1,8.7,6.4,9.5,4.12,337.0,3.1,0,1,0,0,0,0,4.8,7.3,4,Medium
67,Female,20.1,8.1,3.1,4.0,1.44,272.0,0.6,1,1,0,1,0,0,7.2,7.5,3,Medium
38,Female,29.0,6.9,2.5,12.3,1.58,284.0,2.4,1,0,1,0,0,1,3.4,2.5,1,Low
25,Female,26.6,7.7,5.3,6.5,1.54,0.0,3.4,7,0,1,0,0,1,8.5,6.8,2,High
56,Female,22.8,4.7,6.6,7.2,1.08,189.0,0.0,1,0,1,1,0,1,5.9,7.4,1,High
15,Female,24.6,6.4,5.0,2.5,0.75,47.0,1.3,0,0,0,0,1,1,7.8,6.9,5,Medium
40,Female,22.5,8.6,2.8,9.1,1.92,235.0,7.0,3,0,0,0,0,0,3.3,1.0,2,Low
68,Male,24.2,5.4,5.0,4.8,2.22,185.0,1.4,2,0,0,0,0,1,10.0,2.8,2,Medium
37,Female,21.1,4.9,3.6,3.9,1.53,207.0,4.6,1,1,1,1,0,1,6.6,2.9,2,Medium
52,Male,21.9,6.6,6.5,5.1,1.72,71.0,1.9,3,0,0,1,0,0,9.9,4.3,3,Medium
43,Male,21.8,6.7,7.6,9.9,3.26,36.0,3.4,1,0,0,1,1,0,4.2,4.0,2,Medium
26,Female,21.2,7.5,7.4,7.3,2.88,80.0,1.2,1,0,1,1,0,1,2.4,10.0,2,Medium
32,Male,29.2,4.3,5.2,3.5,1.89,184.0,0.0,2,0,0,0,0,1,4.7,3.5,3,Medium
43,Other,28.0,2.4,7.7,4.5,2.44,123.0,2.0,3,0,0,0,0,0,7.0,4.8,5,High
20,Female,20.3,8.0,3.0,9.9,0.79,178.0,4.0,1,0,0,0,0,0,8.2,6.2,5,Low
37,Female,19.1,4.8,9.1,5.3,2.32,37.0,4.5,2,0,1,1,0,0,3.6,5.0,3,High
37,Female,23.8,5.5,2.9,7.6,2.05,149.0,3.3,2,0,0,1,0,0,7.8,9.3,1,Medium
60,Female,34.2,3.0,1.0,8.3,1.8,303.0,1.3,2,1,1,0,0,1,6.0,5.9,3,High
21,Female,19.9,8.1,8.2,0.0,2.13,187.0,5.0,3,0,0,1,1,1,7.4,4.1,1,Medium
61,Female,23.8,7.1,3.6,9.5,2.0,193.0,1.4,1,0,0,0,0,0,2.2,4.0,0,Low
37,Female,24.9,7.0,5.5,3.6,1.05,194.0,1.5,2,0,0,0,0,0,3.1,7.0,3,Low
50,Male,24.0,7.0,2.9,5.0,3.44,94.0,0.8,3,0,0,0,0,0,1.8,7.9,1,Medium
45,Female,22.4,3.2,10.0,10.3,2.86,329.0,2.1,3,0,1,1,0,1,5.0,6.2,1,High
31,Female,29.7,4.9,9.2,10.1,1.79,189.0,2.3,2,1,1,1,0,0,7.5,3.5,5,High
66,Female,26.5,5.8,8.6,7.4,0.69,169.0,3.6,0,0,0,1,1,1,8.2,3.4,0,High
27,Male,28.3,5.3,5.4,8.0,0.3,226.0,0.0,4,1,0,0,0,1,3.3,6.2,2,High
16,Male,27.2,6.1,7.4,8.7,3.7,253.0,2.0,3,1,0,0,0,0,6.1,8.6,0,High
56,Female,28.5,6.9,5.1,10.0,1.96,13.0,1.2,2,1,1,0,0,0,6.1,6.6,3,High
49,Male,31.6,8.1,7.7,10.4,2.71,156.0,3.9,5,0,0,0,0,1,1.0,3.9,1,Medium
63,Female,30.5,4.1,4.3,6.3,1.34,396.0,3.7,2,1,0,0,1,0,5.8,4.3,5,High
40,Male,35.0,6.5,8.7,3.9,1.85,332.0,0.7,1,0,0,1,0,0,1.0,1.0,3,Low
15,Male,30.0,7.6,4.2,5.3,1.89,138.0,4.1,3,0,0,0,0,1,4.7,7.5,0,Low
16,Female,21.5,5.0,4.4,6.4,2.29,230.0,2.9,2,0,0,0,1,0,3.4,2.0,5,Low
38,Male,28.3,6.2,4.2,5.9,2.17,114.0,4.7,0,0,0,0,0,0,6.5,7.5,3,Low
28,Male,27.7,7.2,5.6,3.2,1.36,189.0,1.6,0,0,0,0,1,1,6.8,5.0,1,Medium
65,Male,33.1,6.5,4.3,7.2,1.35,100.0,4.3,2,0,0,1,0,1,8.4,9.7,1,High
21,Female,20.1,7.6,6.3,1.6,2.03,98.0,4.9,3,1,1,1,0,1,5.2,7.3,0,Medium
63,Male,27.0,6.7,4.1,6.2,0.7,85.0,3.2,0,1,0,0,0,1,5.8,5.6,2,Medium
26,Female,21.4,6.0,6.9,6.4,1.44,335.0,7.6,3,0,0,1,1,0,2.9,4.8,3,High
21,Male,26.8,4.6,8.5,6.3,1.98,97.0,4.1,4,1,0,0,0,1,3.5,3.3,2,Medium
30,Male,23.5,6.9,5.4,8.4,2.42,276.0,6.9,4,1,0,0,0,0,3.7,4.9,2,Medium
22,Female,26.7,6.7,10.0,8.0,3.3,103.0,8.5,1,0,0,1,0,0,4.7,4.5,2,Medium
37,Female,18.2,4.9,7.7,12.2,1.72,90.0,0.0,2,1,1,0,1,0,10.0,1.2,2,High
33,Female,28.1,7.4,9.9,4.6,2.13,193.0,5.5,2,1,0,0,0,0,5.3,7.8,0,Medium
44,Female,25.4,8.5,5.1,6.8,0.61,7.0,4.1,2,0,1,1,1,1,8.4,4.1,3,Medium
44,Female,25.2,5.4,1.5,6.6,2.37,223.0,3.5,2,0,0,1,1,0,6.5,4.0,2,Medium
15,Female,33.3,5.3,3.6,6.5,1.37,135.0,1.5,3,1,1,0,0,0,7.0,1.0,3,High
21,Male,22.8,5.3,3.9,2.5,1.85,89.0,1.0,0,1,0,0,0,0,5.5,3.7,2,Low
23,Female,26.0,3.8,3.1,2.7,2.48,66.0,0.7,1,0,0,1,0,0,4.7,6.5,4,Low
25,Female,25.0,9.7,1.0,6.0,2.51,367.0,7.9,2,1,0,0,0,1,5.4,2.9,1,Low
20,Male,25.4,5.8,7.5,1.6,0.94,146.0,4.1,3,0,0,0,1,1,3.0,2.3,3,Medium
32,Female,34.5,5.1,1.1,5.1,2.74,142.0,0.0,2,0,0,0,1,1,3.5,4.1,3,Low
45,Female,24.8,4.7,7.2,4.2,2.07,246.0,0.7,3,0,0,0,0,1,5.0,5.0,2,High
31,Male,21.9,5.9,10.0,5.2,3.11,57.0,0.0,1,0,0,0,0,1,5.3,7.1,2,High
33,Other,32.9,5.4,3.5,9.2,3.27,275.0,5.6,4,0,0,1,0,1,1.0,7.7,0,Low
40,Male,23.1,8.8,6.1,3.0,3.38,146.0,3.1,1,0,0,0,0,0,2.5,4.5,4,Medium
45,Female,17.3,4.5,4.3,8.4,0.96,0.0,4.1,5,0,1,1,0,0,6.5,1.5,0,Low
33,Female,21.2,4.0,7.0,4.4,2.42,92.0,3.0,1,0,0,1,0,0,6.9,3.3,1,Low
27,Male,18.9,7.4,2.6,4.7,0.84,30.0,5.1,2,1,0,0,0,0,1.0,7.1,1,Low
37,Male,16.4,6.3,4.9,7.3,3.14,159.0,2.1,2,0,0,1,0,0,5.4,2.0,4,Medium
16,Male,22.9,6.1,7.7,5.2,3.26,63.0,3.6,2,0,0,0,0,1,10.0,6.2,2,Medium
42,Male,24.2,7.4,5.1,3.5,2.88,51.0,3.6,3,0,0,0,0,0,7.9,10.0,2,Medium
66,Female,29.8,6.7,1.6,5.0,1.76,182.0,0.4,2,1,0,0,1,0,2.1,6.9,2,Low
36,Female,27.3,6.4,7.9,1.0,2.54,155.0,1.4,1,1,1,1,1,0,5.4,5.5,1,High
20,Male,27.1,4.3,2.3,7.1,1.66,283.0,2.3,2,1,0,1,1,1,5.5,7.9,3,High
53,Male,20.5,3.8,5.4,0.0,2.11,278.0,3.7,1,0,0,1,0,0,4.5,5.7,3,Low
21,Female,28.5,5.4,6.5,8.5,2.03,157.0,6.1,2,0,0,0,0,1,7.5,3.7,1,Medium
25,Male,30.8,4.8,5.5,7.7,0.5,205.0,3.3,3,1,0,1,0,1,7.9,5.1,2,High
23,Female,26.3,6.9,10.0,10.5,1.45,0.0,2.8,1,0,1,0,0,0,3.7,2.1,1,Low
63,Male,26.4,3.6,6.8,12.1,3.92,227.0,3.7,3,0,0,1,0,0,6.6,1.5,3,High
68,Female,18.8,5.8,4.8,8.6,2.03,195.0,2.7,1,1,0,0,0,0,3.2,4.3,3,Low
46,Male,29.2,6.2,6.5,4.2,2.23,255.0,3.0,2,0,0,1,0,0,4.7,2.9,4,Low
48,Female,32.5,6.4,5.7,12.1,2.09,116.0,6.3,0,0,0,1,0,0,9.0,2.9,2,High
50,Male,26.0,7.1,5.3,2.7,1.77,117.0,2.5,3,1,0,1,0,0,2.7,2.1,2,Low
48,Male,21.8,6.0,5.7,0.7,2.13,118.0,3.6,5,0,0,0,1,1,7.1,3.9,2,Medium
44,Female,23.8,5.4,4.2,11.2,1.77,308.0,1.6,0,0,1,0,0,0,1.8,2.9,3,Medium
69,Male,22.6,8.5,5.7,7.7,0.3,181.0,5.8,3,1,0,0,0,0,3.5,4.7,3,Medium
55,Male,22.9,6.0,4.1,0.7,2.73,0.0,1.0,1,0,0,0,0,0,3.3,3.0,1,Low
19,Male,27.4,8.8,1.0,2.2,3.39,221.0,2.8,0,0,0,0,0,1,2.8,2.9,1,Low
36,Female,25.8,6.0,7.7,7.5,1.17,99.0,5.2,0,0,0,0,0,0,1.5,4.1,2,High
68,Male,29.0,6.5,4.0,3.6,1.77,269.0,1.1,3,0,0,1,1,1,1.8,1.0,2,Low
37,Male,26.2,6.3,5.5,4.0,3.3,209.0,4.9,2,1,0,0,0,1,1.0,2.5,2,Low
26,Male,20.6,6.9,3.5,11.5,1.48,286.0,0.0,3,0,0,0,0,0,2.9,7.6,2,Medium
62,Female,22.2,5.8,3.6,12.0,2.41,264.0,0.6,2,1,0,1,0,0,2.7,6.2,3,Medium
49,Male,22.0,6.7,2.9,6.4,5.0,253.0,2.8,3,1,0,0,0,0,4.9,4.6,3,Low
45,Female,23.7,8.9,7.3,5.6,2.61,275.0,8.3,3,1,1,1,0,0,8.3,1.0,4,High
38,Female,32.6,8.2,7.8,8.5,2.16,240.0,3.3,2,0,0,0,0,0,6.2,2.1,1,Low
21,Female,33.3,8.2,5.3,4.4,2.81,74.0,3.4,2,0,0,0,0,0,5.8,4.0,1,Low
36,Female,28.3,4.4,4.0,0.0,2.72,24.0,5.5,1,0,1,1,0,1,3.2,5.5,1,Low
39,Female,25.0,4.6,1.5,0.0,1.57,59.0,0.6,6,0,1,0,0,1,6.1,3.1,3,Low
66,Female,18.4,6.8,6.9,5.8,0.71,230.0,0.0,1,0,0,0,1,0,6.5,5.9,4,Medium
31,Male,25.5,7.7,3.7,8.5,2.58,0.0,6.8,5,1,0,0,1,0,3.4,4.2,0,Low
23,Female,20.9,5.7,2.7,6.0,2.7,148.0,4.3,1,0,0,0,0,0,7.6,6.7,2,Medium
38,Female,31.8,5.4,5.3,8.3,1.86,121.0,2.0,0,1,1,0,0,0,4.1,5.6,3,High
69,Male,17.3,8.7,4.5,8.5,3.42,285.0,3.1,3,0,0,1,0,0,4.2,6.7,2,Medium
41,Male,26.2,7.6,1.9,9.9,3.26,137.0,5.3,1,0,0,1,0,0,5.9,4.6,5,Low
35,Male,20.6,8.2,2.2,6.5,2.72,109.0,2.7,4,0,0,0,0,0,1.7,3.3,2,Low
51,Male,24.5,5.8,5.9,6.8,1.88,295.0,3.3,0,1,0,0,0,0,3.6,6.6,0,Low
50,Other,27.5,5.7,3.8,5.9,0.43,140.0,7.5,1,0,0,1,0,1,4.6,5.0,6,High
31,Male,29.1,8.0,6.3,5.3,1.96,122.0,0.3,0,1,0,1,1,0,3.4,5.1,1,High
68,Male,24.2,6.1,5.5,1.6,0.63,96.0,4.1,1,1,0,0,0,1,6.2,5.7,1,Low
47,Male,27.9,5.5,7.5,9.3,0.3,181.0,0.3,4,0,0,1,0,1,3.0,7.4,2,High
18,Female,21.5,5.0,3.4,4.9,2.62,114.0,6.4,2,0,0,1,0,1,3.5,5.6,3,Low
37,Male,25.6,5.7,5.7,4.8,3.04,114.0,3.6,0,0,0,0,0,1,7.2,7.1,0,Low
65,Male,29.0,7.9,6.6,4.5,0.54,310.0,1.5,2,1,0,0,0,0,4.9,1.0,1,High
36,Male,26.0,4.1,3.8,2.2,1.89,155.0,0.0,3,1,0,0,0,1,6.7,5.8,3,Medium
46,Male,22.1,7.5,7.7,5.8,2.09,101.0,2.2,5,0,0,0,1,0,6.3,8.0,0,Low
48,Female,23.2,5.4,1.5,7.4,1.87,41.0,3.4,4,1,1,0,0,1,9.3,7.1,4,Medium
53,Female,29.1,6.2,3.4,4.0,1.0,172.0,5.5,4,1,0,1,0,0,3.8,2.2,1,High
62,Male,19.6,6.3,1.5,8.9,3.16,88.0,0.6,2,0,0,0,0,1,1.8,3.0,2,Low
23,Male,20.3,6.1,3.6,5.0,1.02,109.0,1.2,1,0,0,0,1,0,1.0,8.8,1,Low
43,Male,27.2,6.0,4.9,1.7,0.54,56.0,1.9,0,0,0,0,0,1,3.4,10.0,4,Medium
44,Male,22.5,5.8,7.0,9.8,1.0,172.0,1.3,0,0,0,0,0,0,7.6,5.8,2,Medium
23,Male,18.0,5.6,4.9,6.6,2.49,7.0,1.9,3,0,0,0,0,1,6.6,10.0,2,Medium
52,Male,30.6,8.6,3.9,8.4,1.89,195.0,0.9,2,1,0,0,0,1,4.5,4.1,0,Low
21,Female,19.6,6.5,1.8,8.5,1.48,90.0,3.9,1,0,0,1,0,0,10.0,7.6,1,Low
40,Male,23.6,6.3,2.5,3.4,2.52,229.0,1.9,2,1,0,0,1,1,1.7,2.5,3,Medium
33,Female,21.7,5.5,5.9,4.5,2.37,203.0,3.0,1,1,0,1,1,0,7.4,5.8,4,High
23,Male,23.2,5.8,7.1,8.9,0.3,161.0,3.7,2,0,0,1,0,0,3.6,1.7,2,Medium
60,Female,20.5,5.5,4.3,11.1,2.51,243.0,0.0,4,1,0,0,0,1,9.4,6.1,3,High
28,Male,27.7,7.7,7.9,6.2,3.04,321.0,4.3,1,1,0,1,0,1,4.0,3.2,3,Medium
29,Female,25.0,5.3,3.1,4.2,2.0,290.0,3.5,3,0,0,1,0,0,7.7,2.3,1,Low
61,Female,28.9,2.9,4.3,10.7,1.91,6.0,3.5,2,0,1,0,1,0,4.5,8.2,4,High
63,Male,21.8,6.6,4.5,4.2,3.62,83.0,2.7,2,0,0,0,0,0,10.0,6.0,3,Medium
16,Male,34.1,6.1,8.6,6.9,1.53,97.0,2.4,1,1,0,0,0,0,5.6,2.7,4,High
30,Female,15.9,5.6,5.5,4.8,1.97,220.0,3.1,1,1,0,1,0,0,5.0,3.0,0,Low
53,Male,17.4,8.0,1.2,6.8,2.36,93.0,3.2,3,0,0,0,0,1,5.8,1.0,6,Low
57,Female,32.4,2.1,7.3,3.4,2.14,88.0,0.4,6,0,1,1,1,0,6.7,3.1,4,High
69,Female,26.6,9.0,9.3,5.0,1.88,69.0,6.5,1,0,0,1,1,0,9.0,3.0,1,Medium
45,Female,26.0,8.2,4.7,4.2,2.17,183.0,1.5,2,1,1,0,0,0,8.7,5.6,2,Medium
15,Male,26.4,5.5,3.2,7.9,3.36,220.0,3.1,5,0,0,0,1,0,1.0,5.1,1,High
63,Male,27.1,5.8,7.1,6.5,2.75,17.0,5.6,2,0,0,0,0,0,4.3,2.3,1,Low
23,Male,25.8,7.3,9.5,8.5,2.04,93.0,2.2,4,1,0,1,0,0,3.4,2.2,1,High
21,Male,20.2,7.3,7.1,3.7,1.41,0.0,3.5,2,0,0,0,0,1,6.9,8.9,2,Medium
52,Male,28.2,5.5,1.6,5.4,1.52,0.0,0.0,0,0,0,0,1,0,3.5,6.7,0,Low
48,Male,27.5,3.9,6.9,7.8,2.86,203.0,0.0,5,0,0,0,0,1,10.0,6.8,4,High
18,Other,30.9,9.9,6.1,8.4,0.83,185.0,2.9,2,0,0,1,0,1,2.9,4.5,2,Medium
24,Female,32.4,8.0,3.1,2.0,4.02,169.0,3.4,3,1,1,0,0,0,1.3,1.8,1,Low
47,Female,26.0,6.8,8.0,6.9,2.07,325.0,5.4,2,1,0,0,0,0,5.5,5.5,4,High
29,Female,19.0,6.8,6.2,3.7,1.0,0.0,4.8,6,0,1,0,0,0,6.9,3.1,3,Low
52,Male,32.5,7.5,8.1,8.5,2.25,0.0,0.0,1,0,0,0,0,1,2.5,10.0,1,High
37,Female,19.9,7.7,2.9,11.2,1.46,26.0,5.8,2,1,1,0,0,0,8.2,2.8,3,High
47,Female,26.0,3.2,6.1,0.0,1.76,0.0,0.4,1,0,0,1,1,0,3.4,8.0,1,Low
41,Male,23.3,5.9,3.2,4.2,0.89,83.0,4.9,3,1,0,0,0,0,4.1,3.9,5,High
35,Male,22.6,5.8,5.7,6.7,1.91,214.0,2.0,2,1,0,1,0,0,5.3,4.6,1,High
33,Female,27.9,6.2,8.4,6.0,0.4,183.0,9.0,0,1,0,0,0,1,3.6,8.1,1,High
53,Female,25.6,7.7,2.1,8.6,1.62,263.0,1.7,2,1,1,1,0,0,9.9,2.0,3,High
43,Female,26.8,3.6,2.2,6.2,1.44,191.0,2.8,1,1,0,0,0,0,1.7,7.6,1,Low
47,Female,20.8,4.3,7.3,4.5,1.7,106.0,3.3,1,1,0,0,0,0,1.3,3.5,1,Low
46,Male,23.7,5.4,5.2,3.1,1.49,92.0,2.5,2,1,0,0,1,1,3.2,6.2,3,High
26,Male,21.0,6.7,7.8,2.7,2.13,198.0,0.8,3,0,0,0,0,1,2.1,6.9,0,High
65,Female,23.6,7.8,3.4,3.9,2.81,0.0,7.8,1,0,1,1,0,1,1.0,6.5,1,Low
45,Female,24.0,9.1,5.3,4.4,2.39,0.0,1.7,2,1,0,0,1,1,5.6,1.6,1,Medium
54,Female,32.8,6.0,6.7,7.1,3.14,193.0,1.6,2,0,1,1,0,0,2.0,3.5,1,Medium
63,Female,23.3,7.8,5.7,5.6,1.7,176.0,2.8,4,0,1,0,0,0,4.7,5.0,0,Low
65,Female,15.0,7.6,1.3,4.2,2.36,323.0,3.4,3,1,0,1,0,0,3.8,2.2,2,Medium
51,Male,30.8,7.4,10.0,3.2,2.39,227.0,1.5,1,0,0,1,0,0,8.4,5.5,0,High
58,Female,26.5,6.5,5.7,4.0,3.02,184.0,5.1,0,0,0,0,0,0,1.8,7.1,4,Low
40,Male,23.9,5.9,2.3,4.4,1.52,116.0,3.3,3,0,0,0,0,1,6.1,3.4,1,Low
55,Female,22.5,4.8,5.9,3.9,2.73,61.0,3.0,1,0,1,0,0,0,4.8,6.8,2,High
32,Male,20.2,4.7,6.1,7.9,1.41,119.0,4.2,3,1,0,0,0,0,3.3,4.6,1,Medium
54,Female,33.2,7.1,7.4,9.8,1.64,255.0,1.1,1,0,0,1,1,0,4.7,5.2,1,Medium
19,Female,24.7,6.4,7.2,2.7,1.81,201.0,1.7,3,0,0,0,0,1,6.0,6.2,1,High
65,Male,16.7,5.8,4.7,9.1,2.46,253.0,3.0,1,0,0,0,0,0,1.2,7.5,1,Low
28,Male,26.0,7.6,1.4,7.9,1.23,162.0,5.0,2,0,0,1,0,0,5.4,2.2,1,Low
51,Female,29.9,6.2,6.2,6.5,1.34,51.0,2.5,0,0,0,0,0,1,5.0,6.8,2,Medium
15,Female,25.2,5.0,1.6,10.3,1.58,278.0,2.3,1,0,1,0,1,0,7.0,6.8,3,High
23,Male,20.4,6.1,7.9,5.5,2.14,268.0,0.0,3,0,0,0,0,0,6.1,5.0,2,Low
69,Male,20.0,7.8,3.6,7.1,1.35,170.0,1.5,1,1,0,0,0,0,9.1,2.1,4,High
60,Male,20.4,4.9,6.6,6.3,2.31,211.0,0.0,2,0,0,0,0,0,7.8,5.9,0,Medium
27,Female,31.3,6.8,3.8,6.1,1.81,205.0,0.0,2,0,1,1,0,0,4.4,5.7,0,Medium
22,Female,24.2,6.4,4.1,7.3,2.63,98.0,3.8,1,1,1,0,0,0,8.5,4.1,1,High
59,Female,16.9,5.3,3.4,6.1,2.15,121.0,10.3,3,0,0,0,0,0,5.5,6.5,3,Low
69,Female,26.2,6.0,6.8,7.3,3.5,50.0,3.4,3,0,1,0,0,1,7.7,3.0,3,Low
24,Male,25.1,4.0,3.8,4.1,2.2,121.0,3.7,0,0,0,0,1,1,4.8,6.1,1,Medium
51,Male,22.5,6.7,6.9,4.2,1.13,263.0,1.3,0,1,0,1,0,0,6.0,4.8,1,High
30,Female,19.9,4.3,3.9,4.1,1.93,243.0,0.7,1,0,0,0,0,1,1.0,6.5,2,Low
55,Male,19.7,8.2,4.7,5.0,2.12,211.0,7.5,1,0,0,0,1,0,5.5,1.5,3,Medium
38,Male,29.4,6.4,5.3,8.8,1.37,256.0,1.2,3,0,0,0,0,0,6.5,1.0,3,Low
21,Male,25.6,5.6,5.5,4.7,3.31,110.0,0.0,6,0,0,0,0,0,6.5,1.5,1,Low
32,Female,26.7,8.4,3.2,7.8,1.85,21.0,3.5,1,0,1,1,0,0,1.0,4.8,2,Low
44,Female,25.6,4.8,6.7,6.7,1.58,133.0,2.1,2,0,0,0,1,0,4.1,9.4,1,Medium
58,Female,26.0,5.3,4.6,4.8,2.25,141.0,4.3,3,1,0,0,0,1,3.0,5.5,4,Medium
16,Female,22.4,3.6,6.4,9.7,1.38,224.0,6.4,3,1,0,0,0,0,4.9,8.2,1,High
67,Female,23.6,8.6,5.2,8.1,2.87,206.0,3.8,2,0,1,1,0,0,1.0,6.5,2,Medium
50,Female,29.7,9.5,6.5,6.0,2.71,261.0,3.5,2,1,0,1,0,0,3.2,1.0,0,Low
63,Female,30.9,3.8,4.3,5.8,2.2,0.0,4.5,0,0,1,1,0,0,5.2,4.9,0,Low
66,Female,19.0,5.2,3.5,6.3,2.57,62.0,9.0,0,0,0,1,0,1,3.8,3.1,3,Low
23,Male,23.6,6.6,6.1,1.7,1.7,140.0,8.0,2,0,0,0,0,0,9.2,2.4,1,Low
20,Male,28.3,5.7,4.1,3.7,0.9,203.0,2.3,4,0,0,1,0,1,4.1,4.7,1,Low
57,Female,33.0,6.4,8.4,7.3,1.84,380.0,5.1,2,0,0,0,0,0,4.8,5.5,1,Low
25,Male,32.5,6.3,5.3,1.6,1.7,42.0,6.9,2,1,0,0,0,0,1.0,1.0,2,Low
23,Female,20.9,7.2,2.2,3.9,0.47,72.0,4.5,2,0,1,1,0,0,2.5,2.6,1,Low
40,Female,30.2,5.0,3.9,4.9,1.25,103.0,2.9,3,0,1,1,1,1,7.1,3.2,1,High
65,Male,24.8,6.8,3.0,14.1,1.12,68.0,1.9,3,0,0,1,0,0,3.5,4.3,2,Medium
58,Female,29.2,4.7,7.6,7.9,1.26,52.0,3.2,1,1,0,1,0,0,4.7,6.4,2,High
43,Female,28.0,5.8,6.9,9.1,3.17,155.0,0.5,0,0,1,0,1,0,3.6,2.9,0,Medium
25,Female,18.8,3.7,5.1,3.7,2.51,258.0,5.0,1,0,1,0,0,0,6.7,5.8,1,Low
33,Female,27.0,5.9,5.8,7.0,2.87,163.0,6.1,1,0,0,1,0,0,2.0,9.5,1,Medium
52,Male,29.0,5.6,5.0,1.1,2.51,55.0,2.1,0,0,0,0,0,0,3.5,4.7,0,Low
23,Female,24.4,8.0,7.1,5.1,2.97,128.0,2.0,1,0,0,1,0,1,6.1,5.5,2,Medium
43,Female,23.4,6.4,6.3,7.4,2.12,36.0,0.7,3,0,0,0,0,1,4.2,4.0,4,Medium
15,Female,17.4,6.7,6.7,2.0,3.31,258.0,4.0,2,1,1,0,1,0,1.0,2.8,0,Low
32,Female,27.6,6.5,4.8,7.1,1.11,312.0,3.0,1,1,1,0,0,1,4.8,3.3,2,Medium
28,Female,25.4,3.1,3.8,7.3,2.05,0.0,0.0,0,0,1,0,0,0,1.0,6.4,3,Medium
52,Male,20.4,3.3,6.7,4.3,1.28,175.0,9.4,4,0,0,0,0,0,4.8,2.0,2,Low
65,Male,23.0,6.0,8.6,3.7,3.09,64.0,0.0,1,0,0,1,0,0,7.1,3.0,2,Medium
23,Female,25.2,6.9,7.6,4.0,2.44,157.0,0.0,3,0,1,0,0,0,3.5,3.1,4,Low
58,Male,22.0,6.1,8.7,5.0,3.05,141.0,5.1,4,0,0,0,0,0,7.5,5.7,2,Medium
51,Female,24.5,5.1,5.6,5.1,0.98,2.0,4.4,1,0,0,0,1,1,6.6,3.8,1,Medium
68,Female,16.6,6.1,3.1,7.4,1.62,283.0,1.4,6,0,1,0,0,0,7.0,3.7,3,High
65,Female,30.6,6.0,3.3,4.5,0.67,133.0,1.3,1,0,0,1,0,0,1.0,3.8,3,Low
20,Female,24.6,7.7,8.2,10.5,2.39,98.0,4.0,4,0,0,0,1,0,4.2,5.1,2,Medium
55,Male,19.6,7.7,1.1,10.5,1.76,163.0,3.8,2,0,0,0,0,0,6.5,7.7,1,Low
47,Male,15.0,5.6,8.5,6.7,2.7,54.0,1.5,1,0,0,0,0,0,3.6,8.0,4,Medium
21,Female,29.1,6.4,3.5,5.0,2.13,130.0,5.2,1,0,0,0,0,0,1.0,1.8,1,Low
29,Female,27.0,6.9,9.4,4.5,0.4,0.0,4.3,4,0,0,1,1,0,7.4,4.9,3,High
65,Male,25.4,7.2,5.0,6.9,0.77,0.0,5.9,2,1,0,1,0,0,7.2,6.5,2,Medium
44,Female,28.4,9.1,6.8,7.4,2.17,43.0,2.9,0,1,1,0,0,0,8.3,9.1,0,Medium
33,Female,28.4,6.5,10.0,5.4,2.47,91.0,4.8,3,0,0,0,0,1,1.0,1.9,4,Medium
32,Male,25.4,8.4,4.5,4.9,0.33,0.0,2.5,3,0,0,1,1,0,4.4,5.1,1,Low
61,Male,23.4,4.6,4.4,7.0,2.03,95.0,4.2,0,1,0,1,0,0,3.8,6.9,1,Medium
30,Male,22.6,5.5,3.7,6.2,1.29,91.0,3.8,0,0,0,1,0,0,2.4,3.2,0,Low
23,Female,26.4,3.1,3.0,4.4,1.21,143.0,4.9,0,0,1,0,0,1,5.3,3.4,5,High
46,Female,30.8,6.7,4.5,6.3,1.58,218.0,4.1,1,0,0,0,0,0,5.7,3.5,3,Low
69,Female,24.0,7.5,4.0,4.3,2.2,338.0,0.0,0,0,0,1,0,0,4.2,5.5,5,Medium
25,Male,31.1,2.4,2.4,3.9,1.53,197.0,1.6,2,0,0,0,0,0,9.0,3.9,4,High
29,Female,26.2,6.8,4.7,6.0,0.51,42.0,3.2,2,0,0,0,1,1,1.0,5.7,2,Low
40,Female,26.2,7.5,6.2,4.4,2.19,223.0,4.0,1,0,0,1,0,0,6.0,3.2,2,Low
25,Female,35.3,7.4,3.2,3.9,1.82,304.0,4.8,2,1,1,0,0,0,1.6,7.5,1,Low
50,Male,31.9,4.6,4.8,8.9,1.35,27.0,4.2,1,1,0,1,0,0,5.2,5.8,2,Medium
28,Male,32.1,7.7,8.3,4.9,1.85,33.0,1.4,0,1,0,0,0,0,6.0,1.0,2,High
22,Male,20.9,6.5,2.1,11.2,1.82,0.0,5.0,2,0,0,1,1,0,8.2,6.1,2,Medium
29,Female,34.4,7.4,9.4,7.8,2.14,88.0,1.2,1,0,0,0,1,1,4.2,1.0,0,Medium
66,Male,24.1,6.3,3.7,3.7,1.9,191.0,5.8,3,0,0,0,0,1,5.3,3.2,2,Medium
66,Female,23.5,7.1,5.6,9.2,2.23,313.0,5.9,1,1,1,1,0,1,1.0,4.4,2,High
42,Female,15.0,8.3,8.0,4.0,2.06,248.0,3.0,0,1,0,1,0,0,7.8,3.4,5,High
37,Female,26.0,6.2,8.7,11.5,2.76,192.0,1.6,0,1,1,1,1,0,6.4,6.3,0,High
60,Female,19.6,7.0,6.2,6.6,3.37,155.0,1.5,1,1,1,0,0,0,5.3,9.4,2,Low
25,Female,26.3,8.5,3.7,7.5,2.09,193.0,0.6,1,0,0,0,1,0,5.3,1.0,2,Low
50,Male,19.3,6.3,3.5,6.1,1.6,200.0,1.0,1,0,0,0,0,1,3.3,3.2,3,Low
52,Female,32.6,4.7,3.9,6.7,0.95,293.0,2.6,0,0,0,1,0,0,3.8,5.0,4,High
54,Female,27.0,7.6,9.4,5.4,2.62,148.0,1.8,2,0,0,1,0,0,3.1,4.2,2,Medium
26,Male,34.8,8.8,4.4,3.4,1.38,179.0,0.0,3,0,0,1,0,0,2.7,1.0,4,Low
54,Male,19.9,8.6,5.9,7.0,3.98,105.0,1.9,2,0,0,1,0,0,5.4,7.6,1,Low
48,Female,31.5,7.6,2.9,8.9,4.32,162.0,3.2,3,1,1,1,0,1,8.5,4.9,2,High
63,Male,16.4,2.7,2.7,2.7,1.93,122.0,2.3,3,0,0,0,0,0,3.8,6.4,4,High
24,Female,25.4,5.5,5.3,10.3,0.77,19.0,1.0,3,0,1,0,0,0,5.3,6.0,2,Medium
48,Female,21.7,5.6,4.5,7.7,2.62,246.0,0.0,7,0,0,1,0,1,4.5,3.9,2,Low
60,Male,22.5,6.6,4.6,4.8,3.78,314.0,5.5,2,1,0,1,0,1,4.5,1.5,3,Medium
30,Male,22.2,9.2,1.9,4.7,1.05,146.0,2.9,5,1,0,0,0,0,4.2,4.8,2,Medium
55,Female,20.4,4.8,5.0,11.2,3.62,187.0,3.7,1,1,1,0,0,0,8.9,1.4,4,Low
20,Female,18.8,10.1,8.6,8.6,0.62,245.0,3.4,2,0,1,0,0,0,4.7,7.2,5,High
54,Female,22.5,5.9,3.3,9.2,0.94,134.0,4.1,0,0,1,0,0,0,7.2,7.4,1,Medium
48,Female,25.0,5.3,7.2,5.3,2.35,171.0,3.5,4,0,0,0,0,0,4.9,5.6,3,Medium
25,Male,29.7,7.9,1.0,7.6,2.91,126.0,3.2,3,0,0,1,0,0,9.3,4.2,4,Low
18,Female,25.8,8.0,3.4,7.0,2.05,90.0,4.7,1,1,0,0,0,0,8.2,7.1,4,Medium
56,Male,29.7,7.5,1.0,5.5,2.46,207.0,5.2,1,1,0,1,1,0,7.0,7.6,0,Low
28,Female,17.8,5.3,7.9,6.3,2.98,206.0,6.0,1,0,0,0,0,0,6.8,6.0,1,Low
42,Male,22.6,7.3,7.1,9.1,3.08,251.0,1.2,4,1,0,1,0,1,6.6,7.8,5,High
18,Female,27.7,4.8,2.9,10.5,1.6,150.0,3.5,2,0,1,0,0,0,3.8,7.9,1,High
67,Female,26.0,5.2,5.8,5.3,1.41,18.0,0.0,5,0,0,1,0,0,5.6,8.3,1,High
45,Female,20.6,6.3,7.8,2.3,2.94,272.0,1.9,3,0,0,0,0,1,10.0,7.8,0,Medium
66,Female,28.7,5.2,8.2,10.6,2.46,69.0,2.6,5,1,0,0,0,1,6.1,1.0,3,High
23,Male,22.1,8.2,4.3,10.6,2.57,67.0,4.6,5,1,0,0,0,0,3.5,5.8,1,Low
26,Male,21.0,5.6,1.0,7.1,1.57,91.0,2.7,2,1,0,0,0,0,1.3,5.0,4,Medium
48,Male,26.7,6.1,3.2,11.0,2.61,0.0,4.5,4,0,0,0,0,1,3.8,6.6,1,Low
48,Female,24.5,5.1,6.9,6.9,1.22,126.0,2.2,3,1,0,0,0,1,2.1,1.0,2,Medium
58,Male,22.1,8.2,9.8,3.5,2.3,218.0,1.7,1,0,0,1,0,0,5.9,1.8,1,Medium
66,Male,22.0,5.4,5.1,2.3,2.19,102.0,1.2,3,0,0,1,0,1,1.6,9.0,0,Low
60,Male,19.7,8.3,3.9,2.3,2.19,297.0,4.5,2,1,0,0,0,1,1.2,6.2,2,Low
22,Male,22.7,8.2,10.0,6.0,2.72,290.0,2.2,3,0,0,0,0,0,5.5,5.4,3,Medium
32,Male,29.5,5.8,6.1,4.7,1.28,248.0,0.0,3,1,0,0,1,0,1.2,3.3,3,Medium
65,Female,25.6,6.5,2.5,4.4,2.64,0.0,4.4,0,0,0,1,0,0,5.5,2.2,1,Low
45,Other,28.8,5.7,4.9,5.7,2.12,308.0,1.0,2,1,0,1,0,0,9.0,2.9,3,Medium
62,Female,26.8,7.4,7.4,8.4,1.47,124.0,3.4,1,1,1,1,0,0,6.0,2.9,1,High
45,Female,21.7,6.2,5.0,4.5,1.04,335.0,0.5,2,1,0,0,0,0,6.8,6.3,4,Medium
17,Male,17.1,5.8,6.9,4.0,3.61,84.0,3.0,5,0,0,1,0,1,6.5,5.4,1,Low
41,Female,20.3,6.6,1.7,4.7,2.04,135.0,0.0,1,0,0,0,0,0,1.0,2.5,2,Low
60,Female,21.5,4.0,2.0,8.6,1.82,160.0,2.9,2,1,1,0,0,1,1.0,6.8,1,Low
51,Female,21.1,6.4,3.6,5.8,1.19,47.0,1.1,2,1,0,1,0,0,6.1,1.0,5,Medium
22,Female,28.9,7.5,4.6,6.8,2.97,0.0,0.2,1,0,0,0,0,0,6.7,1.0,0,Low
26,Male,28.9,6.7,5.9,10.3,2.91,0.0,4.7,2,0,0,1,0,0,6.2,6.4,2,Medium
61,Male,34.5,8.0,6.6,14.0,2.75,475.0,2.7,2,0,0,1,0,0,5.7,8.7,4,High
68,Female,21.1,5.9,10.0,7.8,2.05,0.0,2.5,2,1,0,0,0,0,3.3,1.0,3,High
56,Other,31.7,5.8,3.6,7.5,2.7,0.0,1.4,2,0,0,0,0,1,6.0,3.4,2,Low
20,Male,31.7,4.7,4.5,2.7,1.44,213.0,5.0,3,0,0,0,0,0,7.2,8.9,1,High
